-10,-13,GBbOpoaGxCQNyVqQOuY0q2y1c7E=,JmfnC2W59/jne97qtYvDEjtw6Y8=
-11,-12,GBbOpoaGxCQNyVqQOuY0q2y1c7E=,67TucyOmEUJhlrz5lo1q3yFKhew=
-11,-13,GBbOpoaGxCQNyVqQOuY0q2y1c7E=,WFs79F+A0yiel3xs8GqIsAB9F5c=
-10,-12,GBbOpoaGxCQNyVqQOuY0q2y1c7E=,7zfHPc12sUMB/QmnLRZJ/IeK2RE=
-10,-14,GBbOpoaGxCQNyVqQOuY0q2y1c7E=,JmfnC2W59/jne97qtYvDEjtw6Y8=
-11,-14,GBbOpoaGxCQNyVqQOuY0q2y1c7E=,WFs79F+A0yiel3xs8GqIsAB9F5c=
-11,-15,GBbOpoaGxCQNyVqQOuY0q2y1c7E=,BPjXiKf88OpNXM2flyKssMonOGQ=
-10,-15,GBbOpoaGxCQNyVqQOuY0q2y1c7E=,Tv4SgPzu+rEI+a9znaI0e6b855k=
-10,-11,R24ubFp9xnCXVT5A1hb+0gBAg2U=,7zfHPc12sUMB/QmnLRZJ/IeK2RE=
-11,-11,R24ubFp9xnCXVT5A1hb+0gBAg2U=,67TucyOmEUJhlrz5lo1q3yFKhew=
-11,-10,R24ubFp9xnCXVT5A1hb+0gBAg2U=,bwp/rh7CQ/8McSoxt9wC2NztSQA=
-10,-10,R24ubFp9xnCXVT5A1hb+0gBAg2U=,RFSJCfYozVHhM3K4tRLX4LhcNvA=
-10,-9,R24ubFp9xnCXVT5A1hb+0gBAg2U=,RFSJCfYozVHhM3K4tRLX4LhcNvA=
-11,-9,R24ubFp9xnCXVT5A1hb+0gBAg2U=,bwp/rh7CQ/8McSoxt9wC2NztSQA=
-11,-8,R24ubFp9xnCXVT5A1hb+0gBAg2U=,PweGhb4CfhKNdbQoN9wLGIeqfz8=
-10,-8,R24ubFp9xnCXVT5A1hb+0gBAg2U=,DcSL29Evgs8U4QXSkCEgKyQPIIk=
-11,-7,R24ubFp9xnCXVT5A1hb+0gBAg2U=,PweGhb4CfhKNdbQoN9wLGIeqfz8=
-10,-6,R24ubFp9xnCXVT5A1hb+0gBAg2U=,O6VHdEG2h+TbJc5uUXgHTM3/TMs=
-10,-7,R24ubFp9xnCXVT5A1hb+0gBAg2U=,DcSL29Evgs8U4QXSkCEgKyQPIIk=
-11,-6,R24ubFp9xnCXVT5A1hb+0gBAg2U=,2+Ai+Zwn/stzgL0Fu8tVJFfialc=
-11,-5,R24ubFp9xnCXVT5A1hb+0gBAg2U=,2+Ai+Zwn/stzgL0Fu8tVJFfialc=
-10,-5,R24ubFp9xnCXVT5A1hb+0gBAg2U=,O6VHdEG2h+TbJc5uUXgHTM3/TMs=
-10,-4,R24ubFp9xnCXVT5A1hb+0gBAg2U=,gUQ/ZED/N3B5ZYEsCkJWc+ilHY0=
-11,-4,R24ubFp9xnCXVT5A1hb+0gBAg2U=,wcEJ7S4qkfcxwHuIwx8E6CbPmd4=
-10,-2,R24ubFp9xnCXVT5A1hb+0gBAg2U=,g4tWVI/1+RWrjoThWQnXvincbo4=
-10,-3,R24ubFp9xnCXVT5A1hb+0gBAg2U=,gUQ/ZED/N3B5ZYEsCkJWc+ilHY0=
-11,-2,R24ubFp9xnCXVT5A1hb+0gBAg2U=,heUgbIgg3FCczWvKVXYUu6CI+I4=
-11,-3,R24ubFp9xnCXVT5A1hb+0gBAg2U=,wcEJ7S4qkfcxwHuIwx8E6CbPmd4=
-12,-2,R24ubFp9xnCXVT5A1hb+0gBAg2U=,heUgbIgg3FCczWvKVXYUu6CI+I4=
-13,-2,R24ubFp9xnCXVT5A1hb+0gBAg2U=,mIiFPuhEXGj3IEyOIQC7+38GbJo=
-13,-3,R24ubFp9xnCXVT5A1hb+0gBAg2U=,jr5sxS5mA95Uk1BaiXS+UloPn6k=
-12,-3,R24ubFp9xnCXVT5A1hb+0gBAg2U=,wcEJ7S4qkfcxwHuIwx8E6CbPmd4=
-14,-2,R24ubFp9xnCXVT5A1hb+0gBAg2U=,mIiFPuhEXGj3IEyOIQC7+38GbJo=
-14,-3,R24ubFp9xnCXVT5A1hb+0gBAg2U=,jr5sxS5mA95Uk1BaiXS+UloPn6k=
-15,-2,R24ubFp9xnCXVT5A1hb+0gBAg2U=,gvpuOA8LMKZprfrS74BoNJF4JGI=
-15,-3,R24ubFp9xnCXVT5A1hb+0gBAg2U=,qxgRaGqRYCKG4Zrc4+H7oMsOutI=
-12,-4,R24ubFp9xnCXVT5A1hb+0gBAg2U=,wcEJ7S4qkfcxwHuIwx8E6CbPmd4=
-14,-4,R24ubFp9xnCXVT5A1hb+0gBAg2U=,jr5sxS5mA95Uk1BaiXS+UloPn6k=
-13,-4,R24ubFp9xnCXVT5A1hb+0gBAg2U=,jr5sxS5mA95Uk1BaiXS+UloPn6k=
-12,-5,R24ubFp9xnCXVT5A1hb+0gBAg2U=,2+Ai+Zwn/stzgL0Fu8tVJFfialc=
-14,-5,R24ubFp9xnCXVT5A1hb+0gBAg2U=,+Qiy1nCnI7RIFAP3iqvOyCSBVnE=
-13,-5,R24ubFp9xnCXVT5A1hb+0gBAg2U=,+Qiy1nCnI7RIFAP3iqvOyCSBVnE=
-15,-4,R24ubFp9xnCXVT5A1hb+0gBAg2U=,qxgRaGqRYCKG4Zrc4+H7oMsOutI=
-15,-5,R24ubFp9xnCXVT5A1hb+0gBAg2U=,JvwWVn+qADrK4aOMzlZa/MPxQOw=
-12,-6,R24ubFp9xnCXVT5A1hb+0gBAg2U=,2+Ai+Zwn/stzgL0Fu8tVJFfialc=
-13,-6,R24ubFp9xnCXVT5A1hb+0gBAg2U=,+Qiy1nCnI7RIFAP3iqvOyCSBVnE=
-13,-7,R24ubFp9xnCXVT5A1hb+0gBAg2U=,xHJTYqTIVtyXi88Ezo0awAO4Ozc=
-12,-7,R24ubFp9xnCXVT5A1hb+0gBAg2U=,PweGhb4CfhKNdbQoN9wLGIeqfz8=
-14,-6,R24ubFp9xnCXVT5A1hb+0gBAg2U=,+Qiy1nCnI7RIFAP3iqvOyCSBVnE=
-14,-7,R24ubFp9xnCXVT5A1hb+0gBAg2U=,xHJTYqTIVtyXi88Ezo0awAO4Ozc=
-15,-6,R24ubFp9xnCXVT5A1hb+0gBAg2U=,JvwWVn+qADrK4aOMzlZa/MPxQOw=
-15,-7,R24ubFp9xnCXVT5A1hb+0gBAg2U=,hjQqQURZhQTr4xQGlRJvZhW3+ZY=
-12,-8,R24ubFp9xnCXVT5A1hb+0gBAg2U=,PweGhb4CfhKNdbQoN9wLGIeqfz8=
-13,-8,R24ubFp9xnCXVT5A1hb+0gBAg2U=,xHJTYqTIVtyXi88Ezo0awAO4Ozc=
-13,-9,R24ubFp9xnCXVT5A1hb+0gBAg2U=,tvoWdcnVwtyQ/tDuUn+IowPIs2k=
-12,-9,R24ubFp9xnCXVT5A1hb+0gBAg2U=,bwp/rh7CQ/8McSoxt9wC2NztSQA=
-14,-8,R24ubFp9xnCXVT5A1hb+0gBAg2U=,xHJTYqTIVtyXi88Ezo0awAO4Ozc=
-15,-8,R24ubFp9xnCXVT5A1hb+0gBAg2U=,hjQqQURZhQTr4xQGlRJvZhW3+ZY=
-14,-9,R24ubFp9xnCXVT5A1hb+0gBAg2U=,tvoWdcnVwtyQ/tDuUn+IowPIs2k=
-15,-9,R24ubFp9xnCXVT5A1hb+0gBAg2U=,IbGf58VnV9uAxyBddIEjeCH3bDE=
-12,-11,R24ubFp9xnCXVT5A1hb+0gBAg2U=,67TucyOmEUJhlrz5lo1q3yFKhew=
-13,-10,R24ubFp9xnCXVT5A1hb+0gBAg2U=,tvoWdcnVwtyQ/tDuUn+IowPIs2k=
-12,-10,R24ubFp9xnCXVT5A1hb+0gBAg2U=,bwp/rh7CQ/8McSoxt9wC2NztSQA=
-13,-11,R24ubFp9xnCXVT5A1hb+0gBAg2U=,RHdmbxv3MmceDrX1/RNS6+yJ6WQ=
-14,-10,R24ubFp9xnCXVT5A1hb+0gBAg2U=,tvoWdcnVwtyQ/tDuUn+IowPIs2k=
-15,-10,R24ubFp9xnCXVT5A1hb+0gBAg2U=,IbGf58VnV9uAxyBddIEjeCH3bDE=
-14,-11,R24ubFp9xnCXVT5A1hb+0gBAg2U=,RHdmbxv3MmceDrX1/RNS6+yJ6WQ=
-15,-11,R24ubFp9xnCXVT5A1hb+0gBAg2U=,573tZZFNwCHGneWRM0kbkMzMuPQ=
-12,-12,R24ubFp9xnCXVT5A1hb+0gBAg2U=,67TucyOmEUJhlrz5lo1q3yFKhew=
-13,-12,R24ubFp9xnCXVT5A1hb+0gBAg2U=,RHdmbxv3MmceDrX1/RNS6+yJ6WQ=
-12,-13,R24ubFp9xnCXVT5A1hb+0gBAg2U=,WFs79F+A0yiel3xs8GqIsAB9F5c=
-13,-13,R24ubFp9xnCXVT5A1hb+0gBAg2U=,sByumGf3p6NJzoUTolm7PfYJuq0=
-16,-10,R24ubFp9xnCXVT5A1hb+0gBAg2U=,IbGf58VnV9uAxyBddIEjeCH3bDE=
-16,-11,R24ubFp9xnCXVT5A1hb+0gBAg2U=,573tZZFNwCHGneWRM0kbkMzMuPQ=
-12,-14,R24ubFp9xnCXVT5A1hb+0gBAg2U=,WFs79F+A0yiel3xs8GqIsAB9F5c=
-16,-8,R24ubFp9xnCXVT5A1hb+0gBAg2U=,hjQqQURZhQTr4xQGlRJvZhW3+ZY=
-16,-9,R24ubFp9xnCXVT5A1hb+0gBAg2U=,IbGf58VnV9uAxyBddIEjeCH3bDE=
-15,-12,R24ubFp9xnCXVT5A1hb+0gBAg2U=,573tZZFNwCHGneWRM0kbkMzMuPQ=
-16,-12,R24ubFp9xnCXVT5A1hb+0gBAg2U=,573tZZFNwCHGneWRM0kbkMzMuPQ=
-14,-12,R24ubFp9xnCXVT5A1hb+0gBAg2U=,RHdmbxv3MmceDrX1/RNS6+yJ6WQ=
-16,-6,R24ubFp9xnCXVT5A1hb+0gBAg2U=,JvwWVn+qADrK4aOMzlZa/MPxQOw=
-16,-7,R24ubFp9xnCXVT5A1hb+0gBAg2U=,hjQqQURZhQTr4xQGlRJvZhW3+ZY=
-16,-4,R24ubFp9xnCXVT5A1hb+0gBAg2U=,qxgRaGqRYCKG4Zrc4+H7oMsOutI=
-15,-13,R24ubFp9xnCXVT5A1hb+0gBAg2U=,sHjK0vpQ9OC+JiyROvLSmepUo/M=
-16,-13,R24ubFp9xnCXVT5A1hb+0gBAg2U=,sHjK0vpQ9OC+JiyROvLSmepUo/M=
-16,-5,R24ubFp9xnCXVT5A1hb+0gBAg2U=,JvwWVn+qADrK4aOMzlZa/MPxQOw=
-12,-15,R24ubFp9xnCXVT5A1hb+0gBAg2U=,BPjXiKf88OpNXM2flyKssMonOGQ=
-13,-15,R24ubFp9xnCXVT5A1hb+0gBAg2U=,nglZd4cN+hcOlY0hZkSooWowHnc=
-14,-13,R24ubFp9xnCXVT5A1hb+0gBAg2U=,sByumGf3p6NJzoUTolm7PfYJuq0=
-13,-14,R24ubFp9xnCXVT5A1hb+0gBAg2U=,sByumGf3p6NJzoUTolm7PfYJuq0=
-16,-3,R24ubFp9xnCXVT5A1hb+0gBAg2U=,qxgRaGqRYCKG4Zrc4+H7oMsOutI=
-12,-1,R24ubFp9xnCXVT5A1hb+0gBAg2U=,heUgbIgg3FCczWvKVXYUu6CI+I4=
-14,-15,R24ubFp9xnCXVT5A1hb+0gBAg2U=,nglZd4cN+hcOlY0hZkSooWowHnc=
-16,-2,R24ubFp9xnCXVT5A1hb+0gBAg2U=,gvpuOA8LMKZprfrS74BoNJF4JGI=
-13,-1,R24ubFp9xnCXVT5A1hb+0gBAg2U=,mIiFPuhEXGj3IEyOIQC7+38GbJo=
-14,-14,R24ubFp9xnCXVT5A1hb+0gBAg2U=,sByumGf3p6NJzoUTolm7PfYJuq0=
-15,-1,R24ubFp9xnCXVT5A1hb+0gBAg2U=,gvpuOA8LMKZprfrS74BoNJF4JGI=
-14,-16,R24ubFp9xnCXVT5A1hb+0gBAg2U=,nglZd4cN+hcOlY0hZkSooWowHnc=
-16,-15,R24ubFp9xnCXVT5A1hb+0gBAg2U=,WpddmYOGjFyRKakZvW36RtiXBmw=
-15,-14,R24ubFp9xnCXVT5A1hb+0gBAg2U=,sHjK0vpQ9OC+JiyROvLSmepUo/M=
-16,-14,R24ubFp9xnCXVT5A1hb+0gBAg2U=,sHjK0vpQ9OC+JiyROvLSmepUo/M=
-14,-1,R24ubFp9xnCXVT5A1hb+0gBAg2U=,mIiFPuhEXGj3IEyOIQC7+38GbJo=
-15,-16,R24ubFp9xnCXVT5A1hb+0gBAg2U=,WpddmYOGjFyRKakZvW36RtiXBmw=
-15,-15,R24ubFp9xnCXVT5A1hb+0gBAg2U=,WpddmYOGjFyRKakZvW36RtiXBmw=
-10,-1,R24ubFp9xnCXVT5A1hb+0gBAg2U=,g4tWVI/1+RWrjoThWQnXvincbo4=
-11,-1,R24ubFp9xnCXVT5A1hb+0gBAg2U=,heUgbIgg3FCczWvKVXYUu6CI+I4=
-9,-2,R24ubFp9xnCXVT5A1hb+0gBAg2U=,g4tWVI/1+RWrjoThWQnXvincbo4=
-9,-3,R24ubFp9xnCXVT5A1hb+0gBAg2U=,gUQ/ZED/N3B5ZYEsCkJWc+ilHY0=
-9,-4,R24ubFp9xnCXVT5A1hb+0gBAg2U=,gUQ/ZED/N3B5ZYEsCkJWc+ilHY0=
-9,-5,R24ubFp9xnCXVT5A1hb+0gBAg2U=,O6VHdEG2h+TbJc5uUXgHTM3/TMs=
-8,-2,R24ubFp9xnCXVT5A1hb+0gBAg2U=,mSEVdeTl2gfBvitGlUc9cFYboVk=
-8,-5,R24ubFp9xnCXVT5A1hb+0gBAg2U=,uFSQujh019t3DPpTX6eR6+daJi8=
-8,-4,R24ubFp9xnCXVT5A1hb+0gBAg2U=,tDjQ6q43woLubOwxErtw8yrn+OY=
-8,-3,R24ubFp9xnCXVT5A1hb+0gBAg2U=,tDjQ6q43woLubOwxErtw8yrn+OY=
-9,-6,R24ubFp9xnCXVT5A1hb+0gBAg2U=,O6VHdEG2h+TbJc5uUXgHTM3/TMs=
-8,-7,R24ubFp9xnCXVT5A1hb+0gBAg2U=,YPVPLw2t/TBNmCSLPTSkF4Np81w=
-8,-6,R24ubFp9xnCXVT5A1hb+0gBAg2U=,uFSQujh019t3DPpTX6eR6+daJi8=
-9,-7,R24ubFp9xnCXVT5A1hb+0gBAg2U=,DcSL29Evgs8U4QXSkCEgKyQPIIk=
-6,-4,R24ubFp9xnCXVT5A1hb+0gBAg2U=,DLQcxNjnnZdz0rmiCDQPstPEKJg=
-6,-5,R24ubFp9xnCXVT5A1hb+0gBAg2U=,lEyf9cw071R27taQ8yUD5MUnVhk=
-6,-6,R24ubFp9xnCXVT5A1hb+0gBAg2U=,lEyf9cw071R27taQ8yUD5MUnVhk=
-6,-7,R24ubFp9xnCXVT5A1hb+0gBAg2U=,4GqScM44XA9c6pvCIg5Q19lpxwo=
-7,-4,R24ubFp9xnCXVT5A1hb+0gBAg2U=,tDjQ6q43woLubOwxErtw8yrn+OY=
-7,-6,R24ubFp9xnCXVT5A1hb+0gBAg2U=,uFSQujh019t3DPpTX6eR6+daJi8=
-7,-7,R24ubFp9xnCXVT5A1hb+0gBAg2U=,YPVPLw2t/TBNmCSLPTSkF4Np81w=
-7,-5,R24ubFp9xnCXVT5A1hb+0gBAg2U=,uFSQujh019t3DPpTX6eR6+daJi8=
-6,-2,R24ubFp9xnCXVT5A1hb+0gBAg2U=,aKqfE29aCHYYdEhBwD32bwWzwqc=
-7,-2,R24ubFp9xnCXVT5A1hb+0gBAg2U=,mSEVdeTl2gfBvitGlUc9cFYboVk=
-6,-3,R24ubFp9xnCXVT5A1hb+0gBAg2U=,DLQcxNjnnZdz0rmiCDQPstPEKJg=
-7,-3,R24ubFp9xnCXVT5A1hb+0gBAg2U=,tDjQ6q43woLubOwxErtw8yrn+OY=
-5,-5,kDNYfG7qT4e9wmip38egDNyD9BA=,lEyf9cw071R27taQ8yUD5MUnVhk=
-5,-2,kDNYfG7qT4e9wmip38egDNyD9BA=,aKqfE29aCHYYdEhBwD32bwWzwqc=
-4,-2,kDNYfG7qT4e9wmip38egDNyD9BA=,XhkH45S1Il2RDuD7yleIoBSvthQ=
-4,-4,kDNYfG7qT4e9wmip38egDNyD9BA=,TCLfcVOYRFUXTaOJAq2Ewqm0RnM=
-5,-4,kDNYfG7qT4e9wmip38egDNyD9BA=,DLQcxNjnnZdz0rmiCDQPstPEKJg=
-5,-3,kDNYfG7qT4e9wmip38egDNyD9BA=,DLQcxNjnnZdz0rmiCDQPstPEKJg=
-4,-3,kDNYfG7qT4e9wmip38egDNyD9BA=,TCLfcVOYRFUXTaOJAq2Ewqm0RnM=
-4,-5,kDNYfG7qT4e9wmip38egDNyD9BA=,twiuv2N8cmQRVmwMDsRuqM5923g=
-2,-5,kDNYfG7qT4e9wmip38egDNyD9BA=,tLCplOqVQF/ObNTzEykMqk2L5J8=
-3,-5,kDNYfG7qT4e9wmip38egDNyD9BA=,twiuv2N8cmQRVmwMDsRuqM5923g=
-3,-4,kDNYfG7qT4e9wmip38egDNyD9BA=,TCLfcVOYRFUXTaOJAq2Ewqm0RnM=
-3,-2,kDNYfG7qT4e9wmip38egDNyD9BA=,XhkH45S1Il2RDuD7yleIoBSvthQ=
-2,-3,kDNYfG7qT4e9wmip38egDNyD9BA=,nr4TemzMWSuz/XbulzwxIrK6lk8=
-2,-4,kDNYfG7qT4e9wmip38egDNyD9BA=,nr4TemzMWSuz/XbulzwxIrK6lk8=
-2,-2,kDNYfG7qT4e9wmip38egDNyD9BA=,u1JbX+9VHKmnZEqQGoyFgZXQc3w=
-3,-3,kDNYfG7qT4e9wmip38egDNyD9BA=,TCLfcVOYRFUXTaOJAq2Ewqm0RnM=
-4,-7,kDNYfG7qT4e9wmip38egDNyD9BA=,R4lxdvTNFxpMQf2gfbd2La/76pA=
-2,-6,kDNYfG7qT4e9wmip38egDNyD9BA=,tLCplOqVQF/ObNTzEykMqk2L5J8=
-3,-7,kDNYfG7qT4e9wmip38egDNyD9BA=,R4lxdvTNFxpMQf2gfbd2La/76pA=
-4,-6,kDNYfG7qT4e9wmip38egDNyD9BA=,twiuv2N8cmQRVmwMDsRuqM5923g=
-3,-6,kDNYfG7qT4e9wmip38egDNyD9BA=,twiuv2N8cmQRVmwMDsRuqM5923g=
-5,-6,kDNYfG7qT4e9wmip38egDNyD9BA=,lEyf9cw071R27taQ8yUD5MUnVhk=
-5,-7,kDNYfG7qT4e9wmip38egDNyD9BA=,4GqScM44XA9c6pvCIg5Q19lpxwo=
-2,-7,kDNYfG7qT4e9wmip38egDNyD9BA=,zXZXW/mlLX9pDriU0d3sep2S8FI=
-3,-8,kDNYfG7qT4e9wmip38egDNyD9BA=,R4lxdvTNFxpMQf2gfbd2La/76pA=
-2,-8,kDNYfG7qT4e9wmip38egDNyD9BA=,zXZXW/mlLX9pDriU0d3sep2S8FI=
-3,-9,kDNYfG7qT4e9wmip38egDNyD9BA=,nM9wMfFjwQpkZzEkJB60iW3baE8=
-2,-9,kDNYfG7qT4e9wmip38egDNyD9BA=,7OpfSFu4mILfKN4jYOG0zbZuZkU=
-3,-10,kDNYfG7qT4e9wmip38egDNyD9BA=,nM9wMfFjwQpkZzEkJB60iW3baE8=
-3,-11,kDNYfG7qT4e9wmip38egDNyD9BA=,zBw2BZanTuThtgkLKyN6cFKhFmY=
-2,-10,kDNYfG7qT4e9wmip38egDNyD9BA=,7OpfSFu4mILfKN4jYOG0zbZuZkU=
-2,-11,kDNYfG7qT4e9wmip38egDNyD9BA=,vbZZDAzJCPlYQv5KVtvyR6UAM70=
-3,-13,kDNYfG7qT4e9wmip38egDNyD9BA=,N2WlkBnTcv5gCozxawsDD74du+A=
-2,-13,kDNYfG7qT4e9wmip38egDNyD9BA=,vV58oI6E91MneYo4DAK4xxwipiw=
-3,-12,kDNYfG7qT4e9wmip38egDNyD9BA=,zBw2BZanTuThtgkLKyN6cFKhFmY=
-2,-12,kDNYfG7qT4e9wmip38egDNyD9BA=,vbZZDAzJCPlYQv5KVtvyR6UAM70=
-4,-13,kDNYfG7qT4e9wmip38egDNyD9BA=,N2WlkBnTcv5gCozxawsDD74du+A=
-5,-12,kDNYfG7qT4e9wmip38egDNyD9BA=,X5vIvzqlAymzgE70KLgr+O64cq4=
-5,-13,kDNYfG7qT4e9wmip38egDNyD9BA=,g0AvkCtk8Q3Ujd8QzscE9xJ6p4Y=
-4,-12,kDNYfG7qT4e9wmip38egDNyD9BA=,zBw2BZanTuThtgkLKyN6cFKhFmY=
-5,-14,kDNYfG7qT4e9wmip38egDNyD9BA=,g0AvkCtk8Q3Ujd8QzscE9xJ6p4Y=
-4,-15,kDNYfG7qT4e9wmip38egDNyD9BA=,QOAmBEr/8DLWInWEEGQcinbJiZc=
-5,-15,kDNYfG7qT4e9wmip38egDNyD9BA=,8tw9WgThismx2sN72CeX7s1SwKI=
-4,-14,kDNYfG7qT4e9wmip38egDNyD9BA=,N2WlkBnTcv5gCozxawsDD74du+A=
-9,-12,kDNYfG7qT4e9wmip38egDNyD9BA=,7zfHPc12sUMB/QmnLRZJ/IeK2RE=
-9,-13,kDNYfG7qT4e9wmip38egDNyD9BA=,JmfnC2W59/jne97qtYvDEjtw6Y8=
-7,-12,kDNYfG7qT4e9wmip38egDNyD9BA=,elKUAl7j3d7Ip78yxz1oAnOXVjg=
-6,-13,kDNYfG7qT4e9wmip38egDNyD9BA=,g0AvkCtk8Q3Ujd8QzscE9xJ6p4Y=
-9,-14,kDNYfG7qT4e9wmip38egDNyD9BA=,JmfnC2W59/jne97qtYvDEjtw6Y8=
-9,-15,kDNYfG7qT4e9wmip38egDNyD9BA=,Tv4SgPzu+rEI+a9znaI0e6b855k=
-8,-13,kDNYfG7qT4e9wmip38egDNyD9BA=,2qlFStl4I1VkI2xkFXZwkrnPkF4=
-7,-14,kDNYfG7qT4e9wmip38egDNyD9BA=,2qlFStl4I1VkI2xkFXZwkrnPkF4=
-7,-13,kDNYfG7qT4e9wmip38egDNyD9BA=,2qlFStl4I1VkI2xkFXZwkrnPkF4=
-6,-14,kDNYfG7qT4e9wmip38egDNyD9BA=,g0AvkCtk8Q3Ujd8QzscE9xJ6p4Y=
-6,-15,kDNYfG7qT4e9wmip38egDNyD9BA=,8tw9WgThismx2sN72CeX7s1SwKI=
-8,-12,kDNYfG7qT4e9wmip38egDNyD9BA=,elKUAl7j3d7Ip78yxz1oAnOXVjg=
-8,-15,kDNYfG7qT4e9wmip38egDNyD9BA=,oLzCom9V7a0x3PzMf9C5Gw78RKI=
-6,-12,kDNYfG7qT4e9wmip38egDNyD9BA=,X5vIvzqlAymzgE70KLgr+O64cq4=
-8,-14,kDNYfG7qT4e9wmip38egDNyD9BA=,2qlFStl4I1VkI2xkFXZwkrnPkF4=
-9,-10,kDNYfG7qT4e9wmip38egDNyD9BA=,RFSJCfYozVHhM3K4tRLX4LhcNvA=
-7,-15,kDNYfG7qT4e9wmip38egDNyD9BA=,oLzCom9V7a0x3PzMf9C5Gw78RKI=
-8,-8,kDNYfG7qT4e9wmip38egDNyD9BA=,YPVPLw2t/TBNmCSLPTSkF4Np81w=
-9,-9,kDNYfG7qT4e9wmip38egDNyD9BA=,RFSJCfYozVHhM3K4tRLX4LhcNvA=
-7,-10,kDNYfG7qT4e9wmip38egDNyD9BA=,z5od6n8dAjXhZVksJpgeCdXL2oU=
-8,-9,kDNYfG7qT4e9wmip38egDNyD9BA=,z5od6n8dAjXhZVksJpgeCdXL2oU=
-9,-8,kDNYfG7qT4e9wmip38egDNyD9BA=,DcSL29Evgs8U4QXSkCEgKyQPIIk=
-7,-8,kDNYfG7qT4e9wmip38egDNyD9BA=,YPVPLw2t/TBNmCSLPTSkF4Np81w=
-5,-11,kDNYfG7qT4e9wmip38egDNyD9BA=,X5vIvzqlAymzgE70KLgr+O64cq4=
-5,-9,kDNYfG7qT4e9wmip38egDNyD9BA=,J7FNiHaInwVpv2LIrUMPDDyzpLU=
-6,-9,kDNYfG7qT4e9wmip38egDNyD9BA=,J7FNiHaInwVpv2LIrUMPDDyzpLU=
-4,-11,kDNYfG7qT4e9wmip38egDNyD9BA=,zBw2BZanTuThtgkLKyN6cFKhFmY=
-6,-10,kDNYfG7qT4e9wmip38egDNyD9BA=,J7FNiHaInwVpv2LIrUMPDDyzpLU=
-10,-16,kDNYfG7qT4e9wmip38egDNyD9BA=,Tv4SgPzu+rEI+a9znaI0e6b855k=
-8,-10,kDNYfG7qT4e9wmip38egDNyD9BA=,z5od6n8dAjXhZVksJpgeCdXL2oU=
-9,-11,kDNYfG7qT4e9wmip38egDNyD9BA=,7zfHPc12sUMB/QmnLRZJ/IeK2RE=
-8,-11,kDNYfG7qT4e9wmip38egDNyD9BA=,elKUAl7j3d7Ip78yxz1oAnOXVjg=
-12,-16,kDNYfG7qT4e9wmip38egDNyD9BA=,BPjXiKf88OpNXM2flyKssMonOGQ=
-13,-16,kDNYfG7qT4e9wmip38egDNyD9BA=,nglZd4cN+hcOlY0hZkSooWowHnc=
-11,-16,kDNYfG7qT4e9wmip38egDNyD9BA=,BPjXiKf88OpNXM2flyKssMonOGQ=
-7,-9,kDNYfG7qT4e9wmip38egDNyD9BA=,z5od6n8dAjXhZVksJpgeCdXL2oU=
-6,-11,kDNYfG7qT4e9wmip38egDNyD9BA=,X5vIvzqlAymzgE70KLgr+O64cq4=
-5,-10,kDNYfG7qT4e9wmip38egDNyD9BA=,J7FNiHaInwVpv2LIrUMPDDyzpLU=
-8,-16,kDNYfG7qT4e9wmip38egDNyD9BA=,oLzCom9V7a0x3PzMf9C5Gw78RKI=
-5,-1,kDNYfG7qT4e9wmip38egDNyD9BA=,aKqfE29aCHYYdEhBwD32bwWzwqc=
-4,-9,kDNYfG7qT4e9wmip38egDNyD9BA=,nM9wMfFjwQpkZzEkJB60iW3baE8=
-4,-1,kDNYfG7qT4e9wmip38egDNyD9BA=,XhkH45S1Il2RDuD7yleIoBSvthQ=
-6,-1,kDNYfG7qT4e9wmip38egDNyD9BA=,aKqfE29aCHYYdEhBwD32bwWzwqc=
-4,-10,kDNYfG7qT4e9wmip38egDNyD9BA=,nM9wMfFjwQpkZzEkJB60iW3baE8=
-7,-11,kDNYfG7qT4e9wmip38egDNyD9BA=,elKUAl7j3d7Ip78yxz1oAnOXVjg=
-6,-8,kDNYfG7qT4e9wmip38egDNyD9BA=,4GqScM44XA9c6pvCIg5Q19lpxwo=
-9,-16,kDNYfG7qT4e9wmip38egDNyD9BA=,Tv4SgPzu+rEI+a9znaI0e6b855k=
-5,-8,kDNYfG7qT4e9wmip38egDNyD9BA=,4GqScM44XA9c6pvCIg5Q19lpxwo=
-3,-1,kDNYfG7qT4e9wmip38egDNyD9BA=,XhkH45S1Il2RDuD7yleIoBSvthQ=
-8,-1,kDNYfG7qT4e9wmip38egDNyD9BA=,mSEVdeTl2gfBvitGlUc9cFYboVk=
-2,-1,kDNYfG7qT4e9wmip38egDNyD9BA=,u1JbX+9VHKmnZEqQGoyFgZXQc3w=
-9,-1,kDNYfG7qT4e9wmip38egDNyD9BA=,g4tWVI/1+RWrjoThWQnXvincbo4=
-16,-1,kDNYfG7qT4e9wmip38egDNyD9BA=,gvpuOA8LMKZprfrS74BoNJF4JGI=
-4,-8,kDNYfG7qT4e9wmip38egDNyD9BA=,R4lxdvTNFxpMQf2gfbd2La/76pA=
-7,-1,kDNYfG7qT4e9wmip38egDNyD9BA=,mSEVdeTl2gfBvitGlUc9cFYboVk=
-1,-3,kDNYfG7qT4e9wmip38egDNyD9BA=,nr4TemzMWSuz/XbulzwxIrK6lk8=
-1,-2,kDNYfG7qT4e9wmip38egDNyD9BA=,u1JbX+9VHKmnZEqQGoyFgZXQc3w=
-1,-7,kDNYfG7qT4e9wmip38egDNyD9BA=,zXZXW/mlLX9pDriU0d3sep2S8FI=
-1,-9,kDNYfG7qT4e9wmip38egDNyD9BA=,7OpfSFu4mILfKN4jYOG0zbZuZkU=
-1,-5,kDNYfG7qT4e9wmip38egDNyD9BA=,tLCplOqVQF/ObNTzEykMqk2L5J8=
-1,-4,kDNYfG7qT4e9wmip38egDNyD9BA=,nr4TemzMWSuz/XbulzwxIrK6lk8=
-1,-6,kDNYfG7qT4e9wmip38egDNyD9BA=,tLCplOqVQF/ObNTzEykMqk2L5J8=
-1,-10,kDNYfG7qT4e9wmip38egDNyD9BA=,7OpfSFu4mILfKN4jYOG0zbZuZkU=
-1,-8,kDNYfG7qT4e9wmip38egDNyD9BA=,zXZXW/mlLX9pDriU0d3sep2S8FI=
-1,-1,kDNYfG7qT4e9wmip38egDNyD9BA=,u1JbX+9VHKmnZEqQGoyFgZXQc3w=
-1,-13,kDNYfG7qT4e9wmip38egDNyD9BA=,vV58oI6E91MneYo4DAK4xxwipiw=
-6,-16,kDNYfG7qT4e9wmip38egDNyD9BA=,8tw9WgThismx2sN72CeX7s1SwKI=
-16,-16,kDNYfG7qT4e9wmip38egDNyD9BA=,WpddmYOGjFyRKakZvW36RtiXBmw=
-1,-11,kDNYfG7qT4e9wmip38egDNyD9BA=,vbZZDAzJCPlYQv5KVtvyR6UAM70=
-1,-12,kDNYfG7qT4e9wmip38egDNyD9BA=,vbZZDAzJCPlYQv5KVtvyR6UAM70=
-4,-16,kDNYfG7qT4e9wmip38egDNyD9BA=,QOAmBEr/8DLWInWEEGQcinbJiZc=
-5,-16,kDNYfG7qT4e9wmip38egDNyD9BA=,8tw9WgThismx2sN72CeX7s1SwKI=
-7,-16,kDNYfG7qT4e9wmip38egDNyD9BA=,oLzCom9V7a0x3PzMf9C5Gw78RKI=
-3,-16,kDNYfG7qT4e9wmip38egDNyD9BA=,QOAmBEr/8DLWInWEEGQcinbJiZc=
-2,-14,kDNYfG7qT4e9wmip38egDNyD9BA=,vV58oI6E91MneYo4DAK4xxwipiw=
-3,-15,kDNYfG7qT4e9wmip38egDNyD9BA=,QOAmBEr/8DLWInWEEGQcinbJiZc=
-3,-14,kDNYfG7qT4e9wmip38egDNyD9BA=,N2WlkBnTcv5gCozxawsDD74du+A=
-1,-14,kDNYfG7qT4e9wmip38egDNyD9BA=,vV58oI6E91MneYo4DAK4xxwipiw=
-1,-16,kDNYfG7qT4e9wmip38egDNyD9BA=,1n9dbsXlbrdrvbOHKtcNFWSpzHA=
-1,-15,kDNYfG7qT4e9wmip38egDNyD9BA=,1n9dbsXlbrdrvbOHKtcNFWSpzHA=
-2,-16,kDNYfG7qT4e9wmip38egDNyD9BA=,1n9dbsXlbrdrvbOHKtcNFWSpzHA=
-2,-15,kDNYfG7qT4e9wmip38egDNyD9BA=,1n9dbsXlbrdrvbOHKtcNFWSpzHA=
-12,-21,kDNYfG7qT4e9wmip38egDNyD9BA=,MiHGDqAWdSscBFBD3eYfi8Nfz+w=
-13,-21,kDNYfG7qT4e9wmip38egDNyD9BA=,5CwxNfnNR7GXbIac+oa2KLmxXqU=
-13,-20,kDNYfG7qT4e9wmip38egDNyD9BA=,7QoL+md/ZLHb2Z/xf1eUngH3Ock=
-12,-20,kDNYfG7qT4e9wmip38egDNyD9BA=,lSBzS1BkcoP8QGfo8TOrUneZ6Cw=
-12,-23,kDNYfG7qT4e9wmip38egDNyD9BA=,SRemk6kHhf8FWcYiKRjLetDK6LM=
-12,-25,kDNYfG7qT4e9wmip38egDNyD9BA=,K5QyaGOFiy6mne1TuJ7rMxbw+pY=
-13,-25,kDNYfG7qT4e9wmip38egDNyD9BA=,H47SB2qn7TxPQQchlj591ibkuiA=
-13,-24,kDNYfG7qT4e9wmip38egDNyD9BA=,LX/nhaWwTWi2ZFZ/gHjGE6Sdzyk=
-13,-23,kDNYfG7qT4e9wmip38egDNyD9BA=,LX/nhaWwTWi2ZFZ/gHjGE6Sdzyk=
-12,-22,kDNYfG7qT4e9wmip38egDNyD9BA=,MiHGDqAWdSscBFBD3eYfi8Nfz+w=
-12,-24,kDNYfG7qT4e9wmip38egDNyD9BA=,SRemk6kHhf8FWcYiKRjLetDK6LM=
-13,-22,kDNYfG7qT4e9wmip38egDNyD9BA=,5CwxNfnNR7GXbIac+oa2KLmxXqU=
-12,-26,kDNYfG7qT4e9wmip38egDNyD9BA=,K5QyaGOFiy6mne1TuJ7rMxbw+pY=
-13,-26,kDNYfG7qT4e9wmip38egDNyD9BA=,H47SB2qn7TxPQQchlj591ibkuiA=
-12,-27,kDNYfG7qT4e9wmip38egDNyD9BA=,sbWVwj5N3h+QrqKChpb9i12/Eng=
-13,-27,kDNYfG7qT4e9wmip38egDNyD9BA=,XNcD0sfIIbIOzpq8J5kDL5tbMgA=
-14,-25,kDNYfG7qT4e9wmip38egDNyD9BA=,H47SB2qn7TxPQQchlj591ibkuiA=
-15,-25,kDNYfG7qT4e9wmip38egDNyD9BA=,lt6pWGRn/6quuNaOOODIa/8+kH8=
-14,-24,kDNYfG7qT4e9wmip38egDNyD9BA=,LX/nhaWwTWi2ZFZ/gHjGE6Sdzyk=
-15,-24,kDNYfG7qT4e9wmip38egDNyD9BA=,u5XZvgVeMoV8x3ryMM02bjtuHJo=
-14,-27,kDNYfG7qT4e9wmip38egDNyD9BA=,XNcD0sfIIbIOzpq8J5kDL5tbMgA=
-14,-26,kDNYfG7qT4e9wmip38egDNyD9BA=,H47SB2qn7TxPQQchlj591ibkuiA=
-15,-26,kDNYfG7qT4e9wmip38egDNyD9BA=,lt6pWGRn/6quuNaOOODIa/8+kH8=
-15,-27,kDNYfG7qT4e9wmip38egDNyD9BA=,i1iFU0JOX8IMYBORWNJdkJ9JBGE=
-15,-22,kDNYfG7qT4e9wmip38egDNyD9BA=,nKtqyF+NfbWRuK9m+mu2aRNY+YM=
-14,-23,kDNYfG7qT4e9wmip38egDNyD9BA=,LX/nhaWwTWi2ZFZ/gHjGE6Sdzyk=
-15,-23,kDNYfG7qT4e9wmip38egDNyD9BA=,u5XZvgVeMoV8x3ryMM02bjtuHJo=
-14,-22,kDNYfG7qT4e9wmip38egDNyD9BA=,5CwxNfnNR7GXbIac+oa2KLmxXqU=
-14,-21,kDNYfG7qT4e9wmip38egDNyD9BA=,5CwxNfnNR7GXbIac+oa2KLmxXqU=
-15,-21,kDNYfG7qT4e9wmip38egDNyD9BA=,nKtqyF+NfbWRuK9m+mu2aRNY+YM=
-14,-20,kDNYfG7qT4e9wmip38egDNyD9BA=,7QoL+md/ZLHb2Z/xf1eUngH3Ock=
-15,-20,kDNYfG7qT4e9wmip38egDNyD9BA=,SCxNliiPqqwX3QYdPuIsI4FSSr8=
-15,-19,kDNYfG7qT4e9wmip38egDNyD9BA=,SCxNliiPqqwX3QYdPuIsI4FSSr8=
-14,-19,kDNYfG7qT4e9wmip38egDNyD9BA=,7QoL+md/ZLHb2Z/xf1eUngH3Ock=
-14,-18,kDNYfG7qT4e9wmip38egDNyD9BA=,pBPoh01s/2R8uJw0i2cNU3dZAXA=
-15,-18,kDNYfG7qT4e9wmip38egDNyD9BA=,FPFsehSnrWjiDZgNTCRJ33DnyVo=
-12,-19,kDNYfG7qT4e9wmip38egDNyD9BA=,lSBzS1BkcoP8QGfo8TOrUneZ6Cw=
-13,-19,kDNYfG7qT4e9wmip38egDNyD9BA=,7QoL+md/ZLHb2Z/xf1eUngH3Ock=
-12,-18,kDNYfG7qT4e9wmip38egDNyD9BA=,a3PiiPmLcrgp08FDz9geMog1ByY=
-13,-18,kDNYfG7qT4e9wmip38egDNyD9BA=,pBPoh01s/2R8uJw0i2cNU3dZAXA=
-11,-19,xDgtp/qliSr1OPgVjyxH/Z7zRbc=,lSBzS1BkcoP8QGfo8TOrUneZ6Cw=
-11,-18,xDgtp/qliSr1OPgVjyxH/Z7zRbc=,a3PiiPmLcrgp08FDz9geMog1ByY=
-10,-18,xDgtp/qliSr1OPgVjyxH/Z7zRbc=,UrkcgUtTJ/zdeUVKYNxZx6PY0Bk=
-10,-19,xDgtp/qliSr1OPgVjyxH/Z7zRbc=,M2JLuN+VYGV93etgqWbEtZCF/KQ=
-10,-20,xDgtp/qliSr1OPgVjyxH/Z7zRbc=,M2JLuN+VYGV93etgqWbEtZCF/KQ=
-11,-21,xDgtp/qliSr1OPgVjyxH/Z7zRbc=,MiHGDqAWdSscBFBD3eYfi8Nfz+w=
-11,-20,xDgtp/qliSr1OPgVjyxH/Z7zRbc=,lSBzS1BkcoP8QGfo8TOrUneZ6Cw=
-10,-21,xDgtp/qliSr1OPgVjyxH/Z7zRbc=,uN6FbnBfPk4rzQBu/hfqzfk4T4E=
-10,-23,xDgtp/qliSr1OPgVjyxH/Z7zRbc=,7WN36EVS1c3g5jJ4D+ezBV3fiUU=
-11,-23,xDgtp/qliSr1OPgVjyxH/Z7zRbc=,SRemk6kHhf8FWcYiKRjLetDK6LM=
-11,-22,xDgtp/qliSr1OPgVjyxH/Z7zRbc=,MiHGDqAWdSscBFBD3eYfi8Nfz+w=
-10,-22,xDgtp/qliSr1OPgVjyxH/Z7zRbc=,uN6FbnBfPk4rzQBu/hfqzfk4T4E=
-10,-25,xDgtp/qliSr1OPgVjyxH/Z7zRbc=,M5njBNkCQfUKnd8w2cSQV4v5LP4=
-11,-25,xDgtp/qliSr1OPgVjyxH/Z7zRbc=,K5QyaGOFiy6mne1TuJ7rMxbw+pY=
-10,-27,xDgtp/qliSr1OPgVjyxH/Z7zRbc=,AbgeUOZRQakmnezYTwRb0Mas/GU=
-11,-27,xDgtp/qliSr1OPgVjyxH/Z7zRbc=,sbWVwj5N3h+QrqKChpb9i12/Eng=
-10,-26,xDgtp/qliSr1OPgVjyxH/Z7zRbc=,M5njBNkCQfUKnd8w2cSQV4v5LP4=
-11,-26,xDgtp/qliSr1OPgVjyxH/Z7zRbc=,K5QyaGOFiy6mne1TuJ7rMxbw+pY=
-10,-24,xDgtp/qliSr1OPgVjyxH/Z7zRbc=,7WN36EVS1c3g5jJ4D+ezBV3fiUU=
-11,-24,xDgtp/qliSr1OPgVjyxH/Z7zRbc=,SRemk6kHhf8FWcYiKRjLetDK6LM=
-8,-27,xDgtp/qliSr1OPgVjyxH/Z7zRbc=,3eBamR91yMidsPy+o0PlE5mselk=
-9,-27,xDgtp/qliSr1OPgVjyxH/Z7zRbc=,AbgeUOZRQakmnezYTwRb0Mas/GU=
-8,-26,xDgtp/qliSr1OPgVjyxH/Z7zRbc=,bxkK9wad035ovsMXD+M16BbVEwA=
-9,-26,xDgtp/qliSr1OPgVjyxH/Z7zRbc=,M5njBNkCQfUKnd8w2cSQV4v5LP4=
-8,-25,xDgtp/qliSr1OPgVjyxH/Z7zRbc=,bxkK9wad035ovsMXD+M16BbVEwA=
-9,-25,xDgtp/qliSr1OPgVjyxH/Z7zRbc=,M5njBNkCQfUKnd8w2cSQV4v5LP4=
-8,-24,xDgtp/qliSr1OPgVjyxH/Z7zRbc=,wYZfPHEh5EweOwjn2epblI17yAk=
-9,-24,xDgtp/qliSr1OPgVjyxH/Z7zRbc=,7WN36EVS1c3g5jJ4D+ezBV3fiUU=
-6,-25,xDgtp/qliSr1OPgVjyxH/Z7zRbc=,dk3OO/p4mPIOXXmEh2sbuM+wPCw=
-7,-25,xDgtp/qliSr1OPgVjyxH/Z7zRbc=,bxkK9wad035ovsMXD+M16BbVEwA=
-7,-24,xDgtp/qliSr1OPgVjyxH/Z7zRbc=,wYZfPHEh5EweOwjn2epblI17yAk=
-6,-24,xDgtp/qliSr1OPgVjyxH/Z7zRbc=,sN5glDwPOrlR5rHIdUjdTsgcYT0=
-7,-27,xDgtp/qliSr1OPgVjyxH/Z7zRbc=,3eBamR91yMidsPy+o0PlE5mselk=
-6,-26,xDgtp/qliSr1OPgVjyxH/Z7zRbc=,dk3OO/p4mPIOXXmEh2sbuM+wPCw=
-6,-27,xDgtp/qliSr1OPgVjyxH/Z7zRbc=,j7JXgTDw880zYCo7Z+heBOGDfpA=
-7,-26,xDgtp/qliSr1OPgVjyxH/Z7zRbc=,bxkK9wad035ovsMXD+M16BbVEwA=
-4,-27,xDgtp/qliSr1OPgVjyxH/Z7zRbc=,juqT2flVy1w6ZohtNxpbvTFImzQ=
-4,-26,xDgtp/qliSr1OPgVjyxH/Z7zRbc=,Gp9EHrgiXsfwsGte3WnfbS/S6y8=
-5,-27,xDgtp/qliSr1OPgVjyxH/Z7zRbc=,j7JXgTDw880zYCo7Z+heBOGDfpA=
-5,-26,xDgtp/qliSr1OPgVjyxH/Z7zRbc=,dk3OO/p4mPIOXXmEh2sbuM+wPCw=
-4,-25,xDgtp/qliSr1OPgVjyxH/Z7zRbc=,Gp9EHrgiXsfwsGte3WnfbS/S6y8=
-5,-25,xDgtp/qliSr1OPgVjyxH/Z7zRbc=,dk3OO/p4mPIOXXmEh2sbuM+wPCw=
-5,-24,xDgtp/qliSr1OPgVjyxH/Z7zRbc=,sN5glDwPOrlR5rHIdUjdTsgcYT0=
-4,-24,xDgtp/qliSr1OPgVjyxH/Z7zRbc=,7IPdOVZTmRDvNVYbUU1Jn/Qh9I4=
-3,-24,xDgtp/qliSr1OPgVjyxH/Z7zRbc=,7IPdOVZTmRDvNVYbUU1Jn/Qh9I4=
-2,-24,xDgtp/qliSr1OPgVjyxH/Z7zRbc=,DK7D8GRTW/vdj59Q/rbzbEbwB4g=
-3,-25,xDgtp/qliSr1OPgVjyxH/Z7zRbc=,Gp9EHrgiXsfwsGte3WnfbS/S6y8=
-2,-25,xDgtp/qliSr1OPgVjyxH/Z7zRbc=,g29m0/mhDJEpU6UN0gNJ8jrCjRs=
-3,-23,xDgtp/qliSr1OPgVjyxH/Z7zRbc=,7IPdOVZTmRDvNVYbUU1Jn/Qh9I4=
-2,-23,xDgtp/qliSr1OPgVjyxH/Z7zRbc=,DK7D8GRTW/vdj59Q/rbzbEbwB4g=
-2,-22,xDgtp/qliSr1OPgVjyxH/Z7zRbc=,1N1K42pXxj2rHP+cQtT9s50jiR0=
-3,-22,xDgtp/qliSr1OPgVjyxH/Z7zRbc=,/POJcSxrX/epo61XbL6ixbDDMg0=
-4,-22,xDgtp/qliSr1OPgVjyxH/Z7zRbc=,/POJcSxrX/epo61XbL6ixbDDMg0=
-5,-22,xDgtp/qliSr1OPgVjyxH/Z7zRbc=,afwDaraSm+ypflgm6QABHBCQCJA=
-5,-23,xDgtp/qliSr1OPgVjyxH/Z7zRbc=,sN5glDwPOrlR5rHIdUjdTsgcYT0=
-4,-23,xDgtp/qliSr1OPgVjyxH/Z7zRbc=,7IPdOVZTmRDvNVYbUU1Jn/Qh9I4=
-8,-23,xDgtp/qliSr1OPgVjyxH/Z7zRbc=,wYZfPHEh5EweOwjn2epblI17yAk=
-7,-23,xDgtp/qliSr1OPgVjyxH/Z7zRbc=,wYZfPHEh5EweOwjn2epblI17yAk=
-6,-23,xDgtp/qliSr1OPgVjyxH/Z7zRbc=,sN5glDwPOrlR5rHIdUjdTsgcYT0=
-9,-22,xDgtp/qliSr1OPgVjyxH/Z7zRbc=,uN6FbnBfPk4rzQBu/hfqzfk4T4E=
-8,-22,xDgtp/qliSr1OPgVjyxH/Z7zRbc=,PtQMtRVZcsmcFQyiZDSfg8fq5bM=
-7,-22,xDgtp/qliSr1OPgVjyxH/Z7zRbc=,PtQMtRVZcsmcFQyiZDSfg8fq5bM=
-6,-22,xDgtp/qliSr1OPgVjyxH/Z7zRbc=,afwDaraSm+ypflgm6QABHBCQCJA=
-9,-23,xDgtp/qliSr1OPgVjyxH/Z7zRbc=,7WN36EVS1c3g5jJ4D+ezBV3fiUU=
-5,-20,xDgtp/qliSr1OPgVjyxH/Z7zRbc=,zfwA0P0Zsc7ekchTkHlKFsB50Oo=
-5,-21,xDgtp/qliSr1OPgVjyxH/Z7zRbc=,afwDaraSm+ypflgm6QABHBCQCJA=
-4,-21,xDgtp/qliSr1OPgVjyxH/Z7zRbc=,/POJcSxrX/epo61XbL6ixbDDMg0=
-4,-20,xDgtp/qliSr1OPgVjyxH/Z7zRbc=,Gk5QkvQyPVHjZNUKgOBWWZ6B46Q=
-6,-20,xDgtp/qliSr1OPgVjyxH/Z7zRbc=,zfwA0P0Zsc7ekchTkHlKFsB50Oo=
-3,-20,xDgtp/qliSr1OPgVjyxH/Z7zRbc=,Gk5QkvQyPVHjZNUKgOBWWZ6B46Q=
-9,-21,xDgtp/qliSr1OPgVjyxH/Z7zRbc=,uN6FbnBfPk4rzQBu/hfqzfk4T4E=
-2,-21,xDgtp/qliSr1OPgVjyxH/Z7zRbc=,1N1K42pXxj2rHP+cQtT9s50jiR0=
-2,-20,xDgtp/qliSr1OPgVjyxH/Z7zRbc=,eq4tYB15/tbtbcTgHSVeJYChSfM=
-3,-21,xDgtp/qliSr1OPgVjyxH/Z7zRbc=,/POJcSxrX/epo61XbL6ixbDDMg0=
-6,-21,xDgtp/qliSr1OPgVjyxH/Z7zRbc=,afwDaraSm+ypflgm6QABHBCQCJA=
-8,-21,xDgtp/qliSr1OPgVjyxH/Z7zRbc=,PtQMtRVZcsmcFQyiZDSfg8fq5bM=
-7,-21,xDgtp/qliSr1OPgVjyxH/Z7zRbc=,PtQMtRVZcsmcFQyiZDSfg8fq5bM=
-8,-20,xDgtp/qliSr1OPgVjyxH/Z7zRbc=,3cdaM4yc4MKJJuZdfiixALgvnXo=
-7,-20,xDgtp/qliSr1OPgVjyxH/Z7zRbc=,3cdaM4yc4MKJJuZdfiixALgvnXo=
-9,-20,xDgtp/qliSr1OPgVjyxH/Z7zRbc=,M2JLuN+VYGV93etgqWbEtZCF/KQ=
-5,-17,xDgtp/qliSr1OPgVjyxH/Z7zRbc=,iRY4w+L6fc+aGEMZw+S7JB0PW88=
-4,-19,xDgtp/qliSr1OPgVjyxH/Z7zRbc=,Gk5QkvQyPVHjZNUKgOBWWZ6B46Q=
-4,-17,xDgtp/qliSr1OPgVjyxH/Z7zRbc=,BBFHbwAvDK8PHgP5acbOiFrB8iw=
-5,-19,xDgtp/qliSr1OPgVjyxH/Z7zRbc=,zfwA0P0Zsc7ekchTkHlKFsB50Oo=
-1,-25,xDgtp/qliSr1OPgVjyxH/Z7zRbc=,g29m0/mhDJEpU6UN0gNJ8jrCjRs=
-1,-20,xDgtp/qliSr1OPgVjyxH/Z7zRbc=,eq4tYB15/tbtbcTgHSVeJYChSfM=
-4,-18,xDgtp/qliSr1OPgVjyxH/Z7zRbc=,BBFHbwAvDK8PHgP5acbOiFrB8iw=
-1,-21,xDgtp/qliSr1OPgVjyxH/Z7zRbc=,1N1K42pXxj2rHP+cQtT9s50jiR0=
-1,-22,xDgtp/qliSr1OPgVjyxH/Z7zRbc=,1N1K42pXxj2rHP+cQtT9s50jiR0=
-1,-24,xDgtp/qliSr1OPgVjyxH/Z7zRbc=,DK7D8GRTW/vdj59Q/rbzbEbwB4g=
-5,-18,xDgtp/qliSr1OPgVjyxH/Z7zRbc=,iRY4w+L6fc+aGEMZw+S7JB0PW88=
-1,-23,xDgtp/qliSr1OPgVjyxH/Z7zRbc=,DK7D8GRTW/vdj59Q/rbzbEbwB4g=
-10,-17,xDgtp/qliSr1OPgVjyxH/Z7zRbc=,UrkcgUtTJ/zdeUVKYNxZx6PY0Bk=
-11,-17,xDgtp/qliSr1OPgVjyxH/Z7zRbc=,a3PiiPmLcrgp08FDz9geMog1ByY=
-13,-17,xDgtp/qliSr1OPgVjyxH/Z7zRbc=,pBPoh01s/2R8uJw0i2cNU3dZAXA=
-12,-17,xDgtp/qliSr1OPgVjyxH/Z7zRbc=,a3PiiPmLcrgp08FDz9geMog1ByY=
-15,-17,xDgtp/qliSr1OPgVjyxH/Z7zRbc=,FPFsehSnrWjiDZgNTCRJ33DnyVo=
-14,-17,xDgtp/qliSr1OPgVjyxH/Z7zRbc=,pBPoh01s/2R8uJw0i2cNU3dZAXA=
-1,-18,xDgtp/qliSr1OPgVjyxH/Z7zRbc=,xXy31gUkqMXFmTnl37h2G7993Ck=
-1,-19,xDgtp/qliSr1OPgVjyxH/Z7zRbc=,eq4tYB15/tbtbcTgHSVeJYChSfM=
-2,-18,xDgtp/qliSr1OPgVjyxH/Z7zRbc=,xXy31gUkqMXFmTnl37h2G7993Ck=
-2,-19,xDgtp/qliSr1OPgVjyxH/Z7zRbc=,eq4tYB15/tbtbcTgHSVeJYChSfM=
-16,-18,xDgtp/qliSr1OPgVjyxH/Z7zRbc=,FPFsehSnrWjiDZgNTCRJ33DnyVo=
-16,-19,xDgtp/qliSr1OPgVjyxH/Z7zRbc=,SCxNliiPqqwX3QYdPuIsI4FSSr8=
-16,-25,xDgtp/qliSr1OPgVjyxH/Z7zRbc=,lt6pWGRn/6quuNaOOODIa/8+kH8=
-3,-19,xDgtp/qliSr1OPgVjyxH/Z7zRbc=,Gk5QkvQyPVHjZNUKgOBWWZ6B46Q=
-16,-26,xDgtp/qliSr1OPgVjyxH/Z7zRbc=,lt6pWGRn/6quuNaOOODIa/8+kH8=
-16,-27,xDgtp/qliSr1OPgVjyxH/Z7zRbc=,i1iFU0JOX8IMYBORWNJdkJ9JBGE=
-16,-28,xDgtp/qliSr1OPgVjyxH/Z7zRbc=,i1iFU0JOX8IMYBORWNJdkJ9JBGE=
-4,-28,xDgtp/qliSr1OPgVjyxH/Z7zRbc=,juqT2flVy1w6ZohtNxpbvTFImzQ=
-6,-28,xDgtp/qliSr1OPgVjyxH/Z7zRbc=,j7JXgTDw880zYCo7Z+heBOGDfpA=
-5,-28,xDgtp/qliSr1OPgVjyxH/Z7zRbc=,j7JXgTDw880zYCo7Z+heBOGDfpA=
-7,-28,xDgtp/qliSr1OPgVjyxH/Z7zRbc=,3eBamR91yMidsPy+o0PlE5mselk=
-14,-28,xDgtp/qliSr1OPgVjyxH/Z7zRbc=,XNcD0sfIIbIOzpq8J5kDL5tbMgA=
-15,-28,xDgtp/qliSr1OPgVjyxH/Z7zRbc=,i1iFU0JOX8IMYBORWNJdkJ9JBGE=
-12,-28,xDgtp/qliSr1OPgVjyxH/Z7zRbc=,sbWVwj5N3h+QrqKChpb9i12/Eng=
-13,-28,xDgtp/qliSr1OPgVjyxH/Z7zRbc=,XNcD0sfIIbIOzpq8J5kDL5tbMgA=
-8,-28,xDgtp/qliSr1OPgVjyxH/Z7zRbc=,3eBamR91yMidsPy+o0PlE5mselk=
-11,-28,xDgtp/qliSr1OPgVjyxH/Z7zRbc=,sbWVwj5N3h+QrqKChpb9i12/Eng=
-10,-28,xDgtp/qliSr1OPgVjyxH/Z7zRbc=,AbgeUOZRQakmnezYTwRb0Mas/GU=
-9,-28,xDgtp/qliSr1OPgVjyxH/Z7zRbc=,AbgeUOZRQakmnezYTwRb0Mas/GU=
-3,-18,xDgtp/qliSr1OPgVjyxH/Z7zRbc=,BBFHbwAvDK8PHgP5acbOiFrB8iw=
-2,-17,xDgtp/qliSr1OPgVjyxH/Z7zRbc=,xXy31gUkqMXFmTnl37h2G7993Ck=
-3,-17,xDgtp/qliSr1OPgVjyxH/Z7zRbc=,BBFHbwAvDK8PHgP5acbOiFrB8iw=
-16,-20,xDgtp/qliSr1OPgVjyxH/Z7zRbc=,SCxNliiPqqwX3QYdPuIsI4FSSr8=
-9,-17,xDgtp/qliSr1OPgVjyxH/Z7zRbc=,UrkcgUtTJ/zdeUVKYNxZx6PY0Bk=
-6,-17,xDgtp/qliSr1OPgVjyxH/Z7zRbc=,iRY4w+L6fc+aGEMZw+S7JB0PW88=
-16,-17,xDgtp/qliSr1OPgVjyxH/Z7zRbc=,FPFsehSnrWjiDZgNTCRJ33DnyVo=
-16,-24,xDgtp/qliSr1OPgVjyxH/Z7zRbc=,u5XZvgVeMoV8x3ryMM02bjtuHJo=
-16,-22,xDgtp/qliSr1OPgVjyxH/Z7zRbc=,nKtqyF+NfbWRuK9m+mu2aRNY+YM=
-16,-23,xDgtp/qliSr1OPgVjyxH/Z7zRbc=,u5XZvgVeMoV8x3ryMM02bjtuHJo=
-16,-21,xDgtp/qliSr1OPgVjyxH/Z7zRbc=,nKtqyF+NfbWRuK9m+mu2aRNY+YM=
-1,-17,xDgtp/qliSr1OPgVjyxH/Z7zRbc=,xXy31gUkqMXFmTnl37h2G7993Ck=
-9,-18,xDgtp/qliSr1OPgVjyxH/Z7zRbc=,UrkcgUtTJ/zdeUVKYNxZx6PY0Bk=
-6,-18,xDgtp/qliSr1OPgVjyxH/Z7zRbc=,iRY4w+L6fc+aGEMZw+S7JB0PW88=
-8,-19,xDgtp/qliSr1OPgVjyxH/Z7zRbc=,3cdaM4yc4MKJJuZdfiixALgvnXo=
-6,-19,xDgtp/qliSr1OPgVjyxH/Z7zRbc=,zfwA0P0Zsc7ekchTkHlKFsB50Oo=
-7,-19,xDgtp/qliSr1OPgVjyxH/Z7zRbc=,3cdaM4yc4MKJJuZdfiixALgvnXo=
-1,-26,xDgtp/qliSr1OPgVjyxH/Z7zRbc=,g29m0/mhDJEpU6UN0gNJ8jrCjRs=
-3,-27,xDgtp/qliSr1OPgVjyxH/Z7zRbc=,juqT2flVy1w6ZohtNxpbvTFImzQ=
-2,-26,xDgtp/qliSr1OPgVjyxH/Z7zRbc=,g29m0/mhDJEpU6UN0gNJ8jrCjRs=
-3,-26,xDgtp/qliSr1OPgVjyxH/Z7zRbc=,Gp9EHrgiXsfwsGte3WnfbS/S6y8=
-3,-28,xDgtp/qliSr1OPgVjyxH/Z7zRbc=,juqT2flVy1w6ZohtNxpbvTFImzQ=
-9,-19,xDgtp/qliSr1OPgVjyxH/Z7zRbc=,M2JLuN+VYGV93etgqWbEtZCF/KQ=
-7,-17,xDgtp/qliSr1OPgVjyxH/Z7zRbc=,f/jwdqcUd9NlHxkdoO/XGq4v3QY=
-2,-28,xDgtp/qliSr1OPgVjyxH/Z7zRbc=,uIb526TNmcx21LjEB4V84gmpoXw=
-7,-18,xDgtp/qliSr1OPgVjyxH/Z7zRbc=,f/jwdqcUd9NlHxkdoO/XGq4v3QY=
-8,-17,xDgtp/qliSr1OPgVjyxH/Z7zRbc=,f/jwdqcUd9NlHxkdoO/XGq4v3QY=
-8,-18,xDgtp/qliSr1OPgVjyxH/Z7zRbc=,f/jwdqcUd9NlHxkdoO/XGq4v3QY=
-1,-28,xDgtp/qliSr1OPgVjyxH/Z7zRbc=,uIb526TNmcx21LjEB4V84gmpoXw=
-1,-27,xDgtp/qliSr1OPgVjyxH/Z7zRbc=,uIb526TNmcx21LjEB4V84gmpoXw=
-2,-27,xDgtp/qliSr1OPgVjyxH/Z7zRbc=,uIb526TNmcx21LjEB4V84gmpoXw=
-25,-19,kp/+mDUrxSOhOoqtC+ZSoiDa1IE=,OeidndHZ0oGc5sEHiSJkW/3TzNk=
-24,-19,kp/+mDUrxSOhOoqtC+ZSoiDa1IE=,mBxlKI0rRlX4dbMJNap7Mpc8wB4=
-24,-18,kp/+mDUrxSOhOoqtC+ZSoiDa1IE=,cAY+lkV01+f6Qo5Z0p06XLAzQgU=
-25,-18,kp/+mDUrxSOhOoqtC+ZSoiDa1IE=,H7uq19oFHJwbpOZMGQsi7KH8Ux8=
-26,-19,kp/+mDUrxSOhOoqtC+ZSoiDa1IE=,OeidndHZ0oGc5sEHiSJkW/3TzNk=
-26,-18,kp/+mDUrxSOhOoqtC+ZSoiDa1IE=,H7uq19oFHJwbpOZMGQsi7KH8Ux8=
-27,-19,kp/+mDUrxSOhOoqtC+ZSoiDa1IE=,6qswUj0QZJri4Q1QN3xelspDKb8=
-28,-19,kp/+mDUrxSOhOoqtC+ZSoiDa1IE=,6qswUj0QZJri4Q1QN3xelspDKb8=
-29,-19,kp/+mDUrxSOhOoqtC+ZSoiDa1IE=,zgfbztrl4S4T6In8EZa/GvESyJA=
-28,-18,kp/+mDUrxSOhOoqtC+ZSoiDa1IE=,sdYqm/m81Gi3RLgm+CKln/L7Chs=
-27,-18,kp/+mDUrxSOhOoqtC+ZSoiDa1IE=,sdYqm/m81Gi3RLgm+CKln/L7Chs=
-29,-18,kp/+mDUrxSOhOoqtC+ZSoiDa1IE=,QSrN+kAtUGOkGbIwNejTQqu2yC0=
-28,-20,kp/+mDUrxSOhOoqtC+ZSoiDa1IE=,6qswUj0QZJri4Q1QN3xelspDKb8=
-29,-20,kp/+mDUrxSOhOoqtC+ZSoiDa1IE=,zgfbztrl4S4T6In8EZa/GvESyJA=
-29,-21,kp/+mDUrxSOhOoqtC+ZSoiDa1IE=,W7Op8qjhQs+jQHOJldxCIydiog0=
-28,-21,kp/+mDUrxSOhOoqtC+ZSoiDa1IE=,ylv/mkrgqY3XSohrOTFCCYt9XlM=
-29,-23,a3rIsxTgwCeA5wu1rGV1gzO//EI=,l0NyULqSQ4mnzhVITyiiTpQlbBc=
-28,-23,a3rIsxTgwCeA5wu1rGV1gzO//EI=,b1rix33TIcoSdZ2PzKTSbb7fJn4=
-27,-23,a3rIsxTgwCeA5wu1rGV1gzO//EI=,b1rix33TIcoSdZ2PzKTSbb7fJn4=
-28,-22,a3rIsxTgwCeA5wu1rGV1gzO//EI=,ylv/mkrgqY3XSohrOTFCCYt9XlM=
-26,-23,a3rIsxTgwCeA5wu1rGV1gzO//EI=,Hev6Y3yb8WXYtYm2SSW8+xgDfco=
-29,-22,a3rIsxTgwCeA5wu1rGV1gzO//EI=,W7Op8qjhQs+jQHOJldxCIydiog0=
-30,-22,a3rIsxTgwCeA5wu1rGV1gzO//EI=,W7Op8qjhQs+jQHOJldxCIydiog0=
-26,-20,a3rIsxTgwCeA5wu1rGV1gzO//EI=,OeidndHZ0oGc5sEHiSJkW/3TzNk=
-27,-20,a3rIsxTgwCeA5wu1rGV1gzO//EI=,6qswUj0QZJri4Q1QN3xelspDKb8=
-30,-23,a3rIsxTgwCeA5wu1rGV1gzO//EI=,l0NyULqSQ4mnzhVITyiiTpQlbBc=
-31,-22,a3rIsxTgwCeA5wu1rGV1gzO//EI=,OnK0PXVtGdQDghAc8MsrTj7yCNo=
-31,-23,a3rIsxTgwCeA5wu1rGV1gzO//EI=,5OgFdgqa0GcAwhaNacjuJlVJWeU=
-26,-21,a3rIsxTgwCeA5wu1rGV1gzO//EI=,ad2DD548TEGyWtGz7dixF5Q8ReU=
-27,-21,a3rIsxTgwCeA5wu1rGV1gzO//EI=,ylv/mkrgqY3XSohrOTFCCYt9XlM=
-27,-22,a3rIsxTgwCeA5wu1rGV1gzO//EI=,ylv/mkrgqY3XSohrOTFCCYt9XlM=
-26,-22,a3rIsxTgwCeA5wu1rGV1gzO//EI=,ad2DD548TEGyWtGz7dixF5Q8ReU=
-26,-25,a3rIsxTgwCeA5wu1rGV1gzO//EI=,lGqsxzetSokah9krNXV72JDoKcE=
-27,-25,a3rIsxTgwCeA5wu1rGV1gzO//EI=,eA9YWJpBly18dZJHm+ku7rbIK48=
-26,-24,a3rIsxTgwCeA5wu1rGV1gzO//EI=,Hev6Y3yb8WXYtYm2SSW8+xgDfco=
-27,-24,a3rIsxTgwCeA5wu1rGV1gzO//EI=,b1rix33TIcoSdZ2PzKTSbb7fJn4=
-25,-25,a3rIsxTgwCeA5wu1rGV1gzO//EI=,lGqsxzetSokah9krNXV72JDoKcE=
-24,-25,a3rIsxTgwCeA5wu1rGV1gzO//EI=,yURBiCqXF2QRD9uEpo5m8Bw5Vzs=
-25,-24,a3rIsxTgwCeA5wu1rGV1gzO//EI=,Hev6Y3yb8WXYtYm2SSW8+xgDfco=
-24,-24,a3rIsxTgwCeA5wu1rGV1gzO//EI=,fP8ukew+0CCf75GosehYNhtHe7k=
-22,-25,a3rIsxTgwCeA5wu1rGV1gzO//EI=,n051kjzIkJ6SzEkdTjU1sjVDI70=
-23,-25,a3rIsxTgwCeA5wu1rGV1gzO//EI=,yURBiCqXF2QRD9uEpo5m8Bw5Vzs=
-22,-24,a3rIsxTgwCeA5wu1rGV1gzO//EI=,tygRAtdcVqWwsmwVt4teLjk8+8o=
-23,-24,a3rIsxTgwCeA5wu1rGV1gzO//EI=,fP8ukew+0CCf75GosehYNhtHe7k=
-22,-27,a3rIsxTgwCeA5wu1rGV1gzO//EI=,j4Auuvnjjrx2PQmOAgIPoy+kO38=
-22,-26,a3rIsxTgwCeA5wu1rGV1gzO//EI=,n051kjzIkJ6SzEkdTjU1sjVDI70=
-23,-27,a3rIsxTgwCeA5wu1rGV1gzO//EI=,+4n/Qkw6Cc81Lfna1VKMFMiS8t0=
-23,-26,a3rIsxTgwCeA5wu1rGV1gzO//EI=,yURBiCqXF2QRD9uEpo5m8Bw5Vzs=
-20,-27,a3rIsxTgwCeA5wu1rGV1gzO//EI=,+KyDb2mSGccP8dPU/tPhljFhPeU=
-21,-27,a3rIsxTgwCeA5wu1rGV1gzO//EI=,j4Auuvnjjrx2PQmOAgIPoy+kO38=
-20,-26,a3rIsxTgwCeA5wu1rGV1gzO//EI=,md8edcoHSDPzFDX0UvqUSFhVlOo=
-21,-26,a3rIsxTgwCeA5wu1rGV1gzO//EI=,n051kjzIkJ6SzEkdTjU1sjVDI70=
-20,-25,a3rIsxTgwCeA5wu1rGV1gzO//EI=,md8edcoHSDPzFDX0UvqUSFhVlOo=
-21,-25,a3rIsxTgwCeA5wu1rGV1gzO//EI=,n051kjzIkJ6SzEkdTjU1sjVDI70=
-21,-24,a3rIsxTgwCeA5wu1rGV1gzO//EI=,tygRAtdcVqWwsmwVt4teLjk8+8o=
-20,-24,a3rIsxTgwCeA5wu1rGV1gzO//EI=,NzCl7UXN/k7RsAeCF7qonF5HhHE=
-18,-24,a3rIsxTgwCeA5wu1rGV1gzO//EI=,1ExQL2xt/NzJHLixWEwLWDLQuck=
-19,-24,a3rIsxTgwCeA5wu1rGV1gzO//EI=,NzCl7UXN/k7RsAeCF7qonF5HhHE=
-18,-25,a3rIsxTgwCeA5wu1rGV1gzO//EI=,aOdZ5WYjX1el4TUbX53TNrxpQZI=
-19,-25,a3rIsxTgwCeA5wu1rGV1gzO//EI=,md8edcoHSDPzFDX0UvqUSFhVlOo=
-18,-26,a3rIsxTgwCeA5wu1rGV1gzO//EI=,aOdZ5WYjX1el4TUbX53TNrxpQZI=
-19,-26,a3rIsxTgwCeA5wu1rGV1gzO//EI=,md8edcoHSDPzFDX0UvqUSFhVlOo=
-19,-27,a3rIsxTgwCeA5wu1rGV1gzO//EI=,+KyDb2mSGccP8dPU/tPhljFhPeU=
-18,-27,a3rIsxTgwCeA5wu1rGV1gzO//EI=,8TY2g7/hjXMKHewDsiEYtiq4UDk=
-18,-23,a3rIsxTgwCeA5wu1rGV1gzO//EI=,1ExQL2xt/NzJHLixWEwLWDLQuck=
-19,-23,a3rIsxTgwCeA5wu1rGV1gzO//EI=,NzCl7UXN/k7RsAeCF7qonF5HhHE=
-18,-22,a3rIsxTgwCeA5wu1rGV1gzO//EI=,GpzyVBe7NAN0VeNhJcES9hYntXI=
-19,-22,a3rIsxTgwCeA5wu1rGV1gzO//EI=,eOlTEvnCCoHL6nUcrXVu31y4evo=
-18,-21,a3rIsxTgwCeA5wu1rGV1gzO//EI=,GpzyVBe7NAN0VeNhJcES9hYntXI=
-18,-20,a3rIsxTgwCeA5wu1rGV1gzO//EI=,YaEWvV0euqjdd9gjGCna37tyXo8=
-19,-20,a3rIsxTgwCeA5wu1rGV1gzO//EI=,CUSZ8F6dn8XDbeSPuJWGBB6IYWg=
-19,-21,a3rIsxTgwCeA5wu1rGV1gzO//EI=,eOlTEvnCCoHL6nUcrXVu31y4evo=
-18,-18,a3rIsxTgwCeA5wu1rGV1gzO//EI=,pksdVo0SNq/vvXcIKn1qqbHo/AQ=
-18,-19,a3rIsxTgwCeA5wu1rGV1gzO//EI=,YaEWvV0euqjdd9gjGCna37tyXo8=
-19,-18,a3rIsxTgwCeA5wu1rGV1gzO//EI=,luWlbrQLVAiKdAU54epdRx8b7YU=
-19,-19,a3rIsxTgwCeA5wu1rGV1gzO//EI=,CUSZ8F6dn8XDbeSPuJWGBB6IYWg=
-24,-17,a3rIsxTgwCeA5wu1rGV1gzO//EI=,cAY+lkV01+f6Qo5Z0p06XLAzQgU=
-25,-17,a3rIsxTgwCeA5wu1rGV1gzO//EI=,H7uq19oFHJwbpOZMGQsi7KH8Ux8=
-26,-17,a3rIsxTgwCeA5wu1rGV1gzO//EI=,H7uq19oFHJwbpOZMGQsi7KH8Ux8=
-27,-17,a3rIsxTgwCeA5wu1rGV1gzO//EI=,sdYqm/m81Gi3RLgm+CKln/L7Chs=
-28,-17,a3rIsxTgwCeA5wu1rGV1gzO//EI=,sdYqm/m81Gi3RLgm+CKln/L7Chs=
-29,-17,a3rIsxTgwCeA5wu1rGV1gzO//EI=,QSrN+kAtUGOkGbIwNejTQqu2yC0=
-20,-18,a3rIsxTgwCeA5wu1rGV1gzO//EI=,luWlbrQLVAiKdAU54epdRx8b7YU=
-22,-18,a3rIsxTgwCeA5wu1rGV1gzO//EI=,ZEHMZLw/ZaYFSq01Vfsl0fHq0rc=
-24,-23,a3rIsxTgwCeA5wu1rGV1gzO//EI=,fP8ukew+0CCf75GosehYNhtHe7k=
-22,-17,a3rIsxTgwCeA5wu1rGV1gzO//EI=,ZEHMZLw/ZaYFSq01Vfsl0fHq0rc=
-20,-22,a3rIsxTgwCeA5wu1rGV1gzO//EI=,eOlTEvnCCoHL6nUcrXVu31y4evo=
-23,-19,a3rIsxTgwCeA5wu1rGV1gzO//EI=,mBxlKI0rRlX4dbMJNap7Mpc8wB4=
-23,-18,a3rIsxTgwCeA5wu1rGV1gzO//EI=,cAY+lkV01+f6Qo5Z0p06XLAzQgU=
-21,-23,a3rIsxTgwCeA5wu1rGV1gzO//EI=,tygRAtdcVqWwsmwVt4teLjk8+8o=
-25,-20,a3rIsxTgwCeA5wu1rGV1gzO//EI=,OeidndHZ0oGc5sEHiSJkW/3TzNk=
-22,-19,a3rIsxTgwCeA5wu1rGV1gzO//EI=,igv/ere/9D+UCmtPe/vnNOXusmo=
-22,-21,a3rIsxTgwCeA5wu1rGV1gzO//EI=,LLWGYSY7ZlgkiUvnkOAofzmQbL0=
-21,-21,a3rIsxTgwCeA5wu1rGV1gzO//EI=,LLWGYSY7ZlgkiUvnkOAofzmQbL0=
-23,-17,a3rIsxTgwCeA5wu1rGV1gzO//EI=,cAY+lkV01+f6Qo5Z0p06XLAzQgU=
-21,-20,a3rIsxTgwCeA5wu1rGV1gzO//EI=,igv/ere/9D+UCmtPe/vnNOXusmo=
-21,-19,a3rIsxTgwCeA5wu1rGV1gzO//EI=,igv/ere/9D+UCmtPe/vnNOXusmo=
-22,-23,a3rIsxTgwCeA5wu1rGV1gzO//EI=,tygRAtdcVqWwsmwVt4teLjk8+8o=
-20,-23,a3rIsxTgwCeA5wu1rGV1gzO//EI=,NzCl7UXN/k7RsAeCF7qonF5HhHE=
-25,-23,a3rIsxTgwCeA5wu1rGV1gzO//EI=,Hev6Y3yb8WXYtYm2SSW8+xgDfco=
-23,-22,a3rIsxTgwCeA5wu1rGV1gzO//EI=,u4IpY3/J4aTUfKM++EmszoHouFI=
-23,-20,a3rIsxTgwCeA5wu1rGV1gzO//EI=,mBxlKI0rRlX4dbMJNap7Mpc8wB4=
-24,-21,a3rIsxTgwCeA5wu1rGV1gzO//EI=,u4IpY3/J4aTUfKM++EmszoHouFI=
-23,-23,a3rIsxTgwCeA5wu1rGV1gzO//EI=,fP8ukew+0CCf75GosehYNhtHe7k=
-22,-22,a3rIsxTgwCeA5wu1rGV1gzO//EI=,LLWGYSY7ZlgkiUvnkOAofzmQbL0=
-21,-22,a3rIsxTgwCeA5wu1rGV1gzO//EI=,LLWGYSY7ZlgkiUvnkOAofzmQbL0=
-22,-20,a3rIsxTgwCeA5wu1rGV1gzO//EI=,igv/ere/9D+UCmtPe/vnNOXusmo=
-20,-21,a3rIsxTgwCeA5wu1rGV1gzO//EI=,eOlTEvnCCoHL6nUcrXVu31y4evo=
-20,-20,a3rIsxTgwCeA5wu1rGV1gzO//EI=,CUSZ8F6dn8XDbeSPuJWGBB6IYWg=
-20,-19,a3rIsxTgwCeA5wu1rGV1gzO//EI=,CUSZ8F6dn8XDbeSPuJWGBB6IYWg=
-24,-20,a3rIsxTgwCeA5wu1rGV1gzO//EI=,mBxlKI0rRlX4dbMJNap7Mpc8wB4=
-21,-18,a3rIsxTgwCeA5wu1rGV1gzO//EI=,ZEHMZLw/ZaYFSq01Vfsl0fHq0rc=
-23,-21,a3rIsxTgwCeA5wu1rGV1gzO//EI=,u4IpY3/J4aTUfKM++EmszoHouFI=
-25,-22,a3rIsxTgwCeA5wu1rGV1gzO//EI=,ad2DD548TEGyWtGz7dixF5Q8ReU=
-24,-22,a3rIsxTgwCeA5wu1rGV1gzO//EI=,u4IpY3/J4aTUfKM++EmszoHouFI=
-25,-21,a3rIsxTgwCeA5wu1rGV1gzO//EI=,ad2DD548TEGyWtGz7dixF5Q8ReU=
-32,-22,a3rIsxTgwCeA5wu1rGV1gzO//EI=,OnK0PXVtGdQDghAc8MsrTj7yCNo=
-32,-23,a3rIsxTgwCeA5wu1rGV1gzO//EI=,5OgFdgqa0GcAwhaNacjuJlVJWeU=
-30,-17,a3rIsxTgwCeA5wu1rGV1gzO//EI=,QSrN+kAtUGOkGbIwNejTQqu2yC0=
-31,-17,a3rIsxTgwCeA5wu1rGV1gzO//EI=,NwQaJrXY97tyezrTOE3bOWgIGVY=
-32,-21,a3rIsxTgwCeA5wu1rGV1gzO//EI=,OnK0PXVtGdQDghAc8MsrTj7yCNo=
-31,-20,a3rIsxTgwCeA5wu1rGV1gzO//EI=,fU9ozZAURZcnlO4WbwU3HjiWQzE=
-30,-21,a3rIsxTgwCeA5wu1rGV1gzO//EI=,W7Op8qjhQs+jQHOJldxCIydiog0=
-32,-20,a3rIsxTgwCeA5wu1rGV1gzO//EI=,fU9ozZAURZcnlO4WbwU3HjiWQzE=
-32,-19,a3rIsxTgwCeA5wu1rGV1gzO//EI=,fU9ozZAURZcnlO4WbwU3HjiWQzE=
-31,-19,a3rIsxTgwCeA5wu1rGV1gzO//EI=,fU9ozZAURZcnlO4WbwU3HjiWQzE=
-31,-21,a3rIsxTgwCeA5wu1rGV1gzO//EI=,OnK0PXVtGdQDghAc8MsrTj7yCNo=
-31,-18,a3rIsxTgwCeA5wu1rGV1gzO//EI=,NwQaJrXY97tyezrTOE3bOWgIGVY=
-32,-18,a3rIsxTgwCeA5wu1rGV1gzO//EI=,NwQaJrXY97tyezrTOE3bOWgIGVY=
-30,-19,a3rIsxTgwCeA5wu1rGV1gzO//EI=,zgfbztrl4S4T6In8EZa/GvESyJA=
-30,-18,a3rIsxTgwCeA5wu1rGV1gzO//EI=,QSrN+kAtUGOkGbIwNejTQqu2yC0=
-28,-25,a3rIsxTgwCeA5wu1rGV1gzO//EI=,eA9YWJpBly18dZJHm+ku7rbIK48=
-29,-25,a3rIsxTgwCeA5wu1rGV1gzO//EI=,7IJgC/Zii2+RXQmwNirrz3uhG2c=
-31,-25,a3rIsxTgwCeA5wu1rGV1gzO//EI=,8BN+guTqbc0Dzy17wNLjETmsoZA=
-30,-25,a3rIsxTgwCeA5wu1rGV1gzO//EI=,7IJgC/Zii2+RXQmwNirrz3uhG2c=
-30,-20,a3rIsxTgwCeA5wu1rGV1gzO//EI=,zgfbztrl4S4T6In8EZa/GvESyJA=
-29,-24,a3rIsxTgwCeA5wu1rGV1gzO//EI=,l0NyULqSQ4mnzhVITyiiTpQlbBc=
-28,-24,a3rIsxTgwCeA5wu1rGV1gzO//EI=,b1rix33TIcoSdZ2PzKTSbb7fJn4=
-30,-24,a3rIsxTgwCeA5wu1rGV1gzO//EI=,l0NyULqSQ4mnzhVITyiiTpQlbBc=
-31,-24,a3rIsxTgwCeA5wu1rGV1gzO//EI=,5OgFdgqa0GcAwhaNacjuJlVJWeU=
-22,-28,a3rIsxTgwCeA5wu1rGV1gzO//EI=,j4Auuvnjjrx2PQmOAgIPoy+kO38=
-23,-28,a3rIsxTgwCeA5wu1rGV1gzO//EI=,+4n/Qkw6Cc81Lfna1VKMFMiS8t0=
-32,-25,a3rIsxTgwCeA5wu1rGV1gzO//EI=,8BN+guTqbc0Dzy17wNLjETmsoZA=
-32,-24,a3rIsxTgwCeA5wu1rGV1gzO//EI=,5OgFdgqa0GcAwhaNacjuJlVJWeU=
-21,-17,a3rIsxTgwCeA5wu1rGV1gzO//EI=,ZEHMZLw/ZaYFSq01Vfsl0fHq0rc=
-20,-17,a3rIsxTgwCeA5wu1rGV1gzO//EI=,luWlbrQLVAiKdAU54epdRx8b7YU=
-19,-17,a3rIsxTgwCeA5wu1rGV1gzO//EI=,luWlbrQLVAiKdAU54epdRx8b7YU=
-18,-17,a3rIsxTgwCeA5wu1rGV1gzO//EI=,pksdVo0SNq/vvXcIKn1qqbHo/AQ=
-17,-19,a3rIsxTgwCeA5wu1rGV1gzO//EI=,YaEWvV0euqjdd9gjGCna37tyXo8=
-17,-26,a3rIsxTgwCeA5wu1rGV1gzO//EI=,aOdZ5WYjX1el4TUbX53TNrxpQZI=
-17,-25,a3rIsxTgwCeA5wu1rGV1gzO//EI=,aOdZ5WYjX1el4TUbX53TNrxpQZI=
-17,-27,a3rIsxTgwCeA5wu1rGV1gzO//EI=,8TY2g7/hjXMKHewDsiEYtiq4UDk=
-20,-28,a3rIsxTgwCeA5wu1rGV1gzO//EI=,+KyDb2mSGccP8dPU/tPhljFhPeU=
-19,-28,a3rIsxTgwCeA5wu1rGV1gzO//EI=,+KyDb2mSGccP8dPU/tPhljFhPeU=
-18,-28,a3rIsxTgwCeA5wu1rGV1gzO//EI=,8TY2g7/hjXMKHewDsiEYtiq4UDk=
-21,-28,a3rIsxTgwCeA5wu1rGV1gzO//EI=,j4Auuvnjjrx2PQmOAgIPoy+kO38=
-17,-28,a3rIsxTgwCeA5wu1rGV1gzO//EI=,8TY2g7/hjXMKHewDsiEYtiq4UDk=
-17,-18,a3rIsxTgwCeA5wu1rGV1gzO//EI=,pksdVo0SNq/vvXcIKn1qqbHo/AQ=
-17,-20,a3rIsxTgwCeA5wu1rGV1gzO//EI=,YaEWvV0euqjdd9gjGCna37tyXo8=
-32,-26,a3rIsxTgwCeA5wu1rGV1gzO//EI=,8BN+guTqbc0Dzy17wNLjETmsoZA=
-17,-21,a3rIsxTgwCeA5wu1rGV1gzO//EI=,GpzyVBe7NAN0VeNhJcES9hYntXI=
-31,-26,a3rIsxTgwCeA5wu1rGV1gzO//EI=,8BN+guTqbc0Dzy17wNLjETmsoZA=
-30,-26,a3rIsxTgwCeA5wu1rGV1gzO//EI=,7IJgC/Zii2+RXQmwNirrz3uhG2c=
-17,-24,a3rIsxTgwCeA5wu1rGV1gzO//EI=,1ExQL2xt/NzJHLixWEwLWDLQuck=
-30,-27,a3rIsxTgwCeA5wu1rGV1gzO//EI=,ifeKkpRzpfd7eGKrcJt6uB8e/1U=
-32,-28,a3rIsxTgwCeA5wu1rGV1gzO//EI=,gcKOy/ec8RdrBd0KKmtSS2dooWs=
-29,-27,a3rIsxTgwCeA5wu1rGV1gzO//EI=,ifeKkpRzpfd7eGKrcJt6uB8e/1U=
-17,-23,a3rIsxTgwCeA5wu1rGV1gzO//EI=,1ExQL2xt/NzJHLixWEwLWDLQuck=
-28,-26,a3rIsxTgwCeA5wu1rGV1gzO//EI=,eA9YWJpBly18dZJHm+ku7rbIK48=
-29,-28,a3rIsxTgwCeA5wu1rGV1gzO//EI=,ifeKkpRzpfd7eGKrcJt6uB8e/1U=
-30,-28,a3rIsxTgwCeA5wu1rGV1gzO//EI=,ifeKkpRzpfd7eGKrcJt6uB8e/1U=
-29,-26,a3rIsxTgwCeA5wu1rGV1gzO//EI=,7IJgC/Zii2+RXQmwNirrz3uhG2c=
-25,-26,a3rIsxTgwCeA5wu1rGV1gzO//EI=,lGqsxzetSokah9krNXV72JDoKcE=
-24,-28,a3rIsxTgwCeA5wu1rGV1gzO//EI=,+4n/Qkw6Cc81Lfna1VKMFMiS8t0=
-24,-26,a3rIsxTgwCeA5wu1rGV1gzO//EI=,yURBiCqXF2QRD9uEpo5m8Bw5Vzs=
-17,-22,a3rIsxTgwCeA5wu1rGV1gzO//EI=,GpzyVBe7NAN0VeNhJcES9hYntXI=
-24,-27,a3rIsxTgwCeA5wu1rGV1gzO//EI=,+4n/Qkw6Cc81Lfna1VKMFMiS8t0=
-32,-27,a3rIsxTgwCeA5wu1rGV1gzO//EI=,gcKOy/ec8RdrBd0KKmtSS2dooWs=
-31,-28,a3rIsxTgwCeA5wu1rGV1gzO//EI=,gcKOy/ec8RdrBd0KKmtSS2dooWs=
-26,-26,a3rIsxTgwCeA5wu1rGV1gzO//EI=,lGqsxzetSokah9krNXV72JDoKcE=
-28,-28,a3rIsxTgwCeA5wu1rGV1gzO//EI=,OGvnZ2aJZgkS6QK8Isd6QIGQNcQ=
-27,-27,a3rIsxTgwCeA5wu1rGV1gzO//EI=,OGvnZ2aJZgkS6QK8Isd6QIGQNcQ=
-32,-17,a3rIsxTgwCeA5wu1rGV1gzO//EI=,NwQaJrXY97tyezrTOE3bOWgIGVY=
-28,-27,a3rIsxTgwCeA5wu1rGV1gzO//EI=,OGvnZ2aJZgkS6QK8Isd6QIGQNcQ=
-27,-26,a3rIsxTgwCeA5wu1rGV1gzO//EI=,eA9YWJpBly18dZJHm+ku7rbIK48=
-17,-17,a3rIsxTgwCeA5wu1rGV1gzO//EI=,pksdVo0SNq/vvXcIKn1qqbHo/AQ=
-31,-27,a3rIsxTgwCeA5wu1rGV1gzO//EI=,gcKOy/ec8RdrBd0KKmtSS2dooWs=
-25,-27,a3rIsxTgwCeA5wu1rGV1gzO//EI=,DBtAPz2ym1S7nJk2vJ92/6QM4fM=
-27,-28,a3rIsxTgwCeA5wu1rGV1gzO//EI=,OGvnZ2aJZgkS6QK8Isd6QIGQNcQ=
-26,-27,a3rIsxTgwCeA5wu1rGV1gzO//EI=,DBtAPz2ym1S7nJk2vJ92/6QM4fM=
-26,-28,a3rIsxTgwCeA5wu1rGV1gzO//EI=,DBtAPz2ym1S7nJk2vJ92/6QM4fM=
-25,-28,a3rIsxTgwCeA5wu1rGV1gzO//EI=,DBtAPz2ym1S7nJk2vJ92/6QM4fM=
-21,-15,a3rIsxTgwCeA5wu1rGV1gzO//EI=,gWAfA6RFleJbr3CTbf/uc5rPGlQ=
-20,-14,a3rIsxTgwCeA5wu1rGV1gzO//EI=,MN4RF6Rb1fDCOuE1P3qpZVKcwg4=
-20,-15,a3rIsxTgwCeA5wu1rGV1gzO//EI=,XcVOVnLtmNql2yhfWnM6zn1PFv8=
-21,-14,a3rIsxTgwCeA5wu1rGV1gzO//EI=,58ic3YRK8dhI9/DR+3TIn77SaQ8=
-22,-15,8W6fcRkOngj2GNRapbKZAJ7/p08=,gWAfA6RFleJbr3CTbf/uc5rPGlQ=
-23,-14,8W6fcRkOngj2GNRapbKZAJ7/p08=,pnRnbxOEu3ROOd4iJUHF9KN2ntU=
-22,-14,8W6fcRkOngj2GNRapbKZAJ7/p08=,58ic3YRK8dhI9/DR+3TIn77SaQ8=
-23,-15,8W6fcRkOngj2GNRapbKZAJ7/p08=,l9btdmE4oJY+50wP/u1sIYDX+lU=
-25,-14,8W6fcRkOngj2GNRapbKZAJ7/p08=,zRM7Rb4W7JkNNOEmBDhVmNRYaGY=
-25,-15,8W6fcRkOngj2GNRapbKZAJ7/p08=,nmledPk7AFgNegQ2WxDo/tam5SU=
-24,-15,8W6fcRkOngj2GNRapbKZAJ7/p08=,l9btdmE4oJY+50wP/u1sIYDX+lU=
-24,-14,8W6fcRkOngj2GNRapbKZAJ7/p08=,pnRnbxOEu3ROOd4iJUHF9KN2ntU=
-26,-14,8W6fcRkOngj2GNRapbKZAJ7/p08=,zRM7Rb4W7JkNNOEmBDhVmNRYaGY=
-26,-15,8W6fcRkOngj2GNRapbKZAJ7/p08=,nmledPk7AFgNegQ2WxDo/tam5SU=
-27,-14,8W6fcRkOngj2GNRapbKZAJ7/p08=,NSLpCsY+lw3cwAsjnRBrhjAGsmg=
-27,-15,8W6fcRkOngj2GNRapbKZAJ7/p08=,jTM1ygyXJ68TMYtiGrdl/3e/Wdg=
-28,-12,8W6fcRkOngj2GNRapbKZAJ7/p08=,AEdtfajEmzFtezcKMscC70zpLG0=
-28,-13,8W6fcRkOngj2GNRapbKZAJ7/p08=,NSLpCsY+lw3cwAsjnRBrhjAGsmg=
-29,-13,8W6fcRkOngj2GNRapbKZAJ7/p08=,fEy7P6twv+Capbj/E91eXj4diJ4=
-28,-14,8W6fcRkOngj2GNRapbKZAJ7/p08=,NSLpCsY+lw3cwAsjnRBrhjAGsmg=
-29,-12,8W6fcRkOngj2GNRapbKZAJ7/p08=,KdpIz/SuAYJgP8BqoUddEGpPPx4=
-29,-14,8W6fcRkOngj2GNRapbKZAJ7/p08=,fEy7P6twv+Capbj/E91eXj4diJ4=
-29,-15,8W6fcRkOngj2GNRapbKZAJ7/p08=,mBzt7cCZP3kupP3OvBbmfbtUSJ8=
-28,-15,8W6fcRkOngj2GNRapbKZAJ7/p08=,jTM1ygyXJ68TMYtiGrdl/3e/Wdg=
-28,-11,8W6fcRkOngj2GNRapbKZAJ7/p08=,AEdtfajEmzFtezcKMscC70zpLG0=
-29,-11,8W6fcRkOngj2GNRapbKZAJ7/p08=,KdpIz/SuAYJgP8BqoUddEGpPPx4=
-28,-10,8W6fcRkOngj2GNRapbKZAJ7/p08=,8ZhdAIsQTMW0IuGMRN5Zpr8VOCo=
-29,-10,8W6fcRkOngj2GNRapbKZAJ7/p08=,UWAPVPnDzg7vE+SdUm7UaFiH3zk=
-28,-8,8W6fcRkOngj2GNRapbKZAJ7/p08=,93hT1+FYUxzUrUGkPJWFDjrN1S4=
-29,-8,8W6fcRkOngj2GNRapbKZAJ7/p08=,yFFi/fULXmONcqoynG3DajXwouc=
-29,-6,8W6fcRkOngj2GNRapbKZAJ7/p08=,8eLalwPC/nFsQuPQB/xyw+fjHDk=
-28,-9,8W6fcRkOngj2GNRapbKZAJ7/p08=,8ZhdAIsQTMW0IuGMRN5Zpr8VOCo=
-29,-9,8W6fcRkOngj2GNRapbKZAJ7/p08=,UWAPVPnDzg7vE+SdUm7UaFiH3zk=
-28,-6,8W6fcRkOngj2GNRapbKZAJ7/p08=,NGVW0KNkVO8Fsk/9/f9imnIld6o=
-28,-7,8W6fcRkOngj2GNRapbKZAJ7/p08=,93hT1+FYUxzUrUGkPJWFDjrN1S4=
-29,-7,8W6fcRkOngj2GNRapbKZAJ7/p08=,yFFi/fULXmONcqoynG3DajXwouc=
-27,-6,8W6fcRkOngj2GNRapbKZAJ7/p08=,NGVW0KNkVO8Fsk/9/f9imnIld6o=
-26,-7,8W6fcRkOngj2GNRapbKZAJ7/p08=,7ECgSyB4DqeR5VdQdI3rPniEbos=
-26,-6,8W6fcRkOngj2GNRapbKZAJ7/p08=,E8d0teIzsJfRiAnv2PZLXzfWRGI=
-27,-7,8W6fcRkOngj2GNRapbKZAJ7/p08=,93hT1+FYUxzUrUGkPJWFDjrN1S4=
-24,-6,8W6fcRkOngj2GNRapbKZAJ7/p08=,A8U3oy+BzX3zoblrc765W71tV0w=
-25,-6,8W6fcRkOngj2GNRapbKZAJ7/p08=,E8d0teIzsJfRiAnv2PZLXzfWRGI=
-24,-7,8W6fcRkOngj2GNRapbKZAJ7/p08=,P3opkoyWRdxlvGvjfhOI2NYuHGI=
-25,-7,8W6fcRkOngj2GNRapbKZAJ7/p08=,7ECgSyB4DqeR5VdQdI3rPniEbos=
-25,-4,8W6fcRkOngj2GNRapbKZAJ7/p08=,0QpgBg3fZwbW7U5I5CYGhruqMBk=
-24,-5,8W6fcRkOngj2GNRapbKZAJ7/p08=,A8U3oy+BzX3zoblrc765W71tV0w=
-25,-5,8W6fcRkOngj2GNRapbKZAJ7/p08=,E8d0teIzsJfRiAnv2PZLXzfWRGI=
-24,-4,8W6fcRkOngj2GNRapbKZAJ7/p08=,dAOmqEFpSm69DAvN677S+0s6P1c=
-26,-4,8W6fcRkOngj2GNRapbKZAJ7/p08=,0QpgBg3fZwbW7U5I5CYGhruqMBk=
-27,-4,8W6fcRkOngj2GNRapbKZAJ7/p08=,y9BGfmb+r+dpxfjoU8QM3GE/Q5A=
-27,-5,8W6fcRkOngj2GNRapbKZAJ7/p08=,NGVW0KNkVO8Fsk/9/f9imnIld6o=
-26,-5,8W6fcRkOngj2GNRapbKZAJ7/p08=,E8d0teIzsJfRiAnv2PZLXzfWRGI=
-28,-4,8W6fcRkOngj2GNRapbKZAJ7/p08=,y9BGfmb+r+dpxfjoU8QM3GE/Q5A=
-29,-4,8W6fcRkOngj2GNRapbKZAJ7/p08=,aACZl49txk9PAr3v5sD6xX4A0Qw=
-29,-5,8W6fcRkOngj2GNRapbKZAJ7/p08=,8eLalwPC/nFsQuPQB/xyw+fjHDk=
-28,-5,8W6fcRkOngj2GNRapbKZAJ7/p08=,NGVW0KNkVO8Fsk/9/f9imnIld6o=
-28,-2,8W6fcRkOngj2GNRapbKZAJ7/p08=,vxwgX1Q75F4haTEuGZ00f0RQfQA=
-28,-3,8W6fcRkOngj2GNRapbKZAJ7/p08=,y9BGfmb+r+dpxfjoU8QM3GE/Q5A=
-29,-2,8W6fcRkOngj2GNRapbKZAJ7/p08=,+pNIii6m5HwMbMQNAVIITlP+qjA=
-29,-3,8W6fcRkOngj2GNRapbKZAJ7/p08=,aACZl49txk9PAr3v5sD6xX4A0Qw=
-30,-2,8W6fcRkOngj2GNRapbKZAJ7/p08=,+pNIii6m5HwMbMQNAVIITlP+qjA=
-31,-3,8W6fcRkOngj2GNRapbKZAJ7/p08=,Bt9PjvNz698DtmhM45mWAYxhFGU=
-30,-3,8W6fcRkOngj2GNRapbKZAJ7/p08=,aACZl49txk9PAr3v5sD6xX4A0Qw=
-31,-2,8W6fcRkOngj2GNRapbKZAJ7/p08=,HZFxECKCAYh9KPL09g4Y0eaNMIQ=
-26,-3,y8pqYXUdxrnSRPfVPjxG5ZCwE5Q=,0QpgBg3fZwbW7U5I5CYGhruqMBk=
-27,-3,y8pqYXUdxrnSRPfVPjxG5ZCwE5Q=,y9BGfmb+r+dpxfjoU8QM3GE/Q5A=
-27,-2,y8pqYXUdxrnSRPfVPjxG5ZCwE5Q=,vxwgX1Q75F4haTEuGZ00f0RQfQA=
-26,-2,y8pqYXUdxrnSRPfVPjxG5ZCwE5Q=,NLsqFIr9Nl8Oe6Xvyg5xE35/C4I=
-30,-4,y8pqYXUdxrnSRPfVPjxG5ZCwE5Q=,aACZl49txk9PAr3v5sD6xX4A0Qw=
-31,-5,y8pqYXUdxrnSRPfVPjxG5ZCwE5Q=,ZK3SAitdMlS+XQr3/ARyMslbbfk=
-30,-5,y8pqYXUdxrnSRPfVPjxG5ZCwE5Q=,8eLalwPC/nFsQuPQB/xyw+fjHDk=
-31,-4,y8pqYXUdxrnSRPfVPjxG5ZCwE5Q=,Bt9PjvNz698DtmhM45mWAYxhFGU=
-25,-3,y8pqYXUdxrnSRPfVPjxG5ZCwE5Q=,0QpgBg3fZwbW7U5I5CYGhruqMBk=
-25,-2,y8pqYXUdxrnSRPfVPjxG5ZCwE5Q=,NLsqFIr9Nl8Oe6Xvyg5xE35/C4I=
-24,-3,y8pqYXUdxrnSRPfVPjxG5ZCwE5Q=,dAOmqEFpSm69DAvN677S+0s6P1c=
-24,-2,y8pqYXUdxrnSRPfVPjxG5ZCwE5Q=,9R/KBc8E3miML3iHINCLskoIDb4=
-30,-6,y8pqYXUdxrnSRPfVPjxG5ZCwE5Q=,8eLalwPC/nFsQuPQB/xyw+fjHDk=
-30,-7,y8pqYXUdxrnSRPfVPjxG5ZCwE5Q=,yFFi/fULXmONcqoynG3DajXwouc=
-31,-6,y8pqYXUdxrnSRPfVPjxG5ZCwE5Q=,ZK3SAitdMlS+XQr3/ARyMslbbfk=
-31,-7,y8pqYXUdxrnSRPfVPjxG5ZCwE5Q=,dorjP8v884J0Tg87zvCiXktIxDQ=
-30,-8,y8pqYXUdxrnSRPfVPjxG5ZCwE5Q=,yFFi/fULXmONcqoynG3DajXwouc=
-31,-8,y8pqYXUdxrnSRPfVPjxG5ZCwE5Q=,dorjP8v884J0Tg87zvCiXktIxDQ=
-30,-9,y8pqYXUdxrnSRPfVPjxG5ZCwE5Q=,UWAPVPnDzg7vE+SdUm7UaFiH3zk=
-31,-9,y8pqYXUdxrnSRPfVPjxG5ZCwE5Q=,cxEoFGxdxZWQss95xsudgBOlJZM=
-30,-10,y8pqYXUdxrnSRPfVPjxG5ZCwE5Q=,UWAPVPnDzg7vE+SdUm7UaFiH3zk=
-30,-11,y8pqYXUdxrnSRPfVPjxG5ZCwE5Q=,KdpIz/SuAYJgP8BqoUddEGpPPx4=
-31,-10,y8pqYXUdxrnSRPfVPjxG5ZCwE5Q=,cxEoFGxdxZWQss95xsudgBOlJZM=
-31,-11,y8pqYXUdxrnSRPfVPjxG5ZCwE5Q=,XViANW2EfeR1+1CHEScsZ+K4Xc0=
-23,-2,y8pqYXUdxrnSRPfVPjxG5ZCwE5Q=,9R/KBc8E3miML3iHINCLskoIDb4=
-22,-2,y8pqYXUdxrnSRPfVPjxG5ZCwE5Q=,qmcm3RtMvIQIAzQyvLbYYKSM2IA=
-22,-3,y8pqYXUdxrnSRPfVPjxG5ZCwE5Q=,7pAC0uWbjiJZpCrURcUjfaE00v4=
-23,-3,y8pqYXUdxrnSRPfVPjxG5ZCwE5Q=,dAOmqEFpSm69DAvN677S+0s6P1c=
-22,-4,y8pqYXUdxrnSRPfVPjxG5ZCwE5Q=,7pAC0uWbjiJZpCrURcUjfaE00v4=
-23,-5,y8pqYXUdxrnSRPfVPjxG5ZCwE5Q=,A8U3oy+BzX3zoblrc765W71tV0w=
-23,-4,y8pqYXUdxrnSRPfVPjxG5ZCwE5Q=,dAOmqEFpSm69DAvN677S+0s6P1c=
-22,-5,y8pqYXUdxrnSRPfVPjxG5ZCwE5Q=,m64o5hRk8kHzuJ55ffqt35a13t4=
-21,-4,y8pqYXUdxrnSRPfVPjxG5ZCwE5Q=,7pAC0uWbjiJZpCrURcUjfaE00v4=
-20,-5,y8pqYXUdxrnSRPfVPjxG5ZCwE5Q=,gLiSkyD1DYEMx48ZKpsprTbksRQ=
-21,-5,y8pqYXUdxrnSRPfVPjxG5ZCwE5Q=,m64o5hRk8kHzuJ55ffqt35a13t4=
-20,-4,y8pqYXUdxrnSRPfVPjxG5ZCwE5Q=,OolqjL7eYnTUBiTXTUZdasjtJnA=
-20,-7,y8pqYXUdxrnSRPfVPjxG5ZCwE5Q=,qJW21kElrIrMxTK2nEqO4adfTb4=
-20,-6,y8pqYXUdxrnSRPfVPjxG5ZCwE5Q=,gLiSkyD1DYEMx48ZKpsprTbksRQ=
-21,-6,y8pqYXUdxrnSRPfVPjxG5ZCwE5Q=,m64o5hRk8kHzuJ55ffqt35a13t4=
-23,-6,y8pqYXUdxrnSRPfVPjxG5ZCwE5Q=,A8U3oy+BzX3zoblrc765W71tV0w=
-23,-7,y8pqYXUdxrnSRPfVPjxG5ZCwE5Q=,P3opkoyWRdxlvGvjfhOI2NYuHGI=
-22,-6,y8pqYXUdxrnSRPfVPjxG5ZCwE5Q=,m64o5hRk8kHzuJ55ffqt35a13t4=
-21,-7,y8pqYXUdxrnSRPfVPjxG5ZCwE5Q=,vVkpsGFBI/S01g5X5Iq+hBuCUe8=
-22,-7,y8pqYXUdxrnSRPfVPjxG5ZCwE5Q=,vVkpsGFBI/S01g5X5Iq+hBuCUe8=
-19,-7,y8pqYXUdxrnSRPfVPjxG5ZCwE5Q=,qJW21kElrIrMxTK2nEqO4adfTb4=
-19,-6,y8pqYXUdxrnSRPfVPjxG5ZCwE5Q=,gLiSkyD1DYEMx48ZKpsprTbksRQ=
-18,-6,y8pqYXUdxrnSRPfVPjxG5ZCwE5Q=,vE2yBnnHrFiRSFDOVAq9p6gtGzA=
-18,-7,y8pqYXUdxrnSRPfVPjxG5ZCwE5Q=,bbXYzh8rQJytWnhNDm+4z18JMdg=
-20,-9,y8pqYXUdxrnSRPfVPjxG5ZCwE5Q=,MQwkP5RJ+zcShACamAfQZysQ9TI=
-20,-8,y8pqYXUdxrnSRPfVPjxG5ZCwE5Q=,qJW21kElrIrMxTK2nEqO4adfTb4=
-21,-8,y8pqYXUdxrnSRPfVPjxG5ZCwE5Q=,vVkpsGFBI/S01g5X5Iq+hBuCUe8=
-21,-9,y8pqYXUdxrnSRPfVPjxG5ZCwE5Q=,v8yyD0Px0p/HElr0NK1O4pFmPyc=
-18,-8,y8pqYXUdxrnSRPfVPjxG5ZCwE5Q=,bbXYzh8rQJytWnhNDm+4z18JMdg=
-19,-8,y8pqYXUdxrnSRPfVPjxG5ZCwE5Q=,qJW21kElrIrMxTK2nEqO4adfTb4=
-19,-9,y8pqYXUdxrnSRPfVPjxG5ZCwE5Q=,MQwkP5RJ+zcShACamAfQZysQ9TI=
-18,-9,y8pqYXUdxrnSRPfVPjxG5ZCwE5Q=,0w/6eevs4+7EHY5dXpC8eCKNxk0=
-20,-10,y8pqYXUdxrnSRPfVPjxG5ZCwE5Q=,MQwkP5RJ+zcShACamAfQZysQ9TI=
-20,-11,y8pqYXUdxrnSRPfVPjxG5ZCwE5Q=,Wa6Lx61ywOCUZiaSX1FTAd2bs4w=
-21,-10,y8pqYXUdxrnSRPfVPjxG5ZCwE5Q=,v8yyD0Px0p/HElr0NK1O4pFmPyc=
-20,-13,y8pqYXUdxrnSRPfVPjxG5ZCwE5Q=,MN4RF6Rb1fDCOuE1P3qpZVKcwg4=
-20,-12,y8pqYXUdxrnSRPfVPjxG5ZCwE5Q=,Wa6Lx61ywOCUZiaSX1FTAd2bs4w=
-21,-13,y8pqYXUdxrnSRPfVPjxG5ZCwE5Q=,58ic3YRK8dhI9/DR+3TIn77SaQ8=
-21,-11,y8pqYXUdxrnSRPfVPjxG5ZCwE5Q=,UMdsPtluU+am8aDbi/+iiNCbJks=
-21,-12,y8pqYXUdxrnSRPfVPjxG5ZCwE5Q=,UMdsPtluU+am8aDbi/+iiNCbJks=
-18,-11,y8pqYXUdxrnSRPfVPjxG5ZCwE5Q=,p2qpZwf5QOOJpdoVoGcPCNrfvLU=
-19,-10,y8pqYXUdxrnSRPfVPjxG5ZCwE5Q=,MQwkP5RJ+zcShACamAfQZysQ9TI=
-18,-10,y8pqYXUdxrnSRPfVPjxG5ZCwE5Q=,0w/6eevs4+7EHY5dXpC8eCKNxk0=
-27,-12,y8pqYXUdxrnSRPfVPjxG5ZCwE5Q=,AEdtfajEmzFtezcKMscC70zpLG0=
-19,-11,y8pqYXUdxrnSRPfVPjxG5ZCwE5Q=,Wa6Lx61ywOCUZiaSX1FTAd2bs4w=
-27,-13,y8pqYXUdxrnSRPfVPjxG5ZCwE5Q=,NSLpCsY+lw3cwAsjnRBrhjAGsmg=
-26,-12,y8pqYXUdxrnSRPfVPjxG5ZCwE5Q=,nJp8VQYYwc1TRTs78dvp/LZLt/A=
-26,-13,y8pqYXUdxrnSRPfVPjxG5ZCwE5Q=,zRM7Rb4W7JkNNOEmBDhVmNRYaGY=
-23,-13,y8pqYXUdxrnSRPfVPjxG5ZCwE5Q=,pnRnbxOEu3ROOd4iJUHF9KN2ntU=
-22,-13,y8pqYXUdxrnSRPfVPjxG5ZCwE5Q=,58ic3YRK8dhI9/DR+3TIn77SaQ8=
-24,-12,y8pqYXUdxrnSRPfVPjxG5ZCwE5Q=,OjqrXVkuxJXzBrZj3e9AAhFYIBU=
-30,-1,y8pqYXUdxrnSRPfVPjxG5ZCwE5Q=,+pNIii6m5HwMbMQNAVIITlP+qjA=
-31,-1,y8pqYXUdxrnSRPfVPjxG5ZCwE5Q=,HZFxECKCAYh9KPL09g4Y0eaNMIQ=
-23,-12,y8pqYXUdxrnSRPfVPjxG5ZCwE5Q=,OjqrXVkuxJXzBrZj3e9AAhFYIBU=
-28,-1,y8pqYXUdxrnSRPfVPjxG5ZCwE5Q=,vxwgX1Q75F4haTEuGZ00f0RQfQA=
-29,-1,y8pqYXUdxrnSRPfVPjxG5ZCwE5Q=,+pNIii6m5HwMbMQNAVIITlP+qjA=
-22,-12,y8pqYXUdxrnSRPfVPjxG5ZCwE5Q=,UMdsPtluU+am8aDbi/+iiNCbJks=
-25,-13,y8pqYXUdxrnSRPfVPjxG5ZCwE5Q=,zRM7Rb4W7JkNNOEmBDhVmNRYaGY=
-27,-1,y8pqYXUdxrnSRPfVPjxG5ZCwE5Q=,vxwgX1Q75F4haTEuGZ00f0RQfQA=
-26,-1,y8pqYXUdxrnSRPfVPjxG5ZCwE5Q=,NLsqFIr9Nl8Oe6Xvyg5xE35/C4I=
-25,-12,y8pqYXUdxrnSRPfVPjxG5ZCwE5Q=,nJp8VQYYwc1TRTs78dvp/LZLt/A=
-24,-1,y8pqYXUdxrnSRPfVPjxG5ZCwE5Q=,9R/KBc8E3miML3iHINCLskoIDb4=
-24,-13,y8pqYXUdxrnSRPfVPjxG5ZCwE5Q=,pnRnbxOEu3ROOd4iJUHF9KN2ntU=
-26,-8,y8pqYXUdxrnSRPfVPjxG5ZCwE5Q=,7ECgSyB4DqeR5VdQdI3rPniEbos=
-26,-9,y8pqYXUdxrnSRPfVPjxG5ZCwE5Q=,TZhwCLI32Odjl871zyhHLS9McO8=
-23,-1,y8pqYXUdxrnSRPfVPjxG5ZCwE5Q=,9R/KBc8E3miML3iHINCLskoIDb4=
-27,-9,y8pqYXUdxrnSRPfVPjxG5ZCwE5Q=,8ZhdAIsQTMW0IuGMRN5Zpr8VOCo=
-27,-11,y8pqYXUdxrnSRPfVPjxG5ZCwE5Q=,AEdtfajEmzFtezcKMscC70zpLG0=
-25,-1,y8pqYXUdxrnSRPfVPjxG5ZCwE5Q=,NLsqFIr9Nl8Oe6Xvyg5xE35/C4I=
-22,-1,y8pqYXUdxrnSRPfVPjxG5ZCwE5Q=,qmcm3RtMvIQIAzQyvLbYYKSM2IA=
-27,-8,y8pqYXUdxrnSRPfVPjxG5ZCwE5Q=,93hT1+FYUxzUrUGkPJWFDjrN1S4=
-26,-10,y8pqYXUdxrnSRPfVPjxG5ZCwE5Q=,TZhwCLI32Odjl871zyhHLS9McO8=
-26,-11,y8pqYXUdxrnSRPfVPjxG5ZCwE5Q=,nJp8VQYYwc1TRTs78dvp/LZLt/A=
-27,-10,y8pqYXUdxrnSRPfVPjxG5ZCwE5Q=,8ZhdAIsQTMW0IuGMRN5Zpr8VOCo=
-22,-8,y8pqYXUdxrnSRPfVPjxG5ZCwE5Q=,vVkpsGFBI/S01g5X5Iq+hBuCUe8=
-24,-10,y8pqYXUdxrnSRPfVPjxG5ZCwE5Q=,mfui0+zecG9mdG5Rim2fa5wDMsY=
-25,-11,y8pqYXUdxrnSRPfVPjxG5ZCwE5Q=,nJp8VQYYwc1TRTs78dvp/LZLt/A=
-25,-9,y8pqYXUdxrnSRPfVPjxG5ZCwE5Q=,TZhwCLI32Odjl871zyhHLS9McO8=
-22,-10,y8pqYXUdxrnSRPfVPjxG5ZCwE5Q=,v8yyD0Px0p/HElr0NK1O4pFmPyc=
-24,-11,y8pqYXUdxrnSRPfVPjxG5ZCwE5Q=,OjqrXVkuxJXzBrZj3e9AAhFYIBU=
-23,-9,y8pqYXUdxrnSRPfVPjxG5ZCwE5Q=,mfui0+zecG9mdG5Rim2fa5wDMsY=
-22,-9,y8pqYXUdxrnSRPfVPjxG5ZCwE5Q=,v8yyD0Px0p/HElr0NK1O4pFmPyc=
-25,-8,y8pqYXUdxrnSRPfVPjxG5ZCwE5Q=,7ECgSyB4DqeR5VdQdI3rPniEbos=
-23,-11,y8pqYXUdxrnSRPfVPjxG5ZCwE5Q=,OjqrXVkuxJXzBrZj3e9AAhFYIBU=
-20,-2,y8pqYXUdxrnSRPfVPjxG5ZCwE5Q=,pXh6ydAgNbHcKiKjJNpBLmfc8GA=
-24,-9,y8pqYXUdxrnSRPfVPjxG5ZCwE5Q=,mfui0+zecG9mdG5Rim2fa5wDMsY=
-23,-10,y8pqYXUdxrnSRPfVPjxG5ZCwE5Q=,mfui0+zecG9mdG5Rim2fa5wDMsY=
-25,-10,y8pqYXUdxrnSRPfVPjxG5ZCwE5Q=,TZhwCLI32Odjl871zyhHLS9McO8=
-24,-8,y8pqYXUdxrnSRPfVPjxG5ZCwE5Q=,P3opkoyWRdxlvGvjfhOI2NYuHGI=
-23,-8,y8pqYXUdxrnSRPfVPjxG5ZCwE5Q=,P3opkoyWRdxlvGvjfhOI2NYuHGI=
-22,-11,y8pqYXUdxrnSRPfVPjxG5ZCwE5Q=,UMdsPtluU+am8aDbi/+iiNCbJks=
-20,-3,y8pqYXUdxrnSRPfVPjxG5ZCwE5Q=,OolqjL7eYnTUBiTXTUZdasjtJnA=
-20,-1,y8pqYXUdxrnSRPfVPjxG5ZCwE5Q=,pXh6ydAgNbHcKiKjJNpBLmfc8GA=
-21,-1,y8pqYXUdxrnSRPfVPjxG5ZCwE5Q=,qmcm3RtMvIQIAzQyvLbYYKSM2IA=
-17,-7,y8pqYXUdxrnSRPfVPjxG5ZCwE5Q=,bbXYzh8rQJytWnhNDm+4z18JMdg=
-17,-6,y8pqYXUdxrnSRPfVPjxG5ZCwE5Q=,vE2yBnnHrFiRSFDOVAq9p6gtGzA=
-19,-5,y8pqYXUdxrnSRPfVPjxG5ZCwE5Q=,gLiSkyD1DYEMx48ZKpsprTbksRQ=
-19,-4,y8pqYXUdxrnSRPfVPjxG5ZCwE5Q=,OolqjL7eYnTUBiTXTUZdasjtJnA=
-17,-4,y8pqYXUdxrnSRPfVPjxG5ZCwE5Q=,iajX62MkhDBmPTWwUOfWE5IaQR4=
-21,-3,y8pqYXUdxrnSRPfVPjxG5ZCwE5Q=,7pAC0uWbjiJZpCrURcUjfaE00v4=
-19,-2,y8pqYXUdxrnSRPfVPjxG5ZCwE5Q=,pXh6ydAgNbHcKiKjJNpBLmfc8GA=
-18,-4,y8pqYXUdxrnSRPfVPjxG5ZCwE5Q=,iajX62MkhDBmPTWwUOfWE5IaQR4=
-18,-5,y8pqYXUdxrnSRPfVPjxG5ZCwE5Q=,vE2yBnnHrFiRSFDOVAq9p6gtGzA=
-18,-3,y8pqYXUdxrnSRPfVPjxG5ZCwE5Q=,iajX62MkhDBmPTWwUOfWE5IaQR4=
-21,-2,y8pqYXUdxrnSRPfVPjxG5ZCwE5Q=,qmcm3RtMvIQIAzQyvLbYYKSM2IA=
-19,-3,y8pqYXUdxrnSRPfVPjxG5ZCwE5Q=,OolqjL7eYnTUBiTXTUZdasjtJnA=
-17,-2,y8pqYXUdxrnSRPfVPjxG5ZCwE5Q=,mXRS8YZW0X9p8CaQ741NsPIfVeA=
-17,-3,y8pqYXUdxrnSRPfVPjxG5ZCwE5Q=,iajX62MkhDBmPTWwUOfWE5IaQR4=
-17,-10,y8pqYXUdxrnSRPfVPjxG5ZCwE5Q=,0w/6eevs4+7EHY5dXpC8eCKNxk0=
-17,-5,y8pqYXUdxrnSRPfVPjxG5ZCwE5Q=,vE2yBnnHrFiRSFDOVAq9p6gtGzA=
-17,-11,y8pqYXUdxrnSRPfVPjxG5ZCwE5Q=,p2qpZwf5QOOJpdoVoGcPCNrfvLU=
-17,-9,y8pqYXUdxrnSRPfVPjxG5ZCwE5Q=,0w/6eevs4+7EHY5dXpC8eCKNxk0=
-17,-8,y8pqYXUdxrnSRPfVPjxG5ZCwE5Q=,bbXYzh8rQJytWnhNDm+4z18JMdg=
-18,-2,y8pqYXUdxrnSRPfVPjxG5ZCwE5Q=,mXRS8YZW0X9p8CaQ741NsPIfVeA=
-21,-16,y8pqYXUdxrnSRPfVPjxG5ZCwE5Q=,gWAfA6RFleJbr3CTbf/uc5rPGlQ=
-22,-16,y8pqYXUdxrnSRPfVPjxG5ZCwE5Q=,gWAfA6RFleJbr3CTbf/uc5rPGlQ=
-20,-16,y8pqYXUdxrnSRPfVPjxG5ZCwE5Q=,XcVOVnLtmNql2yhfWnM6zn1PFv8=
-23,-16,y8pqYXUdxrnSRPfVPjxG5ZCwE5Q=,l9btdmE4oJY+50wP/u1sIYDX+lU=
-25,-16,y8pqYXUdxrnSRPfVPjxG5ZCwE5Q=,nmledPk7AFgNegQ2WxDo/tam5SU=
-24,-16,tsQSA/HFUh7/32t72ki2Yg894nI=,l9btdmE4oJY+50wP/u1sIYDX+lU=
-26,-16,tsQSA/HFUh7/32t72ki2Yg894nI=,nmledPk7AFgNegQ2WxDo/tam5SU=
-27,-16,tsQSA/HFUh7/32t72ki2Yg894nI=,jTM1ygyXJ68TMYtiGrdl/3e/Wdg=
-28,-16,tsQSA/HFUh7/32t72ki2Yg894nI=,jTM1ygyXJ68TMYtiGrdl/3e/Wdg=
-29,-16,tsQSA/HFUh7/32t72ki2Yg894nI=,mBzt7cCZP3kupP3OvBbmfbtUSJ8=
-19,-12,tsQSA/HFUh7/32t72ki2Yg894nI=,Wa6Lx61ywOCUZiaSX1FTAd2bs4w=
-18,-13,tsQSA/HFUh7/32t72ki2Yg894nI=,bpWCzKJa+8ulK6xpHI/lKtH6wG8=
-18,-15,tsQSA/HFUh7/32t72ki2Yg894nI=,CRo58tcvIQBexs5DqGVXuhSsS78=
-19,-13,tsQSA/HFUh7/32t72ki2Yg894nI=,MN4RF6Rb1fDCOuE1P3qpZVKcwg4=
-18,-16,tsQSA/HFUh7/32t72ki2Yg894nI=,CRo58tcvIQBexs5DqGVXuhSsS78=
-18,-12,tsQSA/HFUh7/32t72ki2Yg894nI=,p2qpZwf5QOOJpdoVoGcPCNrfvLU=
-17,-12,tsQSA/HFUh7/32t72ki2Yg894nI=,p2qpZwf5QOOJpdoVoGcPCNrfvLU=
-19,-15,tsQSA/HFUh7/32t72ki2Yg894nI=,XcVOVnLtmNql2yhfWnM6zn1PFv8=
-17,-13,tsQSA/HFUh7/32t72ki2Yg894nI=,bpWCzKJa+8ulK6xpHI/lKtH6wG8=
-18,-14,tsQSA/HFUh7/32t72ki2Yg894nI=,bpWCzKJa+8ulK6xpHI/lKtH6wG8=
-17,-14,tsQSA/HFUh7/32t72ki2Yg894nI=,bpWCzKJa+8ulK6xpHI/lKtH6wG8=
-19,-14,tsQSA/HFUh7/32t72ki2Yg894nI=,MN4RF6Rb1fDCOuE1P3qpZVKcwg4=
-17,-15,tsQSA/HFUh7/32t72ki2Yg894nI=,CRo58tcvIQBexs5DqGVXuhSsS78=
-19,-16,tsQSA/HFUh7/32t72ki2Yg894nI=,XcVOVnLtmNql2yhfWnM6zn1PFv8=
-32,-8,tsQSA/HFUh7/32t72ki2Yg894nI=,dorjP8v884J0Tg87zvCiXktIxDQ=
-32,-6,tsQSA/HFUh7/32t72ki2Yg894nI=,ZK3SAitdMlS+XQr3/ARyMslbbfk=
-32,-7,tsQSA/HFUh7/32t72ki2Yg894nI=,dorjP8v884J0Tg87zvCiXktIxDQ=
-32,-10,tsQSA/HFUh7/32t72ki2Yg894nI=,cxEoFGxdxZWQss95xsudgBOlJZM=
-32,-11,tsQSA/HFUh7/32t72ki2Yg894nI=,XViANW2EfeR1+1CHEScsZ+K4Xc0=
-32,-5,tsQSA/HFUh7/32t72ki2Yg894nI=,ZK3SAitdMlS+XQr3/ARyMslbbfk=
-32,-4,tsQSA/HFUh7/32t72ki2Yg894nI=,Bt9PjvNz698DtmhM45mWAYxhFGU=
-32,-9,tsQSA/HFUh7/32t72ki2Yg894nI=,cxEoFGxdxZWQss95xsudgBOlJZM=
-32,-2,tsQSA/HFUh7/32t72ki2Yg894nI=,HZFxECKCAYh9KPL09g4Y0eaNMIQ=
-32,-3,tsQSA/HFUh7/32t72ki2Yg894nI=,Bt9PjvNz698DtmhM45mWAYxhFGU=
-32,-1,tsQSA/HFUh7/32t72ki2Yg894nI=,HZFxECKCAYh9KPL09g4Y0eaNMIQ=
-17,-1,tsQSA/HFUh7/32t72ki2Yg894nI=,mXRS8YZW0X9p8CaQ741NsPIfVeA=
-17,-16,tsQSA/HFUh7/32t72ki2Yg894nI=,CRo58tcvIQBexs5DqGVXuhSsS78=
-19,-1,tsQSA/HFUh7/32t72ki2Yg894nI=,pXh6ydAgNbHcKiKjJNpBLmfc8GA=
-18,-1,tsQSA/HFUh7/32t72ki2Yg894nI=,mXRS8YZW0X9p8CaQ741NsPIfVeA=
-30,-16,tsQSA/HFUh7/32t72ki2Yg894nI=,mBzt7cCZP3kupP3OvBbmfbtUSJ8=
-32,-16,tsQSA/HFUh7/32t72ki2Yg894nI=,b5cEVz+4W6bjaItVoq96EkfqPRM=
-31,-16,tsQSA/HFUh7/32t72ki2Yg894nI=,b5cEVz+4W6bjaItVoq96EkfqPRM=
-30,-15,tsQSA/HFUh7/32t72ki2Yg894nI=,mBzt7cCZP3kupP3OvBbmfbtUSJ8=
-31,-12,tsQSA/HFUh7/32t72ki2Yg894nI=,XViANW2EfeR1+1CHEScsZ+K4Xc0=
-30,-13,tsQSA/HFUh7/32t72ki2Yg894nI=,fEy7P6twv+Capbj/E91eXj4diJ4=
-32,-14,tsQSA/HFUh7/32t72ki2Yg894nI=,y8zU8YocdDt3yaQq1+OEh5wmmJA=
-31,-15,tsQSA/HFUh7/32t72ki2Yg894nI=,b5cEVz+4W6bjaItVoq96EkfqPRM=
-32,-15,tsQSA/HFUh7/32t72ki2Yg894nI=,b5cEVz+4W6bjaItVoq96EkfqPRM=
-32,-13,tsQSA/HFUh7/32t72ki2Yg894nI=,y8zU8YocdDt3yaQq1+OEh5wmmJA=
-30,-12,tsQSA/HFUh7/32t72ki2Yg894nI=,KdpIz/SuAYJgP8BqoUddEGpPPx4=
-31,-14,tsQSA/HFUh7/32t72ki2Yg894nI=,y8zU8YocdDt3yaQq1+OEh5wmmJA=
-32,-12,tsQSA/HFUh7/32t72ki2Yg894nI=,XViANW2EfeR1+1CHEScsZ+K4Xc0=
-31,-13,tsQSA/HFUh7/32t72ki2Yg894nI=,y8zU8YocdDt3yaQq1+OEh5wmmJA=
-30,-14,tsQSA/HFUh7/32t72ki2Yg894nI=,fEy7P6twv+Capbj/E91eXj4diJ4=
