-18,2,IWZuRa6aX+Wl8k0TSWBy8WIQRT4=,JDwekEL1ggqMJdLC7JloDgw4cDM=
-19,2,IWZuRa6aX+Wl8k0TSWBy8WIQRT4=,gzu2AReeuY7PRoYg+5Lgyr7GlHc=
-18,1,IWZuRa6aX+Wl8k0TSWBy8WIQRT4=,OcIDgyJ9vlCdm36fAT21s8AgccY=
-19,1,IWZuRa6aX+Wl8k0TSWBy8WIQRT4=,WHJCpwgBTuwTY5e/77gafgXwofE=
-19,4,IWZuRa6aX+Wl8k0TSWBy8WIQRT4=,1o/iLEO38rDfTITTVip9/UzPF/I=
-19,3,IWZuRa6aX+Wl8k0TSWBy8WIQRT4=,gzu2AReeuY7PRoYg+5Lgyr7GlHc=
-18,3,IWZuRa6aX+Wl8k0TSWBy8WIQRT4=,JDwekEL1ggqMJdLC7JloDgw4cDM=
-18,4,IWZuRa6aX+Wl8k0TSWBy8WIQRT4=,EWkpQJfDftgZ+DxYMhOgCFGUKA4=
-18,6,IWZuRa6aX+Wl8k0TSWBy8WIQRT4=,APc2AXO+Z4VDvu7zJ1DcDT/0Ing=
-19,5,IWZuRa6aX+Wl8k0TSWBy8WIQRT4=,1o/iLEO38rDfTITTVip9/UzPF/I=
-19,6,IWZuRa6aX+Wl8k0TSWBy8WIQRT4=,kSAXmA1AlS6zvamBHwkykey9uYc=
-18,5,IWZuRa6aX+Wl8k0TSWBy8WIQRT4=,EWkpQJfDftgZ+DxYMhOgCFGUKA4=
-18,8,IWZuRa6aX+Wl8k0TSWBy8WIQRT4=,GKsdgCS0fRuh3Tgx2FOta4hF8kY=
-19,7,IWZuRa6aX+Wl8k0TSWBy8WIQRT4=,kSAXmA1AlS6zvamBHwkykey9uYc=
-19,8,IWZuRa6aX+Wl8k0TSWBy8WIQRT4=,AzdaVl0Hvmp4Jhmut/75/e0fep4=
-18,7,IWZuRa6aX+Wl8k0TSWBy8WIQRT4=,APc2AXO+Z4VDvu7zJ1DcDT/0Ing=
-18,9,IWZuRa6aX+Wl8k0TSWBy8WIQRT4=,GKsdgCS0fRuh3Tgx2FOta4hF8kY=
-19,9,IWZuRa6aX+Wl8k0TSWBy8WIQRT4=,AzdaVl0Hvmp4Jhmut/75/e0fep4=
-18,10,IWZuRa6aX+Wl8k0TSWBy8WIQRT4=,LQYg5nUu85eRPZpLO3cQf6QJfbY=
-19,10,IWZuRa6aX+Wl8k0TSWBy8WIQRT4=,IKHn2hKTooZZ+PLdk872gol0lrI=
-19,11,IWZuRa6aX+Wl8k0TSWBy8WIQRT4=,IKHn2hKTooZZ+PLdk872gol0lrI=
-18,11,IWZuRa6aX+Wl8k0TSWBy8WIQRT4=,LQYg5nUu85eRPZpLO3cQf6QJfbY=
-18,12,IWZuRa6aX+Wl8k0TSWBy8WIQRT4=,aBBj1s0AdvRiMsoR5Ra4CP71QX8=
-19,12,IWZuRa6aX+Wl8k0TSWBy8WIQRT4=,b0BM3TO8rUb7w24OChbIgs9CeXE=
-21,14,IWZuRa6aX+Wl8k0TSWBy8WIQRT4=,rhxbYWN39WRJa7ZRoGGIztbr59s=
-21,13,IWZuRa6aX+Wl8k0TSWBy8WIQRT4=,F9Ky+ufPXyO8oaUuns1Q4WaSLI4=
-20,13,IWZuRa6aX+Wl8k0TSWBy8WIQRT4=,b0BM3TO8rUb7w24OChbIgs9CeXE=
-20,14,IWZuRa6aX+Wl8k0TSWBy8WIQRT4=,qAI1QBhX5EOwyeZ7GzLwHnIROLA=
-18,14,IWZuRa6aX+Wl8k0TSWBy8WIQRT4=,TqqjNr/xSOTOQdO97fUswe9UrO0=
-18,13,IWZuRa6aX+Wl8k0TSWBy8WIQRT4=,aBBj1s0AdvRiMsoR5Ra4CP71QX8=
-19,13,IWZuRa6aX+Wl8k0TSWBy8WIQRT4=,b0BM3TO8rUb7w24OChbIgs9CeXE=
-19,14,IWZuRa6aX+Wl8k0TSWBy8WIQRT4=,qAI1QBhX5EOwyeZ7GzLwHnIROLA=
-21,11,IWZuRa6aX+Wl8k0TSWBy8WIQRT4=,wHYRR7WMVng1XIT5WTgcx4D2hdo=
-21,12,IWZuRa6aX+Wl8k0TSWBy8WIQRT4=,F9Ky+ufPXyO8oaUuns1Q4WaSLI4=
-20,11,IWZuRa6aX+Wl8k0TSWBy8WIQRT4=,IKHn2hKTooZZ+PLdk872gol0lrI=
-20,12,IWZuRa6aX+Wl8k0TSWBy8WIQRT4=,b0BM3TO8rUb7w24OChbIgs9CeXE=
-21,10,IWZuRa6aX+Wl8k0TSWBy8WIQRT4=,wHYRR7WMVng1XIT5WTgcx4D2hdo=
-21,9,IWZuRa6aX+Wl8k0TSWBy8WIQRT4=,mOJtp/92AZ1SgikfhPXyyHxWutU=
-20,9,IWZuRa6aX+Wl8k0TSWBy8WIQRT4=,AzdaVl0Hvmp4Jhmut/75/e0fep4=
-20,10,IWZuRa6aX+Wl8k0TSWBy8WIQRT4=,IKHn2hKTooZZ+PLdk872gol0lrI=
-21,7,IWZuRa6aX+Wl8k0TSWBy8WIQRT4=,mwPPxQgEcBfxeX+7Dt6rBV+cWlk=
-21,8,IWZuRa6aX+Wl8k0TSWBy8WIQRT4=,mOJtp/92AZ1SgikfhPXyyHxWutU=
-20,7,IWZuRa6aX+Wl8k0TSWBy8WIQRT4=,kSAXmA1AlS6zvamBHwkykey9uYc=
-20,8,IWZuRa6aX+Wl8k0TSWBy8WIQRT4=,AzdaVl0Hvmp4Jhmut/75/e0fep4=
-21,5,IWZuRa6aX+Wl8k0TSWBy8WIQRT4=,h5wtFl20MLnczpSFYOCArWPS/yc=
-21,6,IWZuRa6aX+Wl8k0TSWBy8WIQRT4=,mwPPxQgEcBfxeX+7Dt6rBV+cWlk=
-20,6,IWZuRa6aX+Wl8k0TSWBy8WIQRT4=,kSAXmA1AlS6zvamBHwkykey9uYc=
-20,5,IWZuRa6aX+Wl8k0TSWBy8WIQRT4=,1o/iLEO38rDfTITTVip9/UzPF/I=
-21,4,IWZuRa6aX+Wl8k0TSWBy8WIQRT4=,h5wtFl20MLnczpSFYOCArWPS/yc=
-20,4,IWZuRa6aX+Wl8k0TSWBy8WIQRT4=,1o/iLEO38rDfTITTVip9/UzPF/I=
-21,3,IWZuRa6aX+Wl8k0TSWBy8WIQRT4=,Y232HCvpROYgaWo9GKGCaXMICbA=
-20,3,IWZuRa6aX+Wl8k0TSWBy8WIQRT4=,gzu2AReeuY7PRoYg+5Lgyr7GlHc=
-23,3,ZeweTjGFwgqlRQgyFpdVUSi+5XY=,vjQLIQoHjxt4MhyErWVO8+j+Dmw=
-22,3,ZeweTjGFwgqlRQgyFpdVUSi+5XY=,Y232HCvpROYgaWo9GKGCaXMICbA=
-22,4,ZeweTjGFwgqlRQgyFpdVUSi+5XY=,h5wtFl20MLnczpSFYOCArWPS/yc=
-23,4,ZeweTjGFwgqlRQgyFpdVUSi+5XY=,5J5psoAKTPbRl6SrVHGvYDv87GU=
-20,2,ZeweTjGFwgqlRQgyFpdVUSi+5XY=,gzu2AReeuY7PRoYg+5Lgyr7GlHc=
-21,1,ZeweTjGFwgqlRQgyFpdVUSi+5XY=,OZZHnLygX4wpfXpOP4pcP3HrPsU=
-20,1,ZeweTjGFwgqlRQgyFpdVUSi+5XY=,WHJCpwgBTuwTY5e/77gafgXwofE=
-21,2,ZeweTjGFwgqlRQgyFpdVUSi+5XY=,Y232HCvpROYgaWo9GKGCaXMICbA=
-22,1,ZeweTjGFwgqlRQgyFpdVUSi+5XY=,OZZHnLygX4wpfXpOP4pcP3HrPsU=
-23,1,ZeweTjGFwgqlRQgyFpdVUSi+5XY=,gyUNlZNdE6CNG8RwgTbPCBktSpM=
-23,2,ZeweTjGFwgqlRQgyFpdVUSi+5XY=,vjQLIQoHjxt4MhyErWVO8+j+Dmw=
-22,2,ZeweTjGFwgqlRQgyFpdVUSi+5XY=,Y232HCvpROYgaWo9GKGCaXMICbA=
-22,5,ZeweTjGFwgqlRQgyFpdVUSi+5XY=,h5wtFl20MLnczpSFYOCArWPS/yc=
-23,5,ZeweTjGFwgqlRQgyFpdVUSi+5XY=,5J5psoAKTPbRl6SrVHGvYDv87GU=
-22,6,ZeweTjGFwgqlRQgyFpdVUSi+5XY=,mwPPxQgEcBfxeX+7Dt6rBV+cWlk=
-23,6,ZeweTjGFwgqlRQgyFpdVUSi+5XY=,7ZTfXrnSS+7VpsZPhH89P321rSw=
-22,7,ZeweTjGFwgqlRQgyFpdVUSi+5XY=,mwPPxQgEcBfxeX+7Dt6rBV+cWlk=
-24,7,ZeweTjGFwgqlRQgyFpdVUSi+5XY=,7ZTfXrnSS+7VpsZPhH89P321rSw=
-23,7,ZeweTjGFwgqlRQgyFpdVUSi+5XY=,7ZTfXrnSS+7VpsZPhH89P321rSw=
-25,7,ZeweTjGFwgqlRQgyFpdVUSi+5XY=,dl+oeuiK2puo1ziETQfMZaEffc4=
-22,8,ZeweTjGFwgqlRQgyFpdVUSi+5XY=,mOJtp/92AZ1SgikfhPXyyHxWutU=
-24,8,ZeweTjGFwgqlRQgyFpdVUSi+5XY=,vCDN/+E0TKXzE29p89dnHvzK2JU=
-23,8,ZeweTjGFwgqlRQgyFpdVUSi+5XY=,vCDN/+E0TKXzE29p89dnHvzK2JU=
-25,8,ZeweTjGFwgqlRQgyFpdVUSi+5XY=,uzC5SPBjDWUvCm9tJ9V5k6+KLcc=
-24,5,ZeweTjGFwgqlRQgyFpdVUSi+5XY=,5J5psoAKTPbRl6SrVHGvYDv87GU=
-24,6,ZeweTjGFwgqlRQgyFpdVUSi+5XY=,7ZTfXrnSS+7VpsZPhH89P321rSw=
-25,6,ZeweTjGFwgqlRQgyFpdVUSi+5XY=,dl+oeuiK2puo1ziETQfMZaEffc4=
-25,5,ZeweTjGFwgqlRQgyFpdVUSi+5XY=,1NFli/ovYwFfaRBnDXGFu8UP0UU=
-25,4,ZeweTjGFwgqlRQgyFpdVUSi+5XY=,1NFli/ovYwFfaRBnDXGFu8UP0UU=
-24,3,ZeweTjGFwgqlRQgyFpdVUSi+5XY=,vjQLIQoHjxt4MhyErWVO8+j+Dmw=
-24,4,ZeweTjGFwgqlRQgyFpdVUSi+5XY=,5J5psoAKTPbRl6SrVHGvYDv87GU=
-25,3,ZeweTjGFwgqlRQgyFpdVUSi+5XY=,0YZNapoh2LSGfvGfD5NXihWAJkc=
-24,1,ZeweTjGFwgqlRQgyFpdVUSi+5XY=,gyUNlZNdE6CNG8RwgTbPCBktSpM=
-25,2,ZeweTjGFwgqlRQgyFpdVUSi+5XY=,0YZNapoh2LSGfvGfD5NXihWAJkc=
-24,2,ZeweTjGFwgqlRQgyFpdVUSi+5XY=,vjQLIQoHjxt4MhyErWVO8+j+Dmw=
-25,1,ZeweTjGFwgqlRQgyFpdVUSi+5XY=,edPofm+M9tHCJxVz74aaDyHa/qU=
-26,3,ZeweTjGFwgqlRQgyFpdVUSi+5XY=,0YZNapoh2LSGfvGfD5NXihWAJkc=
-26,4,ZeweTjGFwgqlRQgyFpdVUSi+5XY=,1NFli/ovYwFfaRBnDXGFu8UP0UU=
-27,3,ZeweTjGFwgqlRQgyFpdVUSi+5XY=,Sy/08gNa8ccjFmJfuaoXhWa2pjA=
-27,4,ZeweTjGFwgqlRQgyFpdVUSi+5XY=,HXhlCXZADeewULfmQiOhdYRig+Q=
-27,2,ZeweTjGFwgqlRQgyFpdVUSi+5XY=,Sy/08gNa8ccjFmJfuaoXhWa2pjA=
-26,2,ZeweTjGFwgqlRQgyFpdVUSi+5XY=,0YZNapoh2LSGfvGfD5NXihWAJkc=
-26,1,ZeweTjGFwgqlRQgyFpdVUSi+5XY=,edPofm+M9tHCJxVz74aaDyHa/qU=
-27,1,ZeweTjGFwgqlRQgyFpdVUSi+5XY=,4BYtZGqmozrkmJ+yx4dKndHrJyE=
-26,5,ZeweTjGFwgqlRQgyFpdVUSi+5XY=,1NFli/ovYwFfaRBnDXGFu8UP0UU=
-27,5,ZeweTjGFwgqlRQgyFpdVUSi+5XY=,HXhlCXZADeewULfmQiOhdYRig+Q=
-26,6,ZeweTjGFwgqlRQgyFpdVUSi+5XY=,dl+oeuiK2puo1ziETQfMZaEffc4=
-27,6,ZeweTjGFwgqlRQgyFpdVUSi+5XY=,Ne6ZlUd+AiiTzNXjol9z+5v5GsA=
-28,3,ZeweTjGFwgqlRQgyFpdVUSi+5XY=,Sy/08gNa8ccjFmJfuaoXhWa2pjA=
-28,4,ZeweTjGFwgqlRQgyFpdVUSi+5XY=,HXhlCXZADeewULfmQiOhdYRig+Q=
-29,4,ZeweTjGFwgqlRQgyFpdVUSi+5XY=,nSLOHeMxkllya2VXLm5uBiXtaUM=
-29,3,ZeweTjGFwgqlRQgyFpdVUSi+5XY=,mmFy2bfdpRDPS3ocgrq+VCpXggI=
-28,5,ZeweTjGFwgqlRQgyFpdVUSi+5XY=,HXhlCXZADeewULfmQiOhdYRig+Q=
-29,5,ZeweTjGFwgqlRQgyFpdVUSi+5XY=,nSLOHeMxkllya2VXLm5uBiXtaUM=
-28,6,ZeweTjGFwgqlRQgyFpdVUSi+5XY=,Ne6ZlUd+AiiTzNXjol9z+5v5GsA=
-29,6,ZeweTjGFwgqlRQgyFpdVUSi+5XY=,9cdiEpwcCx6d5SbILmX/q8gHxMQ=
-30,5,ZeweTjGFwgqlRQgyFpdVUSi+5XY=,nSLOHeMxkllya2VXLm5uBiXtaUM=
-30,6,ZeweTjGFwgqlRQgyFpdVUSi+5XY=,9cdiEpwcCx6d5SbILmX/q8gHxMQ=
-31,5,ZeweTjGFwgqlRQgyFpdVUSi+5XY=,J4a6A+GGKXh9V7C+4nNRnYQmRK8=
-31,6,ZeweTjGFwgqlRQgyFpdVUSi+5XY=,WCdaT4H2+/kfAgxg/fBP0urrIss=
-30,8,ZeweTjGFwgqlRQgyFpdVUSi+5XY=,PwY+icb7v8sWDawQUbylbAldec8=
-31,8,ZeweTjGFwgqlRQgyFpdVUSi+5XY=,rkoHQxM+svzCttZuVxSOoRpvGY4=
-31,7,ZeweTjGFwgqlRQgyFpdVUSi+5XY=,WCdaT4H2+/kfAgxg/fBP0urrIss=
-30,7,ZeweTjGFwgqlRQgyFpdVUSi+5XY=,9cdiEpwcCx6d5SbILmX/q8gHxMQ=
-30,10,ZeweTjGFwgqlRQgyFpdVUSi+5XY=,JD/CbUCjD5hQ7+FnrgyW4tohxR8=
-31,10,ZeweTjGFwgqlRQgyFpdVUSi+5XY=,el02nqEYfzvM3Bww5+NK6KTaNfY=
-31,9,ZeweTjGFwgqlRQgyFpdVUSi+5XY=,rkoHQxM+svzCttZuVxSOoRpvGY4=
-30,9,ZeweTjGFwgqlRQgyFpdVUSi+5XY=,PwY+icb7v8sWDawQUbylbAldec8=
-28,11,ZeweTjGFwgqlRQgyFpdVUSi+5XY=,I69RyFseswHe64Qev93vFvoTxRc=
-28,12,ZeweTjGFwgqlRQgyFpdVUSi+5XY=,MKoOePw/rtbklswYecrZi2ipHXk=
-29,12,ZeweTjGFwgqlRQgyFpdVUSi+5XY=,Rd6KHc+oW5tX1iJonMVacyzuo1w=
-29,11,ZeweTjGFwgqlRQgyFpdVUSi+5XY=,JD/CbUCjD5hQ7+FnrgyW4tohxR8=
-30,11,ZeweTjGFwgqlRQgyFpdVUSi+5XY=,JD/CbUCjD5hQ7+FnrgyW4tohxR8=
-30,12,ZeweTjGFwgqlRQgyFpdVUSi+5XY=,Rd6KHc+oW5tX1iJonMVacyzuo1w=
-31,11,ZeweTjGFwgqlRQgyFpdVUSi+5XY=,el02nqEYfzvM3Bww5+NK6KTaNfY=
-31,12,ZeweTjGFwgqlRQgyFpdVUSi+5XY=,jzcD7JNfa48Ny+D6hJ/8iCM9Pwo=
-26,13,ZeweTjGFwgqlRQgyFpdVUSi+5XY=,EjsahxilKxZjTE82gjR4yvw7IiQ=
-27,14,ZeweTjGFwgqlRQgyFpdVUSi+5XY=,nTwHoh/ZxXBzUT6qP8SC+44fGvA=
-27,13,ZeweTjGFwgqlRQgyFpdVUSi+5XY=,MKoOePw/rtbklswYecrZi2ipHXk=
-26,14,ZeweTjGFwgqlRQgyFpdVUSi+5XY=,oBYLD0fICaTusAjYRsVpI9rgN54=
-29,13,ZeweTjGFwgqlRQgyFpdVUSi+5XY=,Rd6KHc+oW5tX1iJonMVacyzuo1w=
-28,14,ZeweTjGFwgqlRQgyFpdVUSi+5XY=,nTwHoh/ZxXBzUT6qP8SC+44fGvA=
-28,13,ZeweTjGFwgqlRQgyFpdVUSi+5XY=,MKoOePw/rtbklswYecrZi2ipHXk=
-29,14,ZeweTjGFwgqlRQgyFpdVUSi+5XY=,nJHF4i3j2WQ9vo0STUU7m9jlb8w=
-26,12,ZeweTjGFwgqlRQgyFpdVUSi+5XY=,EjsahxilKxZjTE82gjR4yvw7IiQ=
-26,11,ZeweTjGFwgqlRQgyFpdVUSi+5XY=,S7KmR47rso8WGkCRbfE6jH0v/yQ=
-27,11,ZeweTjGFwgqlRQgyFpdVUSi+5XY=,I69RyFseswHe64Qev93vFvoTxRc=
-27,12,ZeweTjGFwgqlRQgyFpdVUSi+5XY=,MKoOePw/rtbklswYecrZi2ipHXk=
-21,15,ZeweTjGFwgqlRQgyFpdVUSi+5XY=,rhxbYWN39WRJa7ZRoGGIztbr59s=
-20,15,ZeweTjGFwgqlRQgyFpdVUSi+5XY=,qAI1QBhX5EOwyeZ7GzLwHnIROLA=
-18,15,ZeweTjGFwgqlRQgyFpdVUSi+5XY=,TqqjNr/xSOTOQdO97fUswe9UrO0=
-19,15,ZeweTjGFwgqlRQgyFpdVUSi+5XY=,qAI1QBhX5EOwyeZ7GzLwHnIROLA=
-26,15,ZeweTjGFwgqlRQgyFpdVUSi+5XY=,oBYLD0fICaTusAjYRsVpI9rgN54=
-27,15,ZeweTjGFwgqlRQgyFpdVUSi+5XY=,nTwHoh/ZxXBzUT6qP8SC+44fGvA=
-28,15,ZeweTjGFwgqlRQgyFpdVUSi+5XY=,nTwHoh/ZxXBzUT6qP8SC+44fGvA=
-29,15,ZeweTjGFwgqlRQgyFpdVUSi+5XY=,nJHF4i3j2WQ9vo0STUU7m9jlb8w=
-32,11,ZeweTjGFwgqlRQgyFpdVUSi+5XY=,el02nqEYfzvM3Bww5+NK6KTaNfY=
-32,12,ZeweTjGFwgqlRQgyFpdVUSi+5XY=,jzcD7JNfa48Ny+D6hJ/8iCM9Pwo=
-32,10,ZeweTjGFwgqlRQgyFpdVUSi+5XY=,el02nqEYfzvM3Bww5+NK6KTaNfY=
-32,9,ZeweTjGFwgqlRQgyFpdVUSi+5XY=,rkoHQxM+svzCttZuVxSOoRpvGY4=
-32,7,ZeweTjGFwgqlRQgyFpdVUSi+5XY=,WCdaT4H2+/kfAgxg/fBP0urrIss=
-32,8,ZeweTjGFwgqlRQgyFpdVUSi+5XY=,rkoHQxM+svzCttZuVxSOoRpvGY4=
-32,5,ZeweTjGFwgqlRQgyFpdVUSi+5XY=,J4a6A+GGKXh9V7C+4nNRnYQmRK8=
-32,6,ZeweTjGFwgqlRQgyFpdVUSi+5XY=,WCdaT4H2+/kfAgxg/fBP0urrIss=
-25,12,ZeweTjGFwgqlRQgyFpdVUSi+5XY=,EjsahxilKxZjTE82gjR4yvw7IiQ=
-25,11,ZeweTjGFwgqlRQgyFpdVUSi+5XY=,S7KmR47rso8WGkCRbfE6jH0v/yQ=
-25,10,ZeweTjGFwgqlRQgyFpdVUSi+5XY=,S7KmR47rso8WGkCRbfE6jH0v/yQ=
-24,9,ZeweTjGFwgqlRQgyFpdVUSi+5XY=,vCDN/+E0TKXzE29p89dnHvzK2JU=
-22,12,ZeweTjGFwgqlRQgyFpdVUSi+5XY=,F9Ky+ufPXyO8oaUuns1Q4WaSLI4=
-25,9,ZeweTjGFwgqlRQgyFpdVUSi+5XY=,uzC5SPBjDWUvCm9tJ9V5k6+KLcc=
-22,10,ZeweTjGFwgqlRQgyFpdVUSi+5XY=,wHYRR7WMVng1XIT5WTgcx4D2hdo=
-23,9,ZeweTjGFwgqlRQgyFpdVUSi+5XY=,vCDN/+E0TKXzE29p89dnHvzK2JU=
-24,12,ZeweTjGFwgqlRQgyFpdVUSi+5XY=,xaWO1XKfO3ntWegT69AS/KUrvYE=
-23,12,ZeweTjGFwgqlRQgyFpdVUSi+5XY=,xaWO1XKfO3ntWegT69AS/KUrvYE=
-22,9,ZeweTjGFwgqlRQgyFpdVUSi+5XY=,mOJtp/92AZ1SgikfhPXyyHxWutU=
-23,11,ZeweTjGFwgqlRQgyFpdVUSi+5XY=,5GKgy6yY63VQSiAwswMqFJEoswI=
-24,10,ZeweTjGFwgqlRQgyFpdVUSi+5XY=,5GKgy6yY63VQSiAwswMqFJEoswI=
-22,11,ZeweTjGFwgqlRQgyFpdVUSi+5XY=,wHYRR7WMVng1XIT5WTgcx4D2hdo=
-23,10,ZeweTjGFwgqlRQgyFpdVUSi+5XY=,5GKgy6yY63VQSiAwswMqFJEoswI=
-24,11,ZeweTjGFwgqlRQgyFpdVUSi+5XY=,5GKgy6yY63VQSiAwswMqFJEoswI=
-25,13,ZeweTjGFwgqlRQgyFpdVUSi+5XY=,EjsahxilKxZjTE82gjR4yvw7IiQ=
-22,15,ZeweTjGFwgqlRQgyFpdVUSi+5XY=,rhxbYWN39WRJa7ZRoGGIztbr59s=
-25,15,ZeweTjGFwgqlRQgyFpdVUSi+5XY=,oBYLD0fICaTusAjYRsVpI9rgN54=
-22,14,ZeweTjGFwgqlRQgyFpdVUSi+5XY=,rhxbYWN39WRJa7ZRoGGIztbr59s=
-25,14,ZeweTjGFwgqlRQgyFpdVUSi+5XY=,oBYLD0fICaTusAjYRsVpI9rgN54=
-24,13,ZeweTjGFwgqlRQgyFpdVUSi+5XY=,xaWO1XKfO3ntWegT69AS/KUrvYE=
-23,13,sLJltoyo5aQhJ3m3KsmkaLyhfLY=,xaWO1XKfO3ntWegT69AS/KUrvYE=
-24,14,sLJltoyo5aQhJ3m3KsmkaLyhfLY=,Aykv/z0V1bgtIWqYZ2YeVummGi4=
-23,14,sLJltoyo5aQhJ3m3KsmkaLyhfLY=,Aykv/z0V1bgtIWqYZ2YeVummGi4=
-22,13,sLJltoyo5aQhJ3m3KsmkaLyhfLY=,F9Ky+ufPXyO8oaUuns1Q4WaSLI4=
-24,15,sLJltoyo5aQhJ3m3KsmkaLyhfLY=,Aykv/z0V1bgtIWqYZ2YeVummGi4=
-23,15,sLJltoyo5aQhJ3m3KsmkaLyhfLY=,Aykv/z0V1bgtIWqYZ2YeVummGi4=
-32,13,sLJltoyo5aQhJ3m3KsmkaLyhfLY=,jzcD7JNfa48Ny+D6hJ/8iCM9Pwo=
-30,13,sLJltoyo5aQhJ3m3KsmkaLyhfLY=,Rd6KHc+oW5tX1iJonMVacyzuo1w=
-32,14,sLJltoyo5aQhJ3m3KsmkaLyhfLY=,x1qdxE/4fTXLIkEvlPrg0ZVmJ58=
-31,13,sLJltoyo5aQhJ3m3KsmkaLyhfLY=,jzcD7JNfa48Ny+D6hJ/8iCM9Pwo=
-31,14,sLJltoyo5aQhJ3m3KsmkaLyhfLY=,x1qdxE/4fTXLIkEvlPrg0ZVmJ58=
-30,15,sLJltoyo5aQhJ3m3KsmkaLyhfLY=,nJHF4i3j2WQ9vo0STUU7m9jlb8w=
-30,14,sLJltoyo5aQhJ3m3KsmkaLyhfLY=,nJHF4i3j2WQ9vo0STUU7m9jlb8w=
-31,15,sLJltoyo5aQhJ3m3KsmkaLyhfLY=,x1qdxE/4fTXLIkEvlPrg0ZVmJ58=
-27,0,sLJltoyo5aQhJ3m3KsmkaLyhfLY=,4BYtZGqmozrkmJ+yx4dKndHrJyE=
-26,0,sLJltoyo5aQhJ3m3KsmkaLyhfLY=,edPofm+M9tHCJxVz74aaDyHa/qU=
-31,3,sLJltoyo5aQhJ3m3KsmkaLyhfLY=,V9I7aa7FiBH3z+6Cp23bSa0DPg8=
-24,0,sLJltoyo5aQhJ3m3KsmkaLyhfLY=,gyUNlZNdE6CNG8RwgTbPCBktSpM=
-25,0,sLJltoyo5aQhJ3m3KsmkaLyhfLY=,edPofm+M9tHCJxVz74aaDyHa/qU=
-31,4,sLJltoyo5aQhJ3m3KsmkaLyhfLY=,J4a6A+GGKXh9V7C+4nNRnYQmRK8=
-30,4,sLJltoyo5aQhJ3m3KsmkaLyhfLY=,nSLOHeMxkllya2VXLm5uBiXtaUM=
-32,3,sLJltoyo5aQhJ3m3KsmkaLyhfLY=,V9I7aa7FiBH3z+6Cp23bSa0DPg8=
-30,3,sLJltoyo5aQhJ3m3KsmkaLyhfLY=,mmFy2bfdpRDPS3ocgrq+VCpXggI=
-32,4,sLJltoyo5aQhJ3m3KsmkaLyhfLY=,J4a6A+GGKXh9V7C+4nNRnYQmRK8=
-23,0,sLJltoyo5aQhJ3m3KsmkaLyhfLY=,gyUNlZNdE6CNG8RwgTbPCBktSpM=
-22,0,sLJltoyo5aQhJ3m3KsmkaLyhfLY=,OZZHnLygX4wpfXpOP4pcP3HrPsU=
-20,0,sLJltoyo5aQhJ3m3KsmkaLyhfLY=,WHJCpwgBTuwTY5e/77gafgXwofE=
-18,0,sLJltoyo5aQhJ3m3KsmkaLyhfLY=,OcIDgyJ9vlCdm36fAT21s8AgccY=
-21,0,sLJltoyo5aQhJ3m3KsmkaLyhfLY=,OZZHnLygX4wpfXpOP4pcP3HrPsU=
-32,2,sLJltoyo5aQhJ3m3KsmkaLyhfLY=,V9I7aa7FiBH3z+6Cp23bSa0DPg8=
-32,1,sLJltoyo5aQhJ3m3KsmkaLyhfLY=,0HHKtb/AlSndwTEw+ZWcwaDufCk=
-17,2,sLJltoyo5aQhJ3m3KsmkaLyhfLY=,JDwekEL1ggqMJdLC7JloDgw4cDM=
-19,0,sLJltoyo5aQhJ3m3KsmkaLyhfLY=,WHJCpwgBTuwTY5e/77gafgXwofE=
-31,1,sLJltoyo5aQhJ3m3KsmkaLyhfLY=,0HHKtb/AlSndwTEw+ZWcwaDufCk=
-31,0,sLJltoyo5aQhJ3m3KsmkaLyhfLY=,0HHKtb/AlSndwTEw+ZWcwaDufCk=
-28,2,sLJltoyo5aQhJ3m3KsmkaLyhfLY=,Sy/08gNa8ccjFmJfuaoXhWa2pjA=
-28,0,sLJltoyo5aQhJ3m3KsmkaLyhfLY=,4BYtZGqmozrkmJ+yx4dKndHrJyE=
-29,1,sLJltoyo5aQhJ3m3KsmkaLyhfLY=,oO1ZjnTJO9c1c3KjfaotvRgGru4=
-28,1,sLJltoyo5aQhJ3m3KsmkaLyhfLY=,4BYtZGqmozrkmJ+yx4dKndHrJyE=
-31,2,sLJltoyo5aQhJ3m3KsmkaLyhfLY=,V9I7aa7FiBH3z+6Cp23bSa0DPg8=
-30,1,sLJltoyo5aQhJ3m3KsmkaLyhfLY=,oO1ZjnTJO9c1c3KjfaotvRgGru4=
-29,0,sLJltoyo5aQhJ3m3KsmkaLyhfLY=,oO1ZjnTJO9c1c3KjfaotvRgGru4=
-17,3,sLJltoyo5aQhJ3m3KsmkaLyhfLY=,JDwekEL1ggqMJdLC7JloDgw4cDM=
-17,4,sLJltoyo5aQhJ3m3KsmkaLyhfLY=,EWkpQJfDftgZ+DxYMhOgCFGUKA4=
-17,5,sLJltoyo5aQhJ3m3KsmkaLyhfLY=,EWkpQJfDftgZ+DxYMhOgCFGUKA4=
-17,6,sLJltoyo5aQhJ3m3KsmkaLyhfLY=,APc2AXO+Z4VDvu7zJ1DcDT/0Ing=
-30,0,sLJltoyo5aQhJ3m3KsmkaLyhfLY=,oO1ZjnTJO9c1c3KjfaotvRgGru4=
-29,2,sLJltoyo5aQhJ3m3KsmkaLyhfLY=,mmFy2bfdpRDPS3ocgrq+VCpXggI=
-17,10,sLJltoyo5aQhJ3m3KsmkaLyhfLY=,LQYg5nUu85eRPZpLO3cQf6QJfbY=
-17,1,sLJltoyo5aQhJ3m3KsmkaLyhfLY=,OcIDgyJ9vlCdm36fAT21s8AgccY=
-17,12,sLJltoyo5aQhJ3m3KsmkaLyhfLY=,aBBj1s0AdvRiMsoR5Ra4CP71QX8=
-30,2,sLJltoyo5aQhJ3m3KsmkaLyhfLY=,mmFy2bfdpRDPS3ocgrq+VCpXggI=
-17,9,sLJltoyo5aQhJ3m3KsmkaLyhfLY=,GKsdgCS0fRuh3Tgx2FOta4hF8kY=
-32,15,sLJltoyo5aQhJ3m3KsmkaLyhfLY=,x1qdxE/4fTXLIkEvlPrg0ZVmJ58=
-17,14,sLJltoyo5aQhJ3m3KsmkaLyhfLY=,TqqjNr/xSOTOQdO97fUswe9UrO0=
-32,0,sLJltoyo5aQhJ3m3KsmkaLyhfLY=,0HHKtb/AlSndwTEw+ZWcwaDufCk=
-17,11,sLJltoyo5aQhJ3m3KsmkaLyhfLY=,LQYg5nUu85eRPZpLO3cQf6QJfbY=
-17,15,sLJltoyo5aQhJ3m3KsmkaLyhfLY=,TqqjNr/xSOTOQdO97fUswe9UrO0=
-17,8,sLJltoyo5aQhJ3m3KsmkaLyhfLY=,GKsdgCS0fRuh3Tgx2FOta4hF8kY=
-17,0,sLJltoyo5aQhJ3m3KsmkaLyhfLY=,OcIDgyJ9vlCdm36fAT21s8AgccY=
-17,7,sLJltoyo5aQhJ3m3KsmkaLyhfLY=,APc2AXO+Z4VDvu7zJ1DcDT/0Ing=
-17,13,sLJltoyo5aQhJ3m3KsmkaLyhfLY=,aBBj1s0AdvRiMsoR5Ra4CP71QX8=
-26,10,sLJltoyo5aQhJ3m3KsmkaLyhfLY=,S7KmR47rso8WGkCRbfE6jH0v/yQ=
-26,9,sLJltoyo5aQhJ3m3KsmkaLyhfLY=,uzC5SPBjDWUvCm9tJ9V5k6+KLcc=
-28,7,sLJltoyo5aQhJ3m3KsmkaLyhfLY=,Ne6ZlUd+AiiTzNXjol9z+5v5GsA=
-29,10,sLJltoyo5aQhJ3m3KsmkaLyhfLY=,JD/CbUCjD5hQ7+FnrgyW4tohxR8=
-27,10,sLJltoyo5aQhJ3m3KsmkaLyhfLY=,I69RyFseswHe64Qev93vFvoTxRc=
-26,8,sLJltoyo5aQhJ3m3KsmkaLyhfLY=,uzC5SPBjDWUvCm9tJ9V5k6+KLcc=
-29,7,sLJltoyo5aQhJ3m3KsmkaLyhfLY=,9cdiEpwcCx6d5SbILmX/q8gHxMQ=
-29,8,sLJltoyo5aQhJ3m3KsmkaLyhfLY=,PwY+icb7v8sWDawQUbylbAldec8=
-26,7,sLJltoyo5aQhJ3m3KsmkaLyhfLY=,dl+oeuiK2puo1ziETQfMZaEffc4=
-28,10,sLJltoyo5aQhJ3m3KsmkaLyhfLY=,I69RyFseswHe64Qev93vFvoTxRc=
-27,7,sLJltoyo5aQhJ3m3KsmkaLyhfLY=,Ne6ZlUd+AiiTzNXjol9z+5v5GsA=
-29,9,sLJltoyo5aQhJ3m3KsmkaLyhfLY=,PwY+icb7v8sWDawQUbylbAldec8=
-27,8,sLJltoyo5aQhJ3m3KsmkaLyhfLY=,GnJB/geQsSwNPCLSs7+geatbx3Q=
-28,8,sLJltoyo5aQhJ3m3KsmkaLyhfLY=,GnJB/geQsSwNPCLSs7+geatbx3Q=
-27,9,sLJltoyo5aQhJ3m3KsmkaLyhfLY=,GnJB/geQsSwNPCLSs7+geatbx3Q=
-28,9,sLJltoyo5aQhJ3m3KsmkaLyhfLY=,GnJB/geQsSwNPCLSs7+geatbx3Q=
-29,22,sLJltoyo5aQhJ3m3KsmkaLyhfLY=,HOjpZjZzipwcCx+AKYztBQXDh+Q=
-29,21,sLJltoyo5aQhJ3m3KsmkaLyhfLY=,0dzujN35gKvNf7nc+RtFGCab6Hs=
-28,22,sLJltoyo5aQhJ3m3KsmkaLyhfLY=,1bHIED+wP4iSIDjBHQ+eVagLg9U=
-28,21,sLJltoyo5aQhJ3m3KsmkaLyhfLY=,GvD8AwloNSbM00fx1/6ALhcyGzY=
-30,25,sLJltoyo5aQhJ3m3KsmkaLyhfLY=,WWxaRSPJ1lRFtKQ384xG0cbWX7E=
-31,26,sLJltoyo5aQhJ3m3KsmkaLyhfLY=,1T3LbiWRGZ9azFCFbYoj5kyuY3U=
-31,25,sLJltoyo5aQhJ3m3KsmkaLyhfLY=,ePumZZNvLddXpMuMK/qPYr8Phlg=
-30,26,sLJltoyo5aQhJ3m3KsmkaLyhfLY=,RqUYHB6TcnGUjrr5XOjgYTCvlaQ=
-29,24,sLJltoyo5aQhJ3m3KsmkaLyhfLY=,WWxaRSPJ1lRFtKQ384xG0cbWX7E=
-29,26,sLJltoyo5aQhJ3m3KsmkaLyhfLY=,RqUYHB6TcnGUjrr5XOjgYTCvlaQ=
-29,25,sLJltoyo5aQhJ3m3KsmkaLyhfLY=,WWxaRSPJ1lRFtKQ384xG0cbWX7E=
-28,26,sLJltoyo5aQhJ3m3KsmkaLyhfLY=,C5TahLn6QgaB0vDtcO/k8kh38iA=
-28,25,sLJltoyo5aQhJ3m3KsmkaLyhfLY=,t5ilVUFXC9oWAJlcb6EY+7kcC7o=
-28,24,sLJltoyo5aQhJ3m3KsmkaLyhfLY=,t5ilVUFXC9oWAJlcb6EY+7kcC7o=
-28,23,sLJltoyo5aQhJ3m3KsmkaLyhfLY=,1bHIED+wP4iSIDjBHQ+eVagLg9U=
-27,26,sLJltoyo5aQhJ3m3KsmkaLyhfLY=,C5TahLn6QgaB0vDtcO/k8kh38iA=
-27,25,sLJltoyo5aQhJ3m3KsmkaLyhfLY=,t5ilVUFXC9oWAJlcb6EY+7kcC7o=
-29,23,sLJltoyo5aQhJ3m3KsmkaLyhfLY=,HOjpZjZzipwcCx+AKYztBQXDh+Q=
-26,25,sLJltoyo5aQhJ3m3KsmkaLyhfLY=,UU1I9aDodTlHXg2ZsE1t3bRPRX4=
-26,26,sLJltoyo5aQhJ3m3KsmkaLyhfLY=,kPcrbybUrZlNBmgt5UQrX81y/JY=
-25,25,sLJltoyo5aQhJ3m3KsmkaLyhfLY=,UU1I9aDodTlHXg2ZsE1t3bRPRX4=
-24,25,sLJltoyo5aQhJ3m3KsmkaLyhfLY=,fFkiGBDMRkODKMO/hU+JShyUcQg=
-23,25,sLJltoyo5aQhJ3m3KsmkaLyhfLY=,fFkiGBDMRkODKMO/hU+JShyUcQg=
-25,26,sLJltoyo5aQhJ3m3KsmkaLyhfLY=,kPcrbybUrZlNBmgt5UQrX81y/JY=
-24,26,sLJltoyo5aQhJ3m3KsmkaLyhfLY=,O17sEGxDn79yo+7zl+JeCCnZqDs=
-22,25,sLJltoyo5aQhJ3m3KsmkaLyhfLY=,a70Nk4nJhdlQJ29/ycem9QZ+GZA=
-23,26,sLJltoyo5aQhJ3m3KsmkaLyhfLY=,O17sEGxDn79yo+7zl+JeCCnZqDs=
-22,26,sLJltoyo5aQhJ3m3KsmkaLyhfLY=,HAw7Pb+rsnRJOzFA9mZxBZ0q158=
-21,26,sLJltoyo5aQhJ3m3KsmkaLyhfLY=,HAw7Pb+rsnRJOzFA9mZxBZ0q158=
-21,25,sLJltoyo5aQhJ3m3KsmkaLyhfLY=,a70Nk4nJhdlQJ29/ycem9QZ+GZA=
-20,25,sLJltoyo5aQhJ3m3KsmkaLyhfLY=,gP29t1IWkYv/IAgwPwm+zBcGcNs=
-20,26,sLJltoyo5aQhJ3m3KsmkaLyhfLY=,FRXAj+MM27wUq9iOVsQ1cTOUJSI=
-18,26,sLJltoyo5aQhJ3m3KsmkaLyhfLY=,oSvaU2zV2ntC4SeDZnwqIBoatQk=
-19,25,sLJltoyo5aQhJ3m3KsmkaLyhfLY=,gP29t1IWkYv/IAgwPwm+zBcGcNs=
-19,26,sLJltoyo5aQhJ3m3KsmkaLyhfLY=,FRXAj+MM27wUq9iOVsQ1cTOUJSI=
-18,25,sLJltoyo5aQhJ3m3KsmkaLyhfLY=,z4VEidCWO1WkBTqSkQPYWxLKi4I=
-18,24,sLJltoyo5aQhJ3m3KsmkaLyhfLY=,z4VEidCWO1WkBTqSkQPYWxLKi4I=
-19,24,sLJltoyo5aQhJ3m3KsmkaLyhfLY=,gP29t1IWkYv/IAgwPwm+zBcGcNs=
-18,23,sLJltoyo5aQhJ3m3KsmkaLyhfLY=,HX3tGzuDfltZaaFBI/LAEadcBic=
-19,23,sLJltoyo5aQhJ3m3KsmkaLyhfLY=,nQpfjD0J5hXP/uoXMIMnI7CfYhA=
-19,21,sLJltoyo5aQhJ3m3KsmkaLyhfLY=,OBB0OX5HKenFn4I3zs5JLeRyJbo=
-18,21,sLJltoyo5aQhJ3m3KsmkaLyhfLY=,P2r0YWLK3cOpuz1x304jXeKptDE=
-19,22,sLJltoyo5aQhJ3m3KsmkaLyhfLY=,nQpfjD0J5hXP/uoXMIMnI7CfYhA=
-18,22,sLJltoyo5aQhJ3m3KsmkaLyhfLY=,HX3tGzuDfltZaaFBI/LAEadcBic=
-18,20,sLJltoyo5aQhJ3m3KsmkaLyhfLY=,P2r0YWLK3cOpuz1x304jXeKptDE=
-18,19,sLJltoyo5aQhJ3m3KsmkaLyhfLY=,kt+4uoZTsObqOiOV+iwWremg7CA=
-19,20,sLJltoyo5aQhJ3m3KsmkaLyhfLY=,OBB0OX5HKenFn4I3zs5JLeRyJbo=
-19,19,sLJltoyo5aQhJ3m3KsmkaLyhfLY=,iJ9YMZ4GHkPPRn9FSOw4k0uuZn4=
-19,17,sLJltoyo5aQhJ3m3KsmkaLyhfLY=,NifNoxdr/rMvmhdnhwGWe3r6ZGE=
-18,18,sLJltoyo5aQhJ3m3KsmkaLyhfLY=,kt+4uoZTsObqOiOV+iwWremg7CA=
-19,18,sLJltoyo5aQhJ3m3KsmkaLyhfLY=,iJ9YMZ4GHkPPRn9FSOw4k0uuZn4=
-18,17,sLJltoyo5aQhJ3m3KsmkaLyhfLY=,ho2MPcKPeAluzyV3gSa7R9H2kM8=
-20,18,sLJltoyo5aQhJ3m3KsmkaLyhfLY=,iJ9YMZ4GHkPPRn9FSOw4k0uuZn4=
-21,17,sLJltoyo5aQhJ3m3KsmkaLyhfLY=,eAsUmxoSPuD9hV1PNQJQDu9fDJU=
-23,17,sLJltoyo5aQhJ3m3KsmkaLyhfLY=,5UdK3cfpucstQSYBxoGa51BuHh0=
-20,17,sLJltoyo5aQhJ3m3KsmkaLyhfLY=,NifNoxdr/rMvmhdnhwGWe3r6ZGE=
-22,18,sLJltoyo5aQhJ3m3KsmkaLyhfLY=,fNPMdkLFDPb+cX9e1iFp7EVMPW4=
-21,18,sLJltoyo5aQhJ3m3KsmkaLyhfLY=,fNPMdkLFDPb+cX9e1iFp7EVMPW4=
-22,17,sLJltoyo5aQhJ3m3KsmkaLyhfLY=,eAsUmxoSPuD9hV1PNQJQDu9fDJU=
-23,18,sLJltoyo5aQhJ3m3KsmkaLyhfLY=,nU2XSDqExWjJrbGvI0ZF288HfWo=
-24,17,sLJltoyo5aQhJ3m3KsmkaLyhfLY=,5UdK3cfpucstQSYBxoGa51BuHh0=
-25,17,sLJltoyo5aQhJ3m3KsmkaLyhfLY=,EIZIYI17EWTmkeIbhESvXw7bQC0=
-25,18,sLJltoyo5aQhJ3m3KsmkaLyhfLY=,2Ynn3VVmRSM847hnMQJjj1X2ZGU=
-24,18,sLJltoyo5aQhJ3m3KsmkaLyhfLY=,nU2XSDqExWjJrbGvI0ZF288HfWo=
-27,17,sLJltoyo5aQhJ3m3KsmkaLyhfLY=,x2WJVnVDaIlSeql/OfrJxGU+6B4=
-26,17,sLJltoyo5aQhJ3m3KsmkaLyhfLY=,EIZIYI17EWTmkeIbhESvXw7bQC0=
-27,18,sLJltoyo5aQhJ3m3KsmkaLyhfLY=,5oNBdu5j1iRsFJOza4BKQLr7uq8=
-26,18,sLJltoyo5aQhJ3m3KsmkaLyhfLY=,2Ynn3VVmRSM847hnMQJjj1X2ZGU=
-29,17,sLJltoyo5aQhJ3m3KsmkaLyhfLY=,MFIYAinJcIDdIv6xAUJ7OLQn+ak=
-29,18,sLJltoyo5aQhJ3m3KsmkaLyhfLY=,odkFMVp9TOhwZazMfMqAg9di+bc=
-28,18,sLJltoyo5aQhJ3m3KsmkaLyhfLY=,5oNBdu5j1iRsFJOza4BKQLr7uq8=
-28,20,sLJltoyo5aQhJ3m3KsmkaLyhfLY=,GvD8AwloNSbM00fx1/6ALhcyGzY=
-29,19,sLJltoyo5aQhJ3m3KsmkaLyhfLY=,odkFMVp9TOhwZazMfMqAg9di+bc=
-29,20,sLJltoyo5aQhJ3m3KsmkaLyhfLY=,0dzujN35gKvNf7nc+RtFGCab6Hs=
-28,19,sLJltoyo5aQhJ3m3KsmkaLyhfLY=,5oNBdu5j1iRsFJOza4BKQLr7uq8=
-28,17,sLJltoyo5aQhJ3m3KsmkaLyhfLY=,x2WJVnVDaIlSeql/OfrJxGU+6B4=
-31,17,sLJltoyo5aQhJ3m3KsmkaLyhfLY=,qRst++eNAGR9H9wiLD4PxZlODas=
-31,18,sLJltoyo5aQhJ3m3KsmkaLyhfLY=,8YfUEQ1XeTG9M0FEkie+gOe8mds=
-30,17,sLJltoyo5aQhJ3m3KsmkaLyhfLY=,MFIYAinJcIDdIv6xAUJ7OLQn+ak=
-30,18,sLJltoyo5aQhJ3m3KsmkaLyhfLY=,odkFMVp9TOhwZazMfMqAg9di+bc=
-32,26,sLJltoyo5aQhJ3m3KsmkaLyhfLY=,1T3LbiWRGZ9azFCFbYoj5kyuY3U=
-32,25,sLJltoyo5aQhJ3m3KsmkaLyhfLY=,ePumZZNvLddXpMuMK/qPYr8Phlg=
-28,16,sLJltoyo5aQhJ3m3KsmkaLyhfLY=,x2WJVnVDaIlSeql/OfrJxGU+6B4=
-29,16,sLJltoyo5aQhJ3m3KsmkaLyhfLY=,MFIYAinJcIDdIv6xAUJ7OLQn+ak=
-26,16,sLJltoyo5aQhJ3m3KsmkaLyhfLY=,EIZIYI17EWTmkeIbhESvXw7bQC0=
-24,16,sLJltoyo5aQhJ3m3KsmkaLyhfLY=,5UdK3cfpucstQSYBxoGa51BuHh0=
-27,16,sLJltoyo5aQhJ3m3KsmkaLyhfLY=,x2WJVnVDaIlSeql/OfrJxGU+6B4=
-25,16,sLJltoyo5aQhJ3m3KsmkaLyhfLY=,EIZIYI17EWTmkeIbhESvXw7bQC0=
-22,16,sLJltoyo5aQhJ3m3KsmkaLyhfLY=,eAsUmxoSPuD9hV1PNQJQDu9fDJU=
-20,16,sLJltoyo5aQhJ3m3KsmkaLyhfLY=,NifNoxdr/rMvmhdnhwGWe3r6ZGE=
-21,16,sLJltoyo5aQhJ3m3KsmkaLyhfLY=,eAsUmxoSPuD9hV1PNQJQDu9fDJU=
-23,16,sLJltoyo5aQhJ3m3KsmkaLyhfLY=,5UdK3cfpucstQSYBxoGa51BuHh0=
-18,16,sLJltoyo5aQhJ3m3KsmkaLyhfLY=,ho2MPcKPeAluzyV3gSa7R9H2kM8=
-19,16,sLJltoyo5aQhJ3m3KsmkaLyhfLY=,NifNoxdr/rMvmhdnhwGWe3r6ZGE=
-17,18,sLJltoyo5aQhJ3m3KsmkaLyhfLY=,kt+4uoZTsObqOiOV+iwWremg7CA=
-17,24,sLJltoyo5aQhJ3m3KsmkaLyhfLY=,z4VEidCWO1WkBTqSkQPYWxLKi4I=
-18,27,sLJltoyo5aQhJ3m3KsmkaLyhfLY=,oSvaU2zV2ntC4SeDZnwqIBoatQk=
-19,27,sLJltoyo5aQhJ3m3KsmkaLyhfLY=,FRXAj+MM27wUq9iOVsQ1cTOUJSI=
-17,20,sLJltoyo5aQhJ3m3KsmkaLyhfLY=,P2r0YWLK3cOpuz1x304jXeKptDE=
-30,20,sLJltoyo5aQhJ3m3KsmkaLyhfLY=,0dzujN35gKvNf7nc+RtFGCab6Hs=
-17,17,sLJltoyo5aQhJ3m3KsmkaLyhfLY=,ho2MPcKPeAluzyV3gSa7R9H2kM8=
-17,19,HTrtZcLSgjGUYmIron+HrK3r0Ew=,kt+4uoZTsObqOiOV+iwWremg7CA=
-17,21,HTrtZcLSgjGUYmIron+HrK3r0Ew=,P2r0YWLK3cOpuz1x304jXeKptDE=
-30,19,HTrtZcLSgjGUYmIron+HrK3r0Ew=,odkFMVp9TOhwZazMfMqAg9di+bc=
-17,26,HTrtZcLSgjGUYmIron+HrK3r0Ew=,oSvaU2zV2ntC4SeDZnwqIBoatQk=
-17,25,HTrtZcLSgjGUYmIron+HrK3r0Ew=,z4VEidCWO1WkBTqSkQPYWxLKi4I=
-17,27,HTrtZcLSgjGUYmIron+HrK3r0Ew=,oSvaU2zV2ntC4SeDZnwqIBoatQk=
-17,23,HTrtZcLSgjGUYmIron+HrK3r0Ew=,HX3tGzuDfltZaaFBI/LAEadcBic=
-17,22,HTrtZcLSgjGUYmIron+HrK3r0Ew=,HX3tGzuDfltZaaFBI/LAEadcBic=
-32,20,HTrtZcLSgjGUYmIron+HrK3r0Ew=,upqwCCfXs3kOlLUvM6dt7UnhSj4=
-31,20,HTrtZcLSgjGUYmIron+HrK3r0Ew=,upqwCCfXs3kOlLUvM6dt7UnhSj4=
-31,24,HTrtZcLSgjGUYmIron+HrK3r0Ew=,ePumZZNvLddXpMuMK/qPYr8Phlg=
-32,24,HTrtZcLSgjGUYmIron+HrK3r0Ew=,ePumZZNvLddXpMuMK/qPYr8Phlg=
-32,19,HTrtZcLSgjGUYmIron+HrK3r0Ew=,8YfUEQ1XeTG9M0FEkie+gOe8mds=
-31,19,HTrtZcLSgjGUYmIron+HrK3r0Ew=,8YfUEQ1XeTG9M0FEkie+gOe8mds=
-30,23,HTrtZcLSgjGUYmIron+HrK3r0Ew=,HOjpZjZzipwcCx+AKYztBQXDh+Q=
-30,24,HTrtZcLSgjGUYmIron+HrK3r0Ew=,WWxaRSPJ1lRFtKQ384xG0cbWX7E=
-32,22,HTrtZcLSgjGUYmIron+HrK3r0Ew=,+e+eiZuL6nt+5pjaqYXTePjzHAc=
-31,22,HTrtZcLSgjGUYmIron+HrK3r0Ew=,+e+eiZuL6nt+5pjaqYXTePjzHAc=
-30,22,HTrtZcLSgjGUYmIron+HrK3r0Ew=,HOjpZjZzipwcCx+AKYztBQXDh+Q=
-31,21,HTrtZcLSgjGUYmIron+HrK3r0Ew=,upqwCCfXs3kOlLUvM6dt7UnhSj4=
-30,21,HTrtZcLSgjGUYmIron+HrK3r0Ew=,0dzujN35gKvNf7nc+RtFGCab6Hs=
-32,23,HTrtZcLSgjGUYmIron+HrK3r0Ew=,+e+eiZuL6nt+5pjaqYXTePjzHAc=
-31,23,HTrtZcLSgjGUYmIron+HrK3r0Ew=,+e+eiZuL6nt+5pjaqYXTePjzHAc=
-32,21,HTrtZcLSgjGUYmIron+HrK3r0Ew=,upqwCCfXs3kOlLUvM6dt7UnhSj4=
-22,24,HTrtZcLSgjGUYmIron+HrK3r0Ew=,a70Nk4nJhdlQJ29/ycem9QZ+GZA=
-23,24,HTrtZcLSgjGUYmIron+HrK3r0Ew=,fFkiGBDMRkODKMO/hU+JShyUcQg=
-20,24,HTrtZcLSgjGUYmIron+HrK3r0Ew=,gP29t1IWkYv/IAgwPwm+zBcGcNs=
-21,24,HTrtZcLSgjGUYmIron+HrK3r0Ew=,a70Nk4nJhdlQJ29/ycem9QZ+GZA=
-22,23,HTrtZcLSgjGUYmIron+HrK3r0Ew=,6kR2pKDkWBroW84xOZpTNvNYfD4=
-23,23,HTrtZcLSgjGUYmIron+HrK3r0Ew=,w6xZpJFqgF5Xliv03fySz/FlOAE=
-21,23,HTrtZcLSgjGUYmIron+HrK3r0Ew=,6kR2pKDkWBroW84xOZpTNvNYfD4=
-20,23,HTrtZcLSgjGUYmIron+HrK3r0Ew=,nQpfjD0J5hXP/uoXMIMnI7CfYhA=
-21,22,HTrtZcLSgjGUYmIron+HrK3r0Ew=,6kR2pKDkWBroW84xOZpTNvNYfD4=
-21,19,HTrtZcLSgjGUYmIron+HrK3r0Ew=,fNPMdkLFDPb+cX9e1iFp7EVMPW4=
-21,21,HTrtZcLSgjGUYmIron+HrK3r0Ew=,UCuVz/D594eLeX4i8+ZET6JY92E=
-20,19,HTrtZcLSgjGUYmIron+HrK3r0Ew=,iJ9YMZ4GHkPPRn9FSOw4k0uuZn4=
-20,21,HTrtZcLSgjGUYmIron+HrK3r0Ew=,OBB0OX5HKenFn4I3zs5JLeRyJbo=
-20,20,HTrtZcLSgjGUYmIron+HrK3r0Ew=,OBB0OX5HKenFn4I3zs5JLeRyJbo=
-24,27,HTrtZcLSgjGUYmIron+HrK3r0Ew=,O17sEGxDn79yo+7zl+JeCCnZqDs=
-25,27,HTrtZcLSgjGUYmIron+HrK3r0Ew=,kPcrbybUrZlNBmgt5UQrX81y/JY=
-23,27,HTrtZcLSgjGUYmIron+HrK3r0Ew=,O17sEGxDn79yo+7zl+JeCCnZqDs=
-20,27,HTrtZcLSgjGUYmIron+HrK3r0Ew=,FRXAj+MM27wUq9iOVsQ1cTOUJSI=
-22,27,HTrtZcLSgjGUYmIron+HrK3r0Ew=,HAw7Pb+rsnRJOzFA9mZxBZ0q158=
-21,27,HTrtZcLSgjGUYmIron+HrK3r0Ew=,HAw7Pb+rsnRJOzFA9mZxBZ0q158=
-30,27,HTrtZcLSgjGUYmIron+HrK3r0Ew=,RqUYHB6TcnGUjrr5XOjgYTCvlaQ=
-31,27,HTrtZcLSgjGUYmIron+HrK3r0Ew=,1T3LbiWRGZ9azFCFbYoj5kyuY3U=
-26,27,HTrtZcLSgjGUYmIron+HrK3r0Ew=,kPcrbybUrZlNBmgt5UQrX81y/JY=
-28,27,HTrtZcLSgjGUYmIron+HrK3r0Ew=,C5TahLn6QgaB0vDtcO/k8kh38iA=
-27,27,HTrtZcLSgjGUYmIron+HrK3r0Ew=,C5TahLn6QgaB0vDtcO/k8kh38iA=
-29,27,HTrtZcLSgjGUYmIron+HrK3r0Ew=,RqUYHB6TcnGUjrr5XOjgYTCvlaQ=
-32,27,HTrtZcLSgjGUYmIron+HrK3r0Ew=,1T3LbiWRGZ9azFCFbYoj5kyuY3U=
-22,19,HTrtZcLSgjGUYmIron+HrK3r0Ew=,fNPMdkLFDPb+cX9e1iFp7EVMPW4=
-22,20,HTrtZcLSgjGUYmIron+HrK3r0Ew=,UCuVz/D594eLeX4i8+ZET6JY92E=
-20,22,HTrtZcLSgjGUYmIron+HrK3r0Ew=,nQpfjD0J5hXP/uoXMIMnI7CfYhA=
-22,21,HTrtZcLSgjGUYmIron+HrK3r0Ew=,UCuVz/D594eLeX4i8+ZET6JY92E=
-17,16,HTrtZcLSgjGUYmIron+HrK3r0Ew=,ho2MPcKPeAluzyV3gSa7R9H2kM8=
-21,20,HTrtZcLSgjGUYmIron+HrK3r0Ew=,UCuVz/D594eLeX4i8+ZET6JY92E=
-23,21,HTrtZcLSgjGUYmIron+HrK3r0Ew=,r7Zg7nrrGJvvtt9YJQ6x1PNA278=
-22,22,HTrtZcLSgjGUYmIron+HrK3r0Ew=,6kR2pKDkWBroW84xOZpTNvNYfD4=
-31,16,HTrtZcLSgjGUYmIron+HrK3r0Ew=,qRst++eNAGR9H9wiLD4PxZlODas=
-23,20,HTrtZcLSgjGUYmIron+HrK3r0Ew=,r7Zg7nrrGJvvtt9YJQ6x1PNA278=
-30,16,HTrtZcLSgjGUYmIron+HrK3r0Ew=,MFIYAinJcIDdIv6xAUJ7OLQn+ak=
-32,18,HTrtZcLSgjGUYmIron+HrK3r0Ew=,8YfUEQ1XeTG9M0FEkie+gOe8mds=
-32,17,HTrtZcLSgjGUYmIron+HrK3r0Ew=,qRst++eNAGR9H9wiLD4PxZlODas=
-23,22,HTrtZcLSgjGUYmIron+HrK3r0Ew=,w6xZpJFqgF5Xliv03fySz/FlOAE=
-32,16,HTrtZcLSgjGUYmIron+HrK3r0Ew=,qRst++eNAGR9H9wiLD4PxZlODas=
-23,19,HTrtZcLSgjGUYmIron+HrK3r0Ew=,nU2XSDqExWjJrbGvI0ZF288HfWo=
-26,24,HTrtZcLSgjGUYmIron+HrK3r0Ew=,UU1I9aDodTlHXg2ZsE1t3bRPRX4=
-27,24,HTrtZcLSgjGUYmIron+HrK3r0Ew=,t5ilVUFXC9oWAJlcb6EY+7kcC7o=
-24,24,HTrtZcLSgjGUYmIron+HrK3r0Ew=,fFkiGBDMRkODKMO/hU+JShyUcQg=
-25,24,HTrtZcLSgjGUYmIron+HrK3r0Ew=,UU1I9aDodTlHXg2ZsE1t3bRPRX4=
-24,23,HTrtZcLSgjGUYmIron+HrK3r0Ew=,w6xZpJFqgF5Xliv03fySz/FlOAE=
-27,23,HTrtZcLSgjGUYmIron+HrK3r0Ew=,1bHIED+wP4iSIDjBHQ+eVagLg9U=
-25,23,HTrtZcLSgjGUYmIron+HrK3r0Ew=,QKmf/aw7CS4v6gei7uMpGP7rCzM=
-26,23,HTrtZcLSgjGUYmIron+HrK3r0Ew=,QKmf/aw7CS4v6gei7uMpGP7rCzM=
-24,20,HTrtZcLSgjGUYmIron+HrK3r0Ew=,r7Zg7nrrGJvvtt9YJQ6x1PNA278=
-25,21,HTrtZcLSgjGUYmIron+HrK3r0Ew=,ln7l1/v2qeFKfTFES1LBw7XYvow=
-25,20,HTrtZcLSgjGUYmIron+HrK3r0Ew=,ln7l1/v2qeFKfTFES1LBw7XYvow=
-27,22,HTrtZcLSgjGUYmIron+HrK3r0Ew=,1bHIED+wP4iSIDjBHQ+eVagLg9U=
-26,21,HTrtZcLSgjGUYmIron+HrK3r0Ew=,ln7l1/v2qeFKfTFES1LBw7XYvow=
-24,21,HTrtZcLSgjGUYmIron+HrK3r0Ew=,r7Zg7nrrGJvvtt9YJQ6x1PNA278=
-27,19,HTrtZcLSgjGUYmIron+HrK3r0Ew=,5oNBdu5j1iRsFJOza4BKQLr7uq8=
-25,19,HTrtZcLSgjGUYmIron+HrK3r0Ew=,2Ynn3VVmRSM847hnMQJjj1X2ZGU=
-26,19,HTrtZcLSgjGUYmIron+HrK3r0Ew=,2Ynn3VVmRSM847hnMQJjj1X2ZGU=
-25,22,HTrtZcLSgjGUYmIron+HrK3r0Ew=,QKmf/aw7CS4v6gei7uMpGP7rCzM=
-27,21,HTrtZcLSgjGUYmIron+HrK3r0Ew=,GvD8AwloNSbM00fx1/6ALhcyGzY=
-27,20,HTrtZcLSgjGUYmIron+HrK3r0Ew=,GvD8AwloNSbM00fx1/6ALhcyGzY=
-24,19,HTrtZcLSgjGUYmIron+HrK3r0Ew=,nU2XSDqExWjJrbGvI0ZF288HfWo=
-26,20,HTrtZcLSgjGUYmIron+HrK3r0Ew=,ln7l1/v2qeFKfTFES1LBw7XYvow=
-24,22,HTrtZcLSgjGUYmIron+HrK3r0Ew=,w6xZpJFqgF5Xliv03fySz/FlOAE=
-26,22,HTrtZcLSgjGUYmIron+HrK3r0Ew=,QKmf/aw7CS4v6gei7uMpGP7rCzM=
-9,26,AvZE7v4NyNsZwspvG3tC9AeD5WI=,ZckcYfcKsNkBPOtPqdK6+cdE/uM=
-8,25,AvZE7v4NyNsZwspvG3tC9AeD5WI=,N8IWj+AKgbgfHzsaLB8rQ5hdtbo=
-8,26,AvZE7v4NyNsZwspvG3tC9AeD5WI=,apo+cgetsxDCOONU4m/XY1nWzto=
-9,25,AvZE7v4NyNsZwspvG3tC9AeD5WI=,PXrgsikxfWDjB3W2a3Mz4OV8GuA=
-6,24,AvZE7v4NyNsZwspvG3tC9AeD5WI=,eMQPyNTV68S5RO9unjPI3T9eviI=
-7,24,AvZE7v4NyNsZwspvG3tC9AeD5WI=,N8IWj+AKgbgfHzsaLB8rQ5hdtbo=
-6,23,AvZE7v4NyNsZwspvG3tC9AeD5WI=,rkXaKhHBi1boSfULFNt9HyMfNTQ=
-7,23,AvZE7v4NyNsZwspvG3tC9AeD5WI=,VJ9xfmhk6UzU8/ZE4gEohxAY2xo=
-5,24,AvZE7v4NyNsZwspvG3tC9AeD5WI=,eMQPyNTV68S5RO9unjPI3T9eviI=
-4,24,AvZE7v4NyNsZwspvG3tC9AeD5WI=,2ExBw7fk9vGBeP2TqpqO2/qjkGE=
-5,23,AvZE7v4NyNsZwspvG3tC9AeD5WI=,rkXaKhHBi1boSfULFNt9HyMfNTQ=
-4,23,AvZE7v4NyNsZwspvG3tC9AeD5WI=,cQRKCrVStCCdzFKdhOwpuR0ypCc=
-4,22,AvZE7v4NyNsZwspvG3tC9AeD5WI=,cQRKCrVStCCdzFKdhOwpuR0ypCc=
-5,22,AvZE7v4NyNsZwspvG3tC9AeD5WI=,rkXaKhHBi1boSfULFNt9HyMfNTQ=
-4,21,AvZE7v4NyNsZwspvG3tC9AeD5WI=,nq85Wx4lStNpzn7ZQADxoP40Ta4=
-5,21,AvZE7v4NyNsZwspvG3tC9AeD5WI=,ac7aOHig344TlaWzdLbt3M3LYt0=
-4,20,AvZE7v4NyNsZwspvG3tC9AeD5WI=,nq85Wx4lStNpzn7ZQADxoP40Ta4=
-4,19,AvZE7v4NyNsZwspvG3tC9AeD5WI=,E7MesxUFtApFOnnKzztkUQb/YZw=
-5,20,AvZE7v4NyNsZwspvG3tC9AeD5WI=,ac7aOHig344TlaWzdLbt3M3LYt0=
-5,19,AvZE7v4NyNsZwspvG3tC9AeD5WI=,fFdbxAX7vsImcO8eld6KMyucoYc=
-4,18,AvZE7v4NyNsZwspvG3tC9AeD5WI=,E7MesxUFtApFOnnKzztkUQb/YZw=
-4,17,AvZE7v4NyNsZwspvG3tC9AeD5WI=,NHdKJXDH0YpdFYO+PeWjI5cKx8U=
-5,17,AvZE7v4NyNsZwspvG3tC9AeD5WI=,AGtjuDW/yYA2MYkoxYMxeAbFQSw=
-5,18,AvZE7v4NyNsZwspvG3tC9AeD5WI=,fFdbxAX7vsImcO8eld6KMyucoYc=
-2,17,AvZE7v4NyNsZwspvG3tC9AeD5WI=,tYsDmpehDtwTDlg70Xrly9utZSk=
-2,18,AvZE7v4NyNsZwspvG3tC9AeD5WI=,jpcHLQ4cF5V/fEO9Im69kognac4=
-3,18,AvZE7v4NyNsZwspvG3tC9AeD5WI=,E7MesxUFtApFOnnKzztkUQb/YZw=
-3,19,AvZE7v4NyNsZwspvG3tC9AeD5WI=,E7MesxUFtApFOnnKzztkUQb/YZw=
-2,20,AvZE7v4NyNsZwspvG3tC9AeD5WI=,P17JpznKEz9X8Y0w4zxW7REafmw=
-3,17,AvZE7v4NyNsZwspvG3tC9AeD5WI=,NHdKJXDH0YpdFYO+PeWjI5cKx8U=
-2,19,AvZE7v4NyNsZwspvG3tC9AeD5WI=,jpcHLQ4cF5V/fEO9Im69kognac4=
-3,20,AvZE7v4NyNsZwspvG3tC9AeD5WI=,nq85Wx4lStNpzn7ZQADxoP40Ta4=
-3,24,AvZE7v4NyNsZwspvG3tC9AeD5WI=,2ExBw7fk9vGBeP2TqpqO2/qjkGE=
-2,24,AvZE7v4NyNsZwspvG3tC9AeD5WI=,WI+aRxCsAeGESzenaT/Uj0/vkC8=
-8,27,AvZE7v4NyNsZwspvG3tC9AeD5WI=,apo+cgetsxDCOONU4m/XY1nWzto=
-9,27,AvZE7v4NyNsZwspvG3tC9AeD5WI=,ZckcYfcKsNkBPOtPqdK6+cdE/uM=
-2,23,AvZE7v4NyNsZwspvG3tC9AeD5WI=,WnlKzNuWhftmddg9WCmK9/QGv/0=
-2,21,AvZE7v4NyNsZwspvG3tC9AeD5WI=,P17JpznKEz9X8Y0w4zxW7REafmw=
-2,22,AvZE7v4NyNsZwspvG3tC9AeD5WI=,WnlKzNuWhftmddg9WCmK9/QGv/0=
-3,23,AvZE7v4NyNsZwspvG3tC9AeD5WI=,cQRKCrVStCCdzFKdhOwpuR0ypCc=
-3,21,AvZE7v4NyNsZwspvG3tC9AeD5WI=,nq85Wx4lStNpzn7ZQADxoP40Ta4=
-3,22,AvZE7v4NyNsZwspvG3tC9AeD5WI=,cQRKCrVStCCdzFKdhOwpuR0ypCc=
-1,24,AvZE7v4NyNsZwspvG3tC9AeD5WI=,WI+aRxCsAeGESzenaT/Uj0/vkC8=
-1,23,AvZE7v4NyNsZwspvG3tC9AeD5WI=,WnlKzNuWhftmddg9WCmK9/QGv/0=
-1,17,AvZE7v4NyNsZwspvG3tC9AeD5WI=,tYsDmpehDtwTDlg70Xrly9utZSk=
-1,21,AvZE7v4NyNsZwspvG3tC9AeD5WI=,P17JpznKEz9X8Y0w4zxW7REafmw=
-1,22,AvZE7v4NyNsZwspvG3tC9AeD5WI=,WnlKzNuWhftmddg9WCmK9/QGv/0=
-1,18,AvZE7v4NyNsZwspvG3tC9AeD5WI=,jpcHLQ4cF5V/fEO9Im69kognac4=
-1,20,AvZE7v4NyNsZwspvG3tC9AeD5WI=,P17JpznKEz9X8Y0w4zxW7REafmw=
-1,19,AvZE7v4NyNsZwspvG3tC9AeD5WI=,jpcHLQ4cF5V/fEO9Im69kognac4=
-2,26,AvZE7v4NyNsZwspvG3tC9AeD5WI=,Cvag7ozohSM9+1LgnPrPXVbqcT8=
-1,27,AvZE7v4NyNsZwspvG3tC9AeD5WI=,Cvag7ozohSM9+1LgnPrPXVbqcT8=
-3,25,AvZE7v4NyNsZwspvG3tC9AeD5WI=,2ExBw7fk9vGBeP2TqpqO2/qjkGE=
-1,25,AvZE7v4NyNsZwspvG3tC9AeD5WI=,WI+aRxCsAeGESzenaT/Uj0/vkC8=
-2,27,AvZE7v4NyNsZwspvG3tC9AeD5WI=,Cvag7ozohSM9+1LgnPrPXVbqcT8=
-2,25,AvZE7v4NyNsZwspvG3tC9AeD5WI=,WI+aRxCsAeGESzenaT/Uj0/vkC8=
-1,26,AvZE7v4NyNsZwspvG3tC9AeD5WI=,Cvag7ozohSM9+1LgnPrPXVbqcT8=
-3,27,AvZE7v4NyNsZwspvG3tC9AeD5WI=,XuFvcymbT/yf+DKEf2wYJXLeb/4=
-4,26,AvZE7v4NyNsZwspvG3tC9AeD5WI=,XuFvcymbT/yf+DKEf2wYJXLeb/4=
-6,25,AvZE7v4NyNsZwspvG3tC9AeD5WI=,eMQPyNTV68S5RO9unjPI3T9eviI=
-5,25,AvZE7v4NyNsZwspvG3tC9AeD5WI=,eMQPyNTV68S5RO9unjPI3T9eviI=
-3,26,AvZE7v4NyNsZwspvG3tC9AeD5WI=,XuFvcymbT/yf+DKEf2wYJXLeb/4=
-7,27,AvZE7v4NyNsZwspvG3tC9AeD5WI=,apo+cgetsxDCOONU4m/XY1nWzto=
-6,26,AvZE7v4NyNsZwspvG3tC9AeD5WI=,qv9l3yxU7QmKWQhoT+OSHLjUM9U=
-4,25,AvZE7v4NyNsZwspvG3tC9AeD5WI=,2ExBw7fk9vGBeP2TqpqO2/qjkGE=
-5,27,AvZE7v4NyNsZwspvG3tC9AeD5WI=,qv9l3yxU7QmKWQhoT+OSHLjUM9U=
-5,26,AvZE7v4NyNsZwspvG3tC9AeD5WI=,qv9l3yxU7QmKWQhoT+OSHLjUM9U=
-7,25,AvZE7v4NyNsZwspvG3tC9AeD5WI=,N8IWj+AKgbgfHzsaLB8rQ5hdtbo=
-7,26,AvZE7v4NyNsZwspvG3tC9AeD5WI=,apo+cgetsxDCOONU4m/XY1nWzto=
-4,27,AvZE7v4NyNsZwspvG3tC9AeD5WI=,XuFvcymbT/yf+DKEf2wYJXLeb/4=
-6,27,AvZE7v4NyNsZwspvG3tC9AeD5WI=,qv9l3yxU7QmKWQhoT+OSHLjUM9U=
-9,19,AvZE7v4NyNsZwspvG3tC9AeD5WI=,J0x/9IbnE+21vwZvu/Mb+NYapjs=
-7,22,AvZE7v4NyNsZwspvG3tC9AeD5WI=,VJ9xfmhk6UzU8/ZE4gEohxAY2xo=
-9,20,AvZE7v4NyNsZwspvG3tC9AeD5WI=,tSX70oPT507/NmIvGAG1tapKutA=
-7,19,AvZE7v4NyNsZwspvG3tC9AeD5WI=,8hwEOhoy8DaKFiCSRV0kvJWZ7FQ=
-6,21,AvZE7v4NyNsZwspvG3tC9AeD5WI=,ac7aOHig344TlaWzdLbt3M3LYt0=
-6,22,AvZE7v4NyNsZwspvG3tC9AeD5WI=,rkXaKhHBi1boSfULFNt9HyMfNTQ=
-8,19,AvZE7v4NyNsZwspvG3tC9AeD5WI=,8hwEOhoy8DaKFiCSRV0kvJWZ7FQ=
-6,19,AvZE7v4NyNsZwspvG3tC9AeD5WI=,fFdbxAX7vsImcO8eld6KMyucoYc=
-8,20,AvZE7v4NyNsZwspvG3tC9AeD5WI=,a0Bjd/iIUG0wOfEQYYsCxLTUMLw=
-7,21,AvZE7v4NyNsZwspvG3tC9AeD5WI=,a0Bjd/iIUG0wOfEQYYsCxLTUMLw=
-6,20,AvZE7v4NyNsZwspvG3tC9AeD5WI=,ac7aOHig344TlaWzdLbt3M3LYt0=
-7,20,AvZE7v4NyNsZwspvG3tC9AeD5WI=,a0Bjd/iIUG0wOfEQYYsCxLTUMLw=
-8,24,rWGcfiGyjO5smn3GHSZ8pDr1nXE=,N8IWj+AKgbgfHzsaLB8rQ5hdtbo=
-8,22,rWGcfiGyjO5smn3GHSZ8pDr1nXE=,VJ9xfmhk6UzU8/ZE4gEohxAY2xo=
-9,21,rWGcfiGyjO5smn3GHSZ8pDr1nXE=,tSX70oPT507/NmIvGAG1tapKutA=
-9,24,rWGcfiGyjO5smn3GHSZ8pDr1nXE=,PXrgsikxfWDjB3W2a3Mz4OV8GuA=
-6,18,rWGcfiGyjO5smn3GHSZ8pDr1nXE=,fFdbxAX7vsImcO8eld6KMyucoYc=
-9,22,rWGcfiGyjO5smn3GHSZ8pDr1nXE=,bVJ2wR7sXWRcWNumXNQ81jp4RA4=
-7,17,rWGcfiGyjO5smn3GHSZ8pDr1nXE=,A/tnfTxBNgyZHfAJEtumlgFBNnc=
-9,23,rWGcfiGyjO5smn3GHSZ8pDr1nXE=,bVJ2wR7sXWRcWNumXNQ81jp4RA4=
-7,18,rWGcfiGyjO5smn3GHSZ8pDr1nXE=,8hwEOhoy8DaKFiCSRV0kvJWZ7FQ=
-8,21,rWGcfiGyjO5smn3GHSZ8pDr1nXE=,a0Bjd/iIUG0wOfEQYYsCxLTUMLw=
-8,23,rWGcfiGyjO5smn3GHSZ8pDr1nXE=,VJ9xfmhk6UzU8/ZE4gEohxAY2xo=
-6,17,rWGcfiGyjO5smn3GHSZ8pDr1nXE=,AGtjuDW/yYA2MYkoxYMxeAbFQSw=
-10,22,rWGcfiGyjO5smn3GHSZ8pDr1nXE=,bVJ2wR7sXWRcWNumXNQ81jp4RA4=
-11,21,rWGcfiGyjO5smn3GHSZ8pDr1nXE=,TGH+llRGfQHMQvjF6bPa4Fej7ng=
-11,22,rWGcfiGyjO5smn3GHSZ8pDr1nXE=,RPgce8iU8Rtb1iOq+YMI8H0gos8=
-10,21,rWGcfiGyjO5smn3GHSZ8pDr1nXE=,tSX70oPT507/NmIvGAG1tapKutA=
-11,24,rWGcfiGyjO5smn3GHSZ8pDr1nXE=,mkrIor/s7HclU/fAEXHZSGmuG3Y=
-10,24,rWGcfiGyjO5smn3GHSZ8pDr1nXE=,PXrgsikxfWDjB3W2a3Mz4OV8GuA=
-10,25,rWGcfiGyjO5smn3GHSZ8pDr1nXE=,PXrgsikxfWDjB3W2a3Mz4OV8GuA=
-10,26,rWGcfiGyjO5smn3GHSZ8pDr1nXE=,ZckcYfcKsNkBPOtPqdK6+cdE/uM=
-10,23,rWGcfiGyjO5smn3GHSZ8pDr1nXE=,bVJ2wR7sXWRcWNumXNQ81jp4RA4=
-11,26,rWGcfiGyjO5smn3GHSZ8pDr1nXE=,E5f4YuwOIctEAxZX5Wmsf7fORLk=
-11,23,rWGcfiGyjO5smn3GHSZ8pDr1nXE=,RPgce8iU8Rtb1iOq+YMI8H0gos8=
-11,25,rWGcfiGyjO5smn3GHSZ8pDr1nXE=,mkrIor/s7HclU/fAEXHZSGmuG3Y=
-12,24,rWGcfiGyjO5smn3GHSZ8pDr1nXE=,mkrIor/s7HclU/fAEXHZSGmuG3Y=
-13,24,rWGcfiGyjO5smn3GHSZ8pDr1nXE=,Psl7XX6obf/+L62Zv3Cz2T6wwNM=
-12,23,rWGcfiGyjO5smn3GHSZ8pDr1nXE=,RPgce8iU8Rtb1iOq+YMI8H0gos8=
-13,23,rWGcfiGyjO5smn3GHSZ8pDr1nXE=,N0hU/BYFIeiultGxmBEb4/CTWC8=
-12,25,rWGcfiGyjO5smn3GHSZ8pDr1nXE=,mkrIor/s7HclU/fAEXHZSGmuG3Y=
-13,26,rWGcfiGyjO5smn3GHSZ8pDr1nXE=,/JvGdcjCTBN2mTvFdJ+BaERzeTY=
-12,26,rWGcfiGyjO5smn3GHSZ8pDr1nXE=,E5f4YuwOIctEAxZX5Wmsf7fORLk=
-13,25,rWGcfiGyjO5smn3GHSZ8pDr1nXE=,Psl7XX6obf/+L62Zv3Cz2T6wwNM=
-15,24,rWGcfiGyjO5smn3GHSZ8pDr1nXE=,64xg9Dq18eaDnETSa+4JLtHD34k=
-14,23,rWGcfiGyjO5smn3GHSZ8pDr1nXE=,N0hU/BYFIeiultGxmBEb4/CTWC8=
-14,24,rWGcfiGyjO5smn3GHSZ8pDr1nXE=,Psl7XX6obf/+L62Zv3Cz2T6wwNM=
-15,23,rWGcfiGyjO5smn3GHSZ8pDr1nXE=,uroKDhHNBPHS55jDFpEkWkftc88=
-12,22,rWGcfiGyjO5smn3GHSZ8pDr1nXE=,RPgce8iU8Rtb1iOq+YMI8H0gos8=
-13,21,rWGcfiGyjO5smn3GHSZ8pDr1nXE=,HRQPz2QraSZZiv7QlnldYfXVQgc=
-12,21,rWGcfiGyjO5smn3GHSZ8pDr1nXE=,TGH+llRGfQHMQvjF6bPa4Fej7ng=
-13,22,rWGcfiGyjO5smn3GHSZ8pDr1nXE=,N0hU/BYFIeiultGxmBEb4/CTWC8=
-14,21,rWGcfiGyjO5smn3GHSZ8pDr1nXE=,HRQPz2QraSZZiv7QlnldYfXVQgc=
-14,22,rWGcfiGyjO5smn3GHSZ8pDr1nXE=,N0hU/BYFIeiultGxmBEb4/CTWC8=
-15,22,rWGcfiGyjO5smn3GHSZ8pDr1nXE=,uroKDhHNBPHS55jDFpEkWkftc88=
-15,21,rWGcfiGyjO5smn3GHSZ8pDr1nXE=,GXB9w7n6nrg5kiEbEjBSHBwOjw8=
-15,19,rWGcfiGyjO5smn3GHSZ8pDr1nXE=,OM/t1JrsskBPhuoALsQatHvoZDc=
-14,19,rWGcfiGyjO5smn3GHSZ8pDr1nXE=,W+r/5tkYe1QLhLmenCt9uP02mpc=
-14,20,rWGcfiGyjO5smn3GHSZ8pDr1nXE=,HRQPz2QraSZZiv7QlnldYfXVQgc=
-15,20,rWGcfiGyjO5smn3GHSZ8pDr1nXE=,GXB9w7n6nrg5kiEbEjBSHBwOjw8=
-11,19,rWGcfiGyjO5smn3GHSZ8pDr1nXE=,tXHqXg+zwUEVifw1xjsXSXmfB4o=
-12,19,rWGcfiGyjO5smn3GHSZ8pDr1nXE=,tXHqXg+zwUEVifw1xjsXSXmfB4o=
-10,20,rWGcfiGyjO5smn3GHSZ8pDr1nXE=,tSX70oPT507/NmIvGAG1tapKutA=
-11,20,rWGcfiGyjO5smn3GHSZ8pDr1nXE=,TGH+llRGfQHMQvjF6bPa4Fej7ng=
-13,19,rWGcfiGyjO5smn3GHSZ8pDr1nXE=,W+r/5tkYe1QLhLmenCt9uP02mpc=
-12,20,rWGcfiGyjO5smn3GHSZ8pDr1nXE=,TGH+llRGfQHMQvjF6bPa4Fej7ng=
-10,19,rWGcfiGyjO5smn3GHSZ8pDr1nXE=,J0x/9IbnE+21vwZvu/Mb+NYapjs=
-13,20,rWGcfiGyjO5smn3GHSZ8pDr1nXE=,HRQPz2QraSZZiv7QlnldYfXVQgc=
-13,18,rWGcfiGyjO5smn3GHSZ8pDr1nXE=,W+r/5tkYe1QLhLmenCt9uP02mpc=
-13,17,rWGcfiGyjO5smn3GHSZ8pDr1nXE=,p3YPXwe87RX1yzYWArOA39yTCEE=
-12,17,rWGcfiGyjO5smn3GHSZ8pDr1nXE=,jEXf+TS5u0spmP1xuzNtPTGudTY=
-12,18,rWGcfiGyjO5smn3GHSZ8pDr1nXE=,tXHqXg+zwUEVifw1xjsXSXmfB4o=
-12,16,rWGcfiGyjO5smn3GHSZ8pDr1nXE=,jEXf+TS5u0spmP1xuzNtPTGudTY=
-13,16,rWGcfiGyjO5smn3GHSZ8pDr1nXE=,p3YPXwe87RX1yzYWArOA39yTCEE=
-16,19,rWGcfiGyjO5smn3GHSZ8pDr1nXE=,OM/t1JrsskBPhuoALsQatHvoZDc=
-6,16,rWGcfiGyjO5smn3GHSZ8pDr1nXE=,AGtjuDW/yYA2MYkoxYMxeAbFQSw=
-7,16,rWGcfiGyjO5smn3GHSZ8pDr1nXE=,A/tnfTxBNgyZHfAJEtumlgFBNnc=
-16,20,rWGcfiGyjO5smn3GHSZ8pDr1nXE=,GXB9w7n6nrg5kiEbEjBSHBwOjw8=
-5,16,rWGcfiGyjO5smn3GHSZ8pDr1nXE=,AGtjuDW/yYA2MYkoxYMxeAbFQSw=
-10,27,rWGcfiGyjO5smn3GHSZ8pDr1nXE=,ZckcYfcKsNkBPOtPqdK6+cdE/uM=
-11,27,rWGcfiGyjO5smn3GHSZ8pDr1nXE=,E5f4YuwOIctEAxZX5Wmsf7fORLk=
-1,16,rWGcfiGyjO5smn3GHSZ8pDr1nXE=,tYsDmpehDtwTDlg70Xrly9utZSk=
-13,27,rWGcfiGyjO5smn3GHSZ8pDr1nXE=,/JvGdcjCTBN2mTvFdJ+BaERzeTY=
-12,27,rWGcfiGyjO5smn3GHSZ8pDr1nXE=,E5f4YuwOIctEAxZX5Wmsf7fORLk=
-3,16,rWGcfiGyjO5smn3GHSZ8pDr1nXE=,NHdKJXDH0YpdFYO+PeWjI5cKx8U=
-4,16,rWGcfiGyjO5smn3GHSZ8pDr1nXE=,NHdKJXDH0YpdFYO+PeWjI5cKx8U=
-2,16,rWGcfiGyjO5smn3GHSZ8pDr1nXE=,tYsDmpehDtwTDlg70Xrly9utZSk=
-14,17,rWGcfiGyjO5smn3GHSZ8pDr1nXE=,p3YPXwe87RX1yzYWArOA39yTCEE=
-14,16,rWGcfiGyjO5smn3GHSZ8pDr1nXE=,p3YPXwe87RX1yzYWArOA39yTCEE=
-14,18,rWGcfiGyjO5smn3GHSZ8pDr1nXE=,W+r/5tkYe1QLhLmenCt9uP02mpc=
-15,17,rWGcfiGyjO5smn3GHSZ8pDr1nXE=,mkR3vngO8pKt8Qi5hpuNO3N2V8s=
-15,18,rWGcfiGyjO5smn3GHSZ8pDr1nXE=,OM/t1JrsskBPhuoALsQatHvoZDc=
-16,18,rWGcfiGyjO5smn3GHSZ8pDr1nXE=,OM/t1JrsskBPhuoALsQatHvoZDc=
-16,17,rWGcfiGyjO5smn3GHSZ8pDr1nXE=,mkR3vngO8pKt8Qi5hpuNO3N2V8s=
-16,24,rWGcfiGyjO5smn3GHSZ8pDr1nXE=,64xg9Dq18eaDnETSa+4JLtHD34k=
-15,16,rWGcfiGyjO5smn3GHSZ8pDr1nXE=,mkR3vngO8pKt8Qi5hpuNO3N2V8s=
-16,16,rWGcfiGyjO5smn3GHSZ8pDr1nXE=,mkR3vngO8pKt8Qi5hpuNO3N2V8s=
-16,23,rWGcfiGyjO5smn3GHSZ8pDr1nXE=,uroKDhHNBPHS55jDFpEkWkftc88=
-16,22,rWGcfiGyjO5smn3GHSZ8pDr1nXE=,uroKDhHNBPHS55jDFpEkWkftc88=
-16,21,rWGcfiGyjO5smn3GHSZ8pDr1nXE=,GXB9w7n6nrg5kiEbEjBSHBwOjw8=
-8,16,rWGcfiGyjO5smn3GHSZ8pDr1nXE=,A/tnfTxBNgyZHfAJEtumlgFBNnc=
-10,16,rWGcfiGyjO5smn3GHSZ8pDr1nXE=,IEXKcngXdLv/3gUn7miV8W/vSjk=
-11,16,rWGcfiGyjO5smn3GHSZ8pDr1nXE=,jEXf+TS5u0spmP1xuzNtPTGudTY=
-10,17,rWGcfiGyjO5smn3GHSZ8pDr1nXE=,IEXKcngXdLv/3gUn7miV8W/vSjk=
-11,17,rWGcfiGyjO5smn3GHSZ8pDr1nXE=,jEXf+TS5u0spmP1xuzNtPTGudTY=
-9,17,rWGcfiGyjO5smn3GHSZ8pDr1nXE=,IEXKcngXdLv/3gUn7miV8W/vSjk=
-9,16,rWGcfiGyjO5smn3GHSZ8pDr1nXE=,IEXKcngXdLv/3gUn7miV8W/vSjk=
-8,17,rWGcfiGyjO5smn3GHSZ8pDr1nXE=,A/tnfTxBNgyZHfAJEtumlgFBNnc=
-8,18,rWGcfiGyjO5smn3GHSZ8pDr1nXE=,8hwEOhoy8DaKFiCSRV0kvJWZ7FQ=
-9,18,rWGcfiGyjO5smn3GHSZ8pDr1nXE=,J0x/9IbnE+21vwZvu/Mb+NYapjs=
-10,18,rWGcfiGyjO5smn3GHSZ8pDr1nXE=,J0x/9IbnE+21vwZvu/Mb+NYapjs=
-11,18,rWGcfiGyjO5smn3GHSZ8pDr1nXE=,tXHqXg+zwUEVifw1xjsXSXmfB4o=
-14,26,rWGcfiGyjO5smn3GHSZ8pDr1nXE=,/JvGdcjCTBN2mTvFdJ+BaERzeTY=
-14,27,rWGcfiGyjO5smn3GHSZ8pDr1nXE=,/JvGdcjCTBN2mTvFdJ+BaERzeTY=
-15,25,rWGcfiGyjO5smn3GHSZ8pDr1nXE=,64xg9Dq18eaDnETSa+4JLtHD34k=
-16,25,rWGcfiGyjO5smn3GHSZ8pDr1nXE=,64xg9Dq18eaDnETSa+4JLtHD34k=
-14,25,rWGcfiGyjO5smn3GHSZ8pDr1nXE=,Psl7XX6obf/+L62Zv3Cz2T6wwNM=
-16,27,rWGcfiGyjO5smn3GHSZ8pDr1nXE=,X6gkjgDveQJ6hxGM1qtF2JQElZA=
-15,26,rWGcfiGyjO5smn3GHSZ8pDr1nXE=,X6gkjgDveQJ6hxGM1qtF2JQElZA=
-16,26,rWGcfiGyjO5smn3GHSZ8pDr1nXE=,X6gkjgDveQJ6hxGM1qtF2JQElZA=
-15,27,rWGcfiGyjO5smn3GHSZ8pDr1nXE=,X6gkjgDveQJ6hxGM1qtF2JQElZA=
-2,2,rWGcfiGyjO5smn3GHSZ8pDr1nXE=,e7RS4IP/nXC4fsAkVISifxsx2xw=
-3,1,rWGcfiGyjO5smn3GHSZ8pDr1nXE=,+x+T/vj2obtqMhtJPRwJEW/y4B4=
-2,1,rWGcfiGyjO5smn3GHSZ8pDr1nXE=,/FvemQoCIU/HkRHIcOGg8VbKD8g=
-3,2,rWGcfiGyjO5smn3GHSZ8pDr1nXE=,jlUQ1PE0NXxH8VOfR5VZDsxQuR8=
-2,4,rWGcfiGyjO5smn3GHSZ8pDr1nXE=,nojQXO/8ZywVs9MPm3CFhPKnZgQ=
-3,4,rWGcfiGyjO5smn3GHSZ8pDr1nXE=,D/FOuV8CFxXJckAA7phZS6kfP18=
-2,3,rWGcfiGyjO5smn3GHSZ8pDr1nXE=,e7RS4IP/nXC4fsAkVISifxsx2xw=
-3,3,rWGcfiGyjO5smn3GHSZ8pDr1nXE=,jlUQ1PE0NXxH8VOfR5VZDsxQuR8=
-2,6,rWGcfiGyjO5smn3GHSZ8pDr1nXE=,kPPiSezjs4jQZt+uleNzcfC0Pl8=
-3,6,rWGcfiGyjO5smn3GHSZ8pDr1nXE=,1GNLPWPrWW2VPXW1ORM3EEoCwds=
-2,5,rWGcfiGyjO5smn3GHSZ8pDr1nXE=,nojQXO/8ZywVs9MPm3CFhPKnZgQ=
-3,5,rWGcfiGyjO5smn3GHSZ8pDr1nXE=,D/FOuV8CFxXJckAA7phZS6kfP18=
-2,8,rWGcfiGyjO5smn3GHSZ8pDr1nXE=,EF2TelTNaFwVDXuRfrUbKN2dbx0=
-3,8,rWGcfiGyjO5smn3GHSZ8pDr1nXE=,yTHDiLmeYtHpigKsxsj5Rt6swpM=
-2,7,rWGcfiGyjO5smn3GHSZ8pDr1nXE=,kPPiSezjs4jQZt+uleNzcfC0Pl8=
-3,7,rWGcfiGyjO5smn3GHSZ8pDr1nXE=,1GNLPWPrWW2VPXW1ORM3EEoCwds=
-6,10,rWGcfiGyjO5smn3GHSZ8pDr1nXE=,M+WeubLSPe/WcUgp+TKHASMS24w=
-4,10,5dafpvdhrWe/lcZgAkIOP3UjvZQ=,FWeIsvuDQ3HrPw2a4Rlnyqor/Gk=
-5,10,5dafpvdhrWe/lcZgAkIOP3UjvZQ=,M+WeubLSPe/WcUgp+TKHASMS24w=
-7,10,5dafpvdhrWe/lcZgAkIOP3UjvZQ=,Vg3voF/FJ80M3eT2KXjiEgRtK7Y=
-4,9,5dafpvdhrWe/lcZgAkIOP3UjvZQ=,yTHDiLmeYtHpigKsxsj5Rt6swpM=
-7,9,5dafpvdhrWe/lcZgAkIOP3UjvZQ=,GQcQIWUoqxqMO2oTICA5sPNw54M=
-6,9,5dafpvdhrWe/lcZgAkIOP3UjvZQ=,3+pHiFQGbw4MHcPSG7I4b/HTYlQ=
-5,9,5dafpvdhrWe/lcZgAkIOP3UjvZQ=,3+pHiFQGbw4MHcPSG7I4b/HTYlQ=
-2,10,5dafpvdhrWe/lcZgAkIOP3UjvZQ=,z/VO5esiwrcInjlDqyY7dOzxWt8=
-3,9,5dafpvdhrWe/lcZgAkIOP3UjvZQ=,yTHDiLmeYtHpigKsxsj5Rt6swpM=
-2,9,5dafpvdhrWe/lcZgAkIOP3UjvZQ=,EF2TelTNaFwVDXuRfrUbKN2dbx0=
-3,10,5dafpvdhrWe/lcZgAkIOP3UjvZQ=,FWeIsvuDQ3HrPw2a4Rlnyqor/Gk=
-5,12,5dafpvdhrWe/lcZgAkIOP3UjvZQ=,niELlEsv93Ph9uZO5HZgjOQoS0U=
-4,12,5dafpvdhrWe/lcZgAkIOP3UjvZQ=,0tWPfct31yvuCPPlmDFAd745h24=
-2,12,5dafpvdhrWe/lcZgAkIOP3UjvZQ=,6Ed1lvEnXFXq8MFAVjeVdQsEVnQ=
-4,11,5dafpvdhrWe/lcZgAkIOP3UjvZQ=,FWeIsvuDQ3HrPw2a4Rlnyqor/Gk=
-5,11,5dafpvdhrWe/lcZgAkIOP3UjvZQ=,M+WeubLSPe/WcUgp+TKHASMS24w=
-3,11,5dafpvdhrWe/lcZgAkIOP3UjvZQ=,FWeIsvuDQ3HrPw2a4Rlnyqor/Gk=
-2,11,5dafpvdhrWe/lcZgAkIOP3UjvZQ=,z/VO5esiwrcInjlDqyY7dOzxWt8=
-3,12,5dafpvdhrWe/lcZgAkIOP3UjvZQ=,0tWPfct31yvuCPPlmDFAd745h24=
-6,12,5dafpvdhrWe/lcZgAkIOP3UjvZQ=,niELlEsv93Ph9uZO5HZgjOQoS0U=
-6,11,5dafpvdhrWe/lcZgAkIOP3UjvZQ=,M+WeubLSPe/WcUgp+TKHASMS24w=
-7,12,5dafpvdhrWe/lcZgAkIOP3UjvZQ=,tQapQnl8y0/rmEtBsuRtk8XND38=
-7,11,5dafpvdhrWe/lcZgAkIOP3UjvZQ=,Vg3voF/FJ80M3eT2KXjiEgRtK7Y=
-7,14,5dafpvdhrWe/lcZgAkIOP3UjvZQ=,ZOvv/oQwwDAQqojsyO8AUMIAkjY=
-6,14,5dafpvdhrWe/lcZgAkIOP3UjvZQ=,nFz9HhPNJoUyyIWcjsDpViG4llw=
-6,13,5dafpvdhrWe/lcZgAkIOP3UjvZQ=,niELlEsv93Ph9uZO5HZgjOQoS0U=
-7,13,5dafpvdhrWe/lcZgAkIOP3UjvZQ=,tQapQnl8y0/rmEtBsuRtk8XND38=
-8,14,5dafpvdhrWe/lcZgAkIOP3UjvZQ=,ZOvv/oQwwDAQqojsyO8AUMIAkjY=
-9,14,5dafpvdhrWe/lcZgAkIOP3UjvZQ=,YUgE/CVxuaMfj40PKJDbPLUno4E=
-8,13,5dafpvdhrWe/lcZgAkIOP3UjvZQ=,tQapQnl8y0/rmEtBsuRtk8XND38=
-9,13,5dafpvdhrWe/lcZgAkIOP3UjvZQ=,rLo2vYlPJVeyejTqSv2zEgpasGo=
-8,11,5dafpvdhrWe/lcZgAkIOP3UjvZQ=,Vg3voF/FJ80M3eT2KXjiEgRtK7Y=
-9,12,5dafpvdhrWe/lcZgAkIOP3UjvZQ=,rLo2vYlPJVeyejTqSv2zEgpasGo=
-8,12,5dafpvdhrWe/lcZgAkIOP3UjvZQ=,tQapQnl8y0/rmEtBsuRtk8XND38=
-9,11,5dafpvdhrWe/lcZgAkIOP3UjvZQ=,PmrMYrgkcM6MOZkHrF5tc6eRPyc=
-8,9,5dafpvdhrWe/lcZgAkIOP3UjvZQ=,GQcQIWUoqxqMO2oTICA5sPNw54M=
-9,10,5dafpvdhrWe/lcZgAkIOP3UjvZQ=,PmrMYrgkcM6MOZkHrF5tc6eRPyc=
-8,10,5dafpvdhrWe/lcZgAkIOP3UjvZQ=,Vg3voF/FJ80M3eT2KXjiEgRtK7Y=
-9,9,5dafpvdhrWe/lcZgAkIOP3UjvZQ=,5s3Ld2N8EffLeKL4HTodi2epCbo=
-8,7,5dafpvdhrWe/lcZgAkIOP3UjvZQ=,7BvGj0buMhsZwunDSCeFHWx0nZQ=
-9,8,5dafpvdhrWe/lcZgAkIOP3UjvZQ=,5s3Ld2N8EffLeKL4HTodi2epCbo=
-8,8,5dafpvdhrWe/lcZgAkIOP3UjvZQ=,GQcQIWUoqxqMO2oTICA5sPNw54M=
-9,7,5dafpvdhrWe/lcZgAkIOP3UjvZQ=,UdCM8VDjrQW5RzG02xrpSU/ca2M=
-6,8,5dafpvdhrWe/lcZgAkIOP3UjvZQ=,3+pHiFQGbw4MHcPSG7I4b/HTYlQ=
-5,7,5dafpvdhrWe/lcZgAkIOP3UjvZQ=,2g9ftARlBIxGSYiN1/Xd9RLZCvQ=
-7,8,5dafpvdhrWe/lcZgAkIOP3UjvZQ=,GQcQIWUoqxqMO2oTICA5sPNw54M=
-7,7,5dafpvdhrWe/lcZgAkIOP3UjvZQ=,7BvGj0buMhsZwunDSCeFHWx0nZQ=
-6,7,5dafpvdhrWe/lcZgAkIOP3UjvZQ=,2g9ftARlBIxGSYiN1/Xd9RLZCvQ=
-4,7,5dafpvdhrWe/lcZgAkIOP3UjvZQ=,1GNLPWPrWW2VPXW1ORM3EEoCwds=
-5,8,5dafpvdhrWe/lcZgAkIOP3UjvZQ=,3+pHiFQGbw4MHcPSG7I4b/HTYlQ=
-4,8,5dafpvdhrWe/lcZgAkIOP3UjvZQ=,yTHDiLmeYtHpigKsxsj5Rt6swpM=
-6,6,5dafpvdhrWe/lcZgAkIOP3UjvZQ=,2g9ftARlBIxGSYiN1/Xd9RLZCvQ=
-7,5,5dafpvdhrWe/lcZgAkIOP3UjvZQ=,Zq0rTwj50pFRZIsiZebjz/OfBfM=
-6,5,5dafpvdhrWe/lcZgAkIOP3UjvZQ=,OmfEMHVd0/+w5zKHWCwb2lmfyCs=
-4,5,5dafpvdhrWe/lcZgAkIOP3UjvZQ=,D/FOuV8CFxXJckAA7phZS6kfP18=
-4,6,5dafpvdhrWe/lcZgAkIOP3UjvZQ=,1GNLPWPrWW2VPXW1ORM3EEoCwds=
-5,5,5dafpvdhrWe/lcZgAkIOP3UjvZQ=,OmfEMHVd0/+w5zKHWCwb2lmfyCs=
-5,6,5dafpvdhrWe/lcZgAkIOP3UjvZQ=,2g9ftARlBIxGSYiN1/Xd9RLZCvQ=
-7,6,5dafpvdhrWe/lcZgAkIOP3UjvZQ=,7BvGj0buMhsZwunDSCeFHWx0nZQ=
-4,4,5dafpvdhrWe/lcZgAkIOP3UjvZQ=,D/FOuV8CFxXJckAA7phZS6kfP18=
-4,3,5dafpvdhrWe/lcZgAkIOP3UjvZQ=,jlUQ1PE0NXxH8VOfR5VZDsxQuR8=
-5,4,5dafpvdhrWe/lcZgAkIOP3UjvZQ=,OmfEMHVd0/+w5zKHWCwb2lmfyCs=
-5,3,5dafpvdhrWe/lcZgAkIOP3UjvZQ=,4EgEdQrWI+eQgRqLnaz39ixxhGI=
-4,1,5dafpvdhrWe/lcZgAkIOP3UjvZQ=,+x+T/vj2obtqMhtJPRwJEW/y4B4=
-7,4,5dafpvdhrWe/lcZgAkIOP3UjvZQ=,Zq0rTwj50pFRZIsiZebjz/OfBfM=
-5,2,5dafpvdhrWe/lcZgAkIOP3UjvZQ=,4EgEdQrWI+eQgRqLnaz39ixxhGI=
-4,2,5dafpvdhrWe/lcZgAkIOP3UjvZQ=,jlUQ1PE0NXxH8VOfR5VZDsxQuR8=
-5,1,5dafpvdhrWe/lcZgAkIOP3UjvZQ=,ZBg7D0bwcDT41lbsBZRS75VBBcI=
-6,3,5dafpvdhrWe/lcZgAkIOP3UjvZQ=,4EgEdQrWI+eQgRqLnaz39ixxhGI=
-7,3,5dafpvdhrWe/lcZgAkIOP3UjvZQ=,DpPyuLV9RyWvUFUnbNFSrfD+1U4=
-6,4,5dafpvdhrWe/lcZgAkIOP3UjvZQ=,OmfEMHVd0/+w5zKHWCwb2lmfyCs=
-7,1,5dafpvdhrWe/lcZgAkIOP3UjvZQ=,pcLXwsnVjxypO9eBTjagnsVKydo=
-7,2,5dafpvdhrWe/lcZgAkIOP3UjvZQ=,DpPyuLV9RyWvUFUnbNFSrfD+1U4=
-6,1,5dafpvdhrWe/lcZgAkIOP3UjvZQ=,ZBg7D0bwcDT41lbsBZRS75VBBcI=
-6,2,5dafpvdhrWe/lcZgAkIOP3UjvZQ=,4EgEdQrWI+eQgRqLnaz39ixxhGI=
-8,2,5dafpvdhrWe/lcZgAkIOP3UjvZQ=,DpPyuLV9RyWvUFUnbNFSrfD+1U4=
-8,4,5dafpvdhrWe/lcZgAkIOP3UjvZQ=,Zq0rTwj50pFRZIsiZebjz/OfBfM=
-8,5,5dafpvdhrWe/lcZgAkIOP3UjvZQ=,Zq0rTwj50pFRZIsiZebjz/OfBfM=
-9,5,5dafpvdhrWe/lcZgAkIOP3UjvZQ=,4BY4fj+brlsg/pb0d3qZIlyzsbY=
-8,3,5dafpvdhrWe/lcZgAkIOP3UjvZQ=,DpPyuLV9RyWvUFUnbNFSrfD+1U4=
-8,6,5dafpvdhrWe/lcZgAkIOP3UjvZQ=,7BvGj0buMhsZwunDSCeFHWx0nZQ=
-9,2,5dafpvdhrWe/lcZgAkIOP3UjvZQ=,76qz6PdPNake48Dn82KWj4D9KWg=
-9,4,5dafpvdhrWe/lcZgAkIOP3UjvZQ=,4BY4fj+brlsg/pb0d3qZIlyzsbY=
-9,6,5dafpvdhrWe/lcZgAkIOP3UjvZQ=,UdCM8VDjrQW5RzG02xrpSU/ca2M=
-8,1,5dafpvdhrWe/lcZgAkIOP3UjvZQ=,pcLXwsnVjxypO9eBTjagnsVKydo=
-9,1,5dafpvdhrWe/lcZgAkIOP3UjvZQ=,F32R0B5D5smecJ1uAI45NLIILfg=
-9,3,5dafpvdhrWe/lcZgAkIOP3UjvZQ=,76qz6PdPNake48Dn82KWj4D9KWg=
-10,4,5dafpvdhrWe/lcZgAkIOP3UjvZQ=,4BY4fj+brlsg/pb0d3qZIlyzsbY=
-10,3,5dafpvdhrWe/lcZgAkIOP3UjvZQ=,76qz6PdPNake48Dn82KWj4D9KWg=
-11,4,5dafpvdhrWe/lcZgAkIOP3UjvZQ=,9Ztktdx4XaE/9zAHMGtORg1RVT4=
-11,3,5dafpvdhrWe/lcZgAkIOP3UjvZQ=,PangqChN+tjazQN3mN+8X8YzIMY=
-10,1,5dafpvdhrWe/lcZgAkIOP3UjvZQ=,F32R0B5D5smecJ1uAI45NLIILfg=
-11,6,5dafpvdhrWe/lcZgAkIOP3UjvZQ=,MbYWfTSP3I9cqXts1xL3Xyd13/4=
-10,5,5dafpvdhrWe/lcZgAkIOP3UjvZQ=,4BY4fj+brlsg/pb0d3qZIlyzsbY=
-10,2,5dafpvdhrWe/lcZgAkIOP3UjvZQ=,76qz6PdPNake48Dn82KWj4D9KWg=
-11,1,5dafpvdhrWe/lcZgAkIOP3UjvZQ=,yvWG9KEER31kB+YBNJZqN57mT+Y=
-11,2,5dafpvdhrWe/lcZgAkIOP3UjvZQ=,PangqChN+tjazQN3mN+8X8YzIMY=
-10,6,5dafpvdhrWe/lcZgAkIOP3UjvZQ=,UdCM8VDjrQW5RzG02xrpSU/ca2M=
-10,7,5dafpvdhrWe/lcZgAkIOP3UjvZQ=,UdCM8VDjrQW5RzG02xrpSU/ca2M=
-11,8,5dafpvdhrWe/lcZgAkIOP3UjvZQ=,wuLnBY1ExaZIzA/ZH7jNSHutBFs=
-11,7,5dafpvdhrWe/lcZgAkIOP3UjvZQ=,MbYWfTSP3I9cqXts1xL3Xyd13/4=
-10,8,5dafpvdhrWe/lcZgAkIOP3UjvZQ=,5s3Ld2N8EffLeKL4HTodi2epCbo=
-11,5,5dafpvdhrWe/lcZgAkIOP3UjvZQ=,9Ztktdx4XaE/9zAHMGtORg1RVT4=
-11,10,5dafpvdhrWe/lcZgAkIOP3UjvZQ=,qi7br98L0PJUSmv6qkQvb9Jb7UM=
-11,9,5dafpvdhrWe/lcZgAkIOP3UjvZQ=,wuLnBY1ExaZIzA/ZH7jNSHutBFs=
-10,9,5dafpvdhrWe/lcZgAkIOP3UjvZQ=,5s3Ld2N8EffLeKL4HTodi2epCbo=
-10,10,5dafpvdhrWe/lcZgAkIOP3UjvZQ=,PmrMYrgkcM6MOZkHrF5tc6eRPyc=
-13,8,5dafpvdhrWe/lcZgAkIOP3UjvZQ=,zQSm1KHaOlIh4jwKp2sXQKb9vcU=
-12,7,5dafpvdhrWe/lcZgAkIOP3UjvZQ=,MbYWfTSP3I9cqXts1xL3Xyd13/4=
-13,7,5dafpvdhrWe/lcZgAkIOP3UjvZQ=,ml2hc6AaMXGYdbP1uuXgsDQHRzs=
-13,10,5dafpvdhrWe/lcZgAkIOP3UjvZQ=,ieo9W+1ax2HOO+V2vOqYd9Ge1xY=
-12,10,5dafpvdhrWe/lcZgAkIOP3UjvZQ=,qi7br98L0PJUSmv6qkQvb9Jb7UM=
-12,9,5dafpvdhrWe/lcZgAkIOP3UjvZQ=,wuLnBY1ExaZIzA/ZH7jNSHutBFs=
-12,8,5dafpvdhrWe/lcZgAkIOP3UjvZQ=,wuLnBY1ExaZIzA/ZH7jNSHutBFs=
-13,9,5dafpvdhrWe/lcZgAkIOP3UjvZQ=,zQSm1KHaOlIh4jwKp2sXQKb9vcU=
-12,6,EVkzAxq7vm047yFROGiYIKlQHdM=,MbYWfTSP3I9cqXts1xL3Xyd13/4=
-12,5,EVkzAxq7vm047yFROGiYIKlQHdM=,9Ztktdx4XaE/9zAHMGtORg1RVT4=
-13,6,EVkzAxq7vm047yFROGiYIKlQHdM=,ml2hc6AaMXGYdbP1uuXgsDQHRzs=
-13,5,EVkzAxq7vm047yFROGiYIKlQHdM=,ePD1f7TuPiL1zc+TiR70/MyTydo=
-12,3,EVkzAxq7vm047yFROGiYIKlQHdM=,PangqChN+tjazQN3mN+8X8YzIMY=
-13,4,EVkzAxq7vm047yFROGiYIKlQHdM=,ePD1f7TuPiL1zc+TiR70/MyTydo=
-12,4,EVkzAxq7vm047yFROGiYIKlQHdM=,9Ztktdx4XaE/9zAHMGtORg1RVT4=
-13,3,EVkzAxq7vm047yFROGiYIKlQHdM=,W70bz6ZSFcXu1WUsp+Z+HKu24+k=
-12,1,EVkzAxq7vm047yFROGiYIKlQHdM=,yvWG9KEER31kB+YBNJZqN57mT+Y=
-12,2,EVkzAxq7vm047yFROGiYIKlQHdM=,PangqChN+tjazQN3mN+8X8YzIMY=
-13,2,EVkzAxq7vm047yFROGiYIKlQHdM=,W70bz6ZSFcXu1WUsp+Z+HKu24+k=
-13,1,EVkzAxq7vm047yFROGiYIKlQHdM=,Zi2XDSCu8raYRuAD+0FX8x6Ux9Q=
-15,4,EVkzAxq7vm047yFROGiYIKlQHdM=,40JZ5DB1JYilFR6Kfgf6ZU6gm0A=
-15,3,EVkzAxq7vm047yFROGiYIKlQHdM=,shll3r12k3bzZD0oTrYMSRjcPNE=
-14,3,EVkzAxq7vm047yFROGiYIKlQHdM=,W70bz6ZSFcXu1WUsp+Z+HKu24+k=
-15,2,EVkzAxq7vm047yFROGiYIKlQHdM=,shll3r12k3bzZD0oTrYMSRjcPNE=
-14,2,EVkzAxq7vm047yFROGiYIKlQHdM=,W70bz6ZSFcXu1WUsp+Z+HKu24+k=
-15,1,EVkzAxq7vm047yFROGiYIKlQHdM=,RUdzRoTnYvapdOACZuZOphinRiQ=
-14,4,EVkzAxq7vm047yFROGiYIKlQHdM=,ePD1f7TuPiL1zc+TiR70/MyTydo=
-14,1,EVkzAxq7vm047yFROGiYIKlQHdM=,Zi2XDSCu8raYRuAD+0FX8x6Ux9Q=
-15,5,EVkzAxq7vm047yFROGiYIKlQHdM=,40JZ5DB1JYilFR6Kfgf6ZU6gm0A=
-14,6,EVkzAxq7vm047yFROGiYIKlQHdM=,ml2hc6AaMXGYdbP1uuXgsDQHRzs=
-15,8,EVkzAxq7vm047yFROGiYIKlQHdM=,vYNbTITbyAnmzsDBrymqLtWQSvs=
-15,7,EVkzAxq7vm047yFROGiYIKlQHdM=,JAXuGMzbkaMeHTBkdSdiJw4WH/g=
-14,8,EVkzAxq7vm047yFROGiYIKlQHdM=,zQSm1KHaOlIh4jwKp2sXQKb9vcU=
-14,5,EVkzAxq7vm047yFROGiYIKlQHdM=,ePD1f7TuPiL1zc+TiR70/MyTydo=
-14,7,EVkzAxq7vm047yFROGiYIKlQHdM=,ml2hc6AaMXGYdbP1uuXgsDQHRzs=
-15,6,EVkzAxq7vm047yFROGiYIKlQHdM=,JAXuGMzbkaMeHTBkdSdiJw4WH/g=
-15,10,EVkzAxq7vm047yFROGiYIKlQHdM=,VSRmDjDGQQdsYzF9xpmby+dJp2U=
-14,9,EVkzAxq7vm047yFROGiYIKlQHdM=,zQSm1KHaOlIh4jwKp2sXQKb9vcU=
-15,9,EVkzAxq7vm047yFROGiYIKlQHdM=,vYNbTITbyAnmzsDBrymqLtWQSvs=
-14,10,EVkzAxq7vm047yFROGiYIKlQHdM=,ieo9W+1ax2HOO+V2vOqYd9Ge1xY=
-15,12,EVkzAxq7vm047yFROGiYIKlQHdM=,FBcUbv9HxgQnWx66q5BF6RGh0OQ=
-15,11,EVkzAxq7vm047yFROGiYIKlQHdM=,VSRmDjDGQQdsYzF9xpmby+dJp2U=
-14,12,EVkzAxq7vm047yFROGiYIKlQHdM=,bSumWNSzSrVmG5+ImRNnt17Mha8=
-14,11,EVkzAxq7vm047yFROGiYIKlQHdM=,ieo9W+1ax2HOO+V2vOqYd9Ge1xY=
-13,11,EVkzAxq7vm047yFROGiYIKlQHdM=,ieo9W+1ax2HOO+V2vOqYd9Ge1xY=
-10,12,EVkzAxq7vm047yFROGiYIKlQHdM=,rLo2vYlPJVeyejTqSv2zEgpasGo=
-13,12,EVkzAxq7vm047yFROGiYIKlQHdM=,bSumWNSzSrVmG5+ImRNnt17Mha8=
-12,12,EVkzAxq7vm047yFROGiYIKlQHdM=,zAEOn4e95c4ojNK39OqKRGT3tVE=
-10,11,EVkzAxq7vm047yFROGiYIKlQHdM=,PmrMYrgkcM6MOZkHrF5tc6eRPyc=
-11,11,EVkzAxq7vm047yFROGiYIKlQHdM=,qi7br98L0PJUSmv6qkQvb9Jb7UM=
-12,11,EVkzAxq7vm047yFROGiYIKlQHdM=,qi7br98L0PJUSmv6qkQvb9Jb7UM=
-11,12,EVkzAxq7vm047yFROGiYIKlQHdM=,zAEOn4e95c4ojNK39OqKRGT3tVE=
-16,11,EVkzAxq7vm047yFROGiYIKlQHdM=,VSRmDjDGQQdsYzF9xpmby+dJp2U=
-16,12,EVkzAxq7vm047yFROGiYIKlQHdM=,FBcUbv9HxgQnWx66q5BF6RGh0OQ=
-16,10,EVkzAxq7vm047yFROGiYIKlQHdM=,VSRmDjDGQQdsYzF9xpmby+dJp2U=
-16,9,EVkzAxq7vm047yFROGiYIKlQHdM=,vYNbTITbyAnmzsDBrymqLtWQSvs=
-16,7,EVkzAxq7vm047yFROGiYIKlQHdM=,JAXuGMzbkaMeHTBkdSdiJw4WH/g=
-16,8,EVkzAxq7vm047yFROGiYIKlQHdM=,vYNbTITbyAnmzsDBrymqLtWQSvs=
-9,15,EVkzAxq7vm047yFROGiYIKlQHdM=,YUgE/CVxuaMfj40PKJDbPLUno4E=
-8,15,EVkzAxq7vm047yFROGiYIKlQHdM=,ZOvv/oQwwDAQqojsyO8AUMIAkjY=
-10,13,EVkzAxq7vm047yFROGiYIKlQHdM=,rLo2vYlPJVeyejTqSv2zEgpasGo=
-7,15,EVkzAxq7vm047yFROGiYIKlQHdM=,ZOvv/oQwwDAQqojsyO8AUMIAkjY=
-11,13,EVkzAxq7vm047yFROGiYIKlQHdM=,zAEOn4e95c4ojNK39OqKRGT3tVE=
-11,15,EVkzAxq7vm047yFROGiYIKlQHdM=,v14vCxOCt+212UccLLIzY7rV77s=
-10,15,EVkzAxq7vm047yFROGiYIKlQHdM=,YUgE/CVxuaMfj40PKJDbPLUno4E=
-6,15,EVkzAxq7vm047yFROGiYIKlQHdM=,nFz9HhPNJoUyyIWcjsDpViG4llw=
-11,14,EVkzAxq7vm047yFROGiYIKlQHdM=,v14vCxOCt+212UccLLIzY7rV77s=
-10,14,EVkzAxq7vm047yFROGiYIKlQHdM=,YUgE/CVxuaMfj40PKJDbPLUno4E=
-13,13,EVkzAxq7vm047yFROGiYIKlQHdM=,bSumWNSzSrVmG5+ImRNnt17Mha8=
-12,15,EVkzAxq7vm047yFROGiYIKlQHdM=,v14vCxOCt+212UccLLIzY7rV77s=
-12,13,EVkzAxq7vm047yFROGiYIKlQHdM=,zAEOn4e95c4ojNK39OqKRGT3tVE=
-12,14,EVkzAxq7vm047yFROGiYIKlQHdM=,v14vCxOCt+212UccLLIzY7rV77s=
-13,15,EVkzAxq7vm047yFROGiYIKlQHdM=,fz86fUsO/cVZrB10QU/0FsncpMc=
-13,14,EVkzAxq7vm047yFROGiYIKlQHdM=,fz86fUsO/cVZrB10QU/0FsncpMc=
-15,15,EVkzAxq7vm047yFROGiYIKlQHdM=,QlPUpH6fR/7Od2JmSxt75xrVIiM=
-14,13,EVkzAxq7vm047yFROGiYIKlQHdM=,bSumWNSzSrVmG5+ImRNnt17Mha8=
-14,15,EVkzAxq7vm047yFROGiYIKlQHdM=,fz86fUsO/cVZrB10QU/0FsncpMc=
-15,14,EVkzAxq7vm047yFROGiYIKlQHdM=,QlPUpH6fR/7Od2JmSxt75xrVIiM=
-14,14,EVkzAxq7vm047yFROGiYIKlQHdM=,fz86fUsO/cVZrB10QU/0FsncpMc=
-15,13,EVkzAxq7vm047yFROGiYIKlQHdM=,FBcUbv9HxgQnWx66q5BF6RGh0OQ=
-16,14,EVkzAxq7vm047yFROGiYIKlQHdM=,QlPUpH6fR/7Od2JmSxt75xrVIiM=
-16,13,EVkzAxq7vm047yFROGiYIKlQHdM=,FBcUbv9HxgQnWx66q5BF6RGh0OQ=
-1,10,EVkzAxq7vm047yFROGiYIKlQHdM=,z/VO5esiwrcInjlDqyY7dOzxWt8=
-1,9,EVkzAxq7vm047yFROGiYIKlQHdM=,EF2TelTNaFwVDXuRfrUbKN2dbx0=
-1,11,EVkzAxq7vm047yFROGiYIKlQHdM=,z/VO5esiwrcInjlDqyY7dOzxWt8=
-1,12,EVkzAxq7vm047yFROGiYIKlQHdM=,6Ed1lvEnXFXq8MFAVjeVdQsEVnQ=
-1,7,EVkzAxq7vm047yFROGiYIKlQHdM=,kPPiSezjs4jQZt+uleNzcfC0Pl8=
-1,8,EVkzAxq7vm047yFROGiYIKlQHdM=,EF2TelTNaFwVDXuRfrUbKN2dbx0=
-1,6,EVkzAxq7vm047yFROGiYIKlQHdM=,kPPiSezjs4jQZt+uleNzcfC0Pl8=
-1,5,EVkzAxq7vm047yFROGiYIKlQHdM=,nojQXO/8ZywVs9MPm3CFhPKnZgQ=
-1,3,EVkzAxq7vm047yFROGiYIKlQHdM=,e7RS4IP/nXC4fsAkVISifxsx2xw=
-1,4,EVkzAxq7vm047yFROGiYIKlQHdM=,nojQXO/8ZywVs9MPm3CFhPKnZgQ=
-1,2,EVkzAxq7vm047yFROGiYIKlQHdM=,e7RS4IP/nXC4fsAkVISifxsx2xw=
-1,1,EVkzAxq7vm047yFROGiYIKlQHdM=,/FvemQoCIU/HkRHIcOGg8VbKD8g=
-2,0,EVkzAxq7vm047yFROGiYIKlQHdM=,/FvemQoCIU/HkRHIcOGg8VbKD8g=
-3,0,EVkzAxq7vm047yFROGiYIKlQHdM=,+x+T/vj2obtqMhtJPRwJEW/y4B4=
-4,0,EVkzAxq7vm047yFROGiYIKlQHdM=,+x+T/vj2obtqMhtJPRwJEW/y4B4=
-5,0,EVkzAxq7vm047yFROGiYIKlQHdM=,ZBg7D0bwcDT41lbsBZRS75VBBcI=
-6,0,EVkzAxq7vm047yFROGiYIKlQHdM=,ZBg7D0bwcDT41lbsBZRS75VBBcI=
-7,0,EVkzAxq7vm047yFROGiYIKlQHdM=,pcLXwsnVjxypO9eBTjagnsVKydo=
-9,0,EVkzAxq7vm047yFROGiYIKlQHdM=,F32R0B5D5smecJ1uAI45NLIILfg=
-8,0,EVkzAxq7vm047yFROGiYIKlQHdM=,pcLXwsnVjxypO9eBTjagnsVKydo=
-10,0,EVkzAxq7vm047yFROGiYIKlQHdM=,F32R0B5D5smecJ1uAI45NLIILfg=
-11,0,EVkzAxq7vm047yFROGiYIKlQHdM=,yvWG9KEER31kB+YBNJZqN57mT+Y=
-15,0,EVkzAxq7vm047yFROGiYIKlQHdM=,RUdzRoTnYvapdOACZuZOphinRiQ=
-12,0,EVkzAxq7vm047yFROGiYIKlQHdM=,yvWG9KEER31kB+YBNJZqN57mT+Y=
-13,0,EVkzAxq7vm047yFROGiYIKlQHdM=,Zi2XDSCu8raYRuAD+0FX8x6Ux9Q=
-14,0,EVkzAxq7vm047yFROGiYIKlQHdM=,Zi2XDSCu8raYRuAD+0FX8x6Ux9Q=
-16,15,EVkzAxq7vm047yFROGiYIKlQHdM=,QlPUpH6fR/7Od2JmSxt75xrVIiM=
-1,0,EVkzAxq7vm047yFROGiYIKlQHdM=,/FvemQoCIU/HkRHIcOGg8VbKD8g=
-16,6,EVkzAxq7vm047yFROGiYIKlQHdM=,JAXuGMzbkaMeHTBkdSdiJw4WH/g=
-16,5,EVkzAxq7vm047yFROGiYIKlQHdM=,40JZ5DB1JYilFR6Kfgf6ZU6gm0A=
-16,0,EVkzAxq7vm047yFROGiYIKlQHdM=,RUdzRoTnYvapdOACZuZOphinRiQ=
-16,3,EVkzAxq7vm047yFROGiYIKlQHdM=,shll3r12k3bzZD0oTrYMSRjcPNE=
-16,2,EVkzAxq7vm047yFROGiYIKlQHdM=,shll3r12k3bzZD0oTrYMSRjcPNE=
-16,4,EVkzAxq7vm047yFROGiYIKlQHdM=,40JZ5DB1JYilFR6Kfgf6ZU6gm0A=
-5,13,EVkzAxq7vm047yFROGiYIKlQHdM=,niELlEsv93Ph9uZO5HZgjOQoS0U=
-16,1,EVkzAxq7vm047yFROGiYIKlQHdM=,RUdzRoTnYvapdOACZuZOphinRiQ=
-5,14,EVkzAxq7vm047yFROGiYIKlQHdM=,nFz9HhPNJoUyyIWcjsDpViG4llw=
-4,13,EVkzAxq7vm047yFROGiYIKlQHdM=,0tWPfct31yvuCPPlmDFAd745h24=
-5,15,EVkzAxq7vm047yFROGiYIKlQHdM=,nFz9HhPNJoUyyIWcjsDpViG4llw=
-3,13,EVkzAxq7vm047yFROGiYIKlQHdM=,0tWPfct31yvuCPPlmDFAd745h24=
-2,13,EVkzAxq7vm047yFROGiYIKlQHdM=,6Ed1lvEnXFXq8MFAVjeVdQsEVnQ=
-1,13,EVkzAxq7vm047yFROGiYIKlQHdM=,6Ed1lvEnXFXq8MFAVjeVdQsEVnQ=
-4,15,EVkzAxq7vm047yFROGiYIKlQHdM=,ZUButyOAyIA+Kl+Cu7t4on0rvqU=
-2,15,EVkzAxq7vm047yFROGiYIKlQHdM=,d23UuxmSGeXKO/Kt+H6m8QCI5N0=
-1,15,EVkzAxq7vm047yFROGiYIKlQHdM=,d23UuxmSGeXKO/Kt+H6m8QCI5N0=
-2,14,EVkzAxq7vm047yFROGiYIKlQHdM=,d23UuxmSGeXKO/Kt+H6m8QCI5N0=
-1,14,EVkzAxq7vm047yFROGiYIKlQHdM=,d23UuxmSGeXKO/Kt+H6m8QCI5N0=
-4,14,EVkzAxq7vm047yFROGiYIKlQHdM=,ZUButyOAyIA+Kl+Cu7t4on0rvqU=
-3,15,EVkzAxq7vm047yFROGiYIKlQHdM=,ZUButyOAyIA+Kl+Cu7t4on0rvqU=
-3,14,EVkzAxq7vm047yFROGiYIKlQHdM=,ZUButyOAyIA+Kl+Cu7t4on0rvqU=
