2,1,EYyPjFMyqyggAFCxXAcyOwwTaZc=,+xQRrxRoW/nOBE3rVeoybu0IuDY=
1,2,EYyPjFMyqyggAFCxXAcyOwwTaZc=,FoxC3XQ1m0VZqoZ+dvIYWNLPQ/Y=
1,1,EYyPjFMyqyggAFCxXAcyOwwTaZc=,gMsRZa1cWfuRoztmeYUOtvni8b0=
2,2,EYyPjFMyqyggAFCxXAcyOwwTaZc=,Tog1HwIcfl0m+i8sNPdLvDUd0Ak=
2,4,EYyPjFMyqyggAFCxXAcyOwwTaZc=,FSLB0zTNKiEzb05xSfbup5TSgVo=
1,4,EYyPjFMyqyggAFCxXAcyOwwTaZc=,505FmM8ieibHe244tiVSbxDJuXI=
1,3,EYyPjFMyqyggAFCxXAcyOwwTaZc=,FoxC3XQ1m0VZqoZ+dvIYWNLPQ/Y=
2,3,EYyPjFMyqyggAFCxXAcyOwwTaZc=,Tog1HwIcfl0m+i8sNPdLvDUd0Ak=
2,5,EYyPjFMyqyggAFCxXAcyOwwTaZc=,FSLB0zTNKiEzb05xSfbup5TSgVo=
2,6,EYyPjFMyqyggAFCxXAcyOwwTaZc=,f9G6KMUPWL02DDquMW9Ogac4p+Q=
1,6,EYyPjFMyqyggAFCxXAcyOwwTaZc=,LrnTArJKi/716IDOY1vtPOYKRbA=
1,5,EYyPjFMyqyggAFCxXAcyOwwTaZc=,505FmM8ieibHe244tiVSbxDJuXI=
2,8,/3SicPR5ELWFcYWOcJgesxNWv98=,CiSfvcGYtHCkWlG8DjTdVQwIyKQ=
2,9,/3SicPR5ELWFcYWOcJgesxNWv98=,CiSfvcGYtHCkWlG8DjTdVQwIyKQ=
2,10,/3SicPR5ELWFcYWOcJgesxNWv98=,nZeGkbSXipCI5blElZOB0lJz9Kk=
1,10,/3SicPR5ELWFcYWOcJgesxNWv98=,Q3DAxZ7/z/BAW5JVPf7E9eHzSNU=
1,9,/3SicPR5ELWFcYWOcJgesxNWv98=,mMv6EN0MRp/vhG6ojz4mBwQ88IY=
2,7,/3SicPR5ELWFcYWOcJgesxNWv98=,f9G6KMUPWL02DDquMW9Ogac4p+Q=
1,8,/3SicPR5ELWFcYWOcJgesxNWv98=,mMv6EN0MRp/vhG6ojz4mBwQ88IY=
1,7,/3SicPR5ELWFcYWOcJgesxNWv98=,LrnTArJKi/716IDOY1vtPOYKRbA=
2,12,/3SicPR5ELWFcYWOcJgesxNWv98=,ZRZYk8UMUyNKGAYiLvKGNq+Rvgs=
2,11,/3SicPR5ELWFcYWOcJgesxNWv98=,nZeGkbSXipCI5blElZOB0lJz9Kk=
1,12,/3SicPR5ELWFcYWOcJgesxNWv98=,iiZxzPX/s1POFway4WPpXuPSGy8=
1,11,/3SicPR5ELWFcYWOcJgesxNWv98=,Q3DAxZ7/z/BAW5JVPf7E9eHzSNU=
2,13,/3SicPR5ELWFcYWOcJgesxNWv98=,ZRZYk8UMUyNKGAYiLvKGNq+Rvgs=
2,14,/3SicPR5ELWFcYWOcJgesxNWv98=,xvvdOg1d7Ceo2H9PIgvCb2bOc5A=
1,13,/3SicPR5ELWFcYWOcJgesxNWv98=,iiZxzPX/s1POFway4WPpXuPSGy8=
1,14,/3SicPR5ELWFcYWOcJgesxNWv98=,vN+zjLVSMPycr2+Xn4pxhn3YFmM=
4,14,/3SicPR5ELWFcYWOcJgesxNWv98=,SiOPXfsw34c08PQ7aIgWtP7IJRQ=
4,13,/3SicPR5ELWFcYWOcJgesxNWv98=,eIKIetUDyfeZJ3g8jD2TZn8DtxM=
4,11,/3SicPR5ELWFcYWOcJgesxNWv98=,ccizplClQeV52OHCp+7QotZmB7E=
3,13,/3SicPR5ELWFcYWOcJgesxNWv98=,ZRZYk8UMUyNKGAYiLvKGNq+Rvgs=
3,11,/3SicPR5ELWFcYWOcJgesxNWv98=,nZeGkbSXipCI5blElZOB0lJz9Kk=
3,14,/3SicPR5ELWFcYWOcJgesxNWv98=,xvvdOg1d7Ceo2H9PIgvCb2bOc5A=
4,12,/3SicPR5ELWFcYWOcJgesxNWv98=,eIKIetUDyfeZJ3g8jD2TZn8DtxM=
3,12,/3SicPR5ELWFcYWOcJgesxNWv98=,ZRZYk8UMUyNKGAYiLvKGNq+Rvgs=
4,10,/3SicPR5ELWFcYWOcJgesxNWv98=,ccizplClQeV52OHCp+7QotZmB7E=
4,9,/3SicPR5ELWFcYWOcJgesxNWv98=,jDxOSxu+QfyRsjFcupCsryihI0g=
3,10,/3SicPR5ELWFcYWOcJgesxNWv98=,nZeGkbSXipCI5blElZOB0lJz9Kk=
3,9,/3SicPR5ELWFcYWOcJgesxNWv98=,CiSfvcGYtHCkWlG8DjTdVQwIyKQ=
4,8,/3SicPR5ELWFcYWOcJgesxNWv98=,jDxOSxu+QfyRsjFcupCsryihI0g=
4,7,/3SicPR5ELWFcYWOcJgesxNWv98=,lXvNf42xSauvEF4pLPdgcBZnbsE=
3,7,/3SicPR5ELWFcYWOcJgesxNWv98=,f9G6KMUPWL02DDquMW9Ogac4p+Q=
3,8,/3SicPR5ELWFcYWOcJgesxNWv98=,CiSfvcGYtHCkWlG8DjTdVQwIyKQ=
4,3,/3SicPR5ELWFcYWOcJgesxNWv98=,lPFdynsIQtqqd4fHX64pxyZvI3I=
4,6,/3SicPR5ELWFcYWOcJgesxNWv98=,lXvNf42xSauvEF4pLPdgcBZnbsE=
4,5,/3SicPR5ELWFcYWOcJgesxNWv98=,got82rvZbcXw4EZBym7aV90zFSA=
4,4,/3SicPR5ELWFcYWOcJgesxNWv98=,got82rvZbcXw4EZBym7aV90zFSA=
3,5,/3SicPR5ELWFcYWOcJgesxNWv98=,FSLB0zTNKiEzb05xSfbup5TSgVo=
3,3,/3SicPR5ELWFcYWOcJgesxNWv98=,Tog1HwIcfl0m+i8sNPdLvDUd0Ak=
4,2,/3SicPR5ELWFcYWOcJgesxNWv98=,lPFdynsIQtqqd4fHX64pxyZvI3I=
3,4,/3SicPR5ELWFcYWOcJgesxNWv98=,FSLB0zTNKiEzb05xSfbup5TSgVo=
3,6,/3SicPR5ELWFcYWOcJgesxNWv98=,f9G6KMUPWL02DDquMW9Ogac4p+Q=
3,2,/3SicPR5ELWFcYWOcJgesxNWv98=,Tog1HwIcfl0m+i8sNPdLvDUd0Ak=
4,1,/3SicPR5ELWFcYWOcJgesxNWv98=,efXEBrXuSrkvKqdSQc+Ts+B4Ae4=
3,1,/3SicPR5ELWFcYWOcJgesxNWv98=,+xQRrxRoW/nOBE3rVeoybu0IuDY=
6,3,/3SicPR5ELWFcYWOcJgesxNWv98=,GwB/enAPxYx85NjUnk1DG4L17Po=
5,4,/3SicPR5ELWFcYWOcJgesxNWv98=,got82rvZbcXw4EZBym7aV90zFSA=
6,4,/3SicPR5ELWFcYWOcJgesxNWv98=,WM/vYk5AtXz0YsZZWKlWz4mpdA4=
5,3,/3SicPR5ELWFcYWOcJgesxNWv98=,lPFdynsIQtqqd4fHX64pxyZvI3I=
6,1,/3SicPR5ELWFcYWOcJgesxNWv98=,wyju2LvbEWQyUv1XToA3XoEFr5o=
5,1,/3SicPR5ELWFcYWOcJgesxNWv98=,efXEBrXuSrkvKqdSQc+Ts+B4Ae4=
6,2,/3SicPR5ELWFcYWOcJgesxNWv98=,GwB/enAPxYx85NjUnk1DG4L17Po=
5,2,/3SicPR5ELWFcYWOcJgesxNWv98=,lPFdynsIQtqqd4fHX64pxyZvI3I=
6,8,/3SicPR5ELWFcYWOcJgesxNWv98=,1cxUDrMLd5ZSSXWx57l5Wmwc2zs=
6,5,/3SicPR5ELWFcYWOcJgesxNWv98=,WM/vYk5AtXz0YsZZWKlWz4mpdA4=
6,7,/3SicPR5ELWFcYWOcJgesxNWv98=,Nvcl4Xi8yYrVP1Z7fnkbtvbbpXY=
6,9,/3SicPR5ELWFcYWOcJgesxNWv98=,1cxUDrMLd5ZSSXWx57l5Wmwc2zs=
6,6,/3SicPR5ELWFcYWOcJgesxNWv98=,Nvcl4Xi8yYrVP1Z7fnkbtvbbpXY=
5,5,/3SicPR5ELWFcYWOcJgesxNWv98=,got82rvZbcXw4EZBym7aV90zFSA=
5,6,/3SicPR5ELWFcYWOcJgesxNWv98=,lXvNf42xSauvEF4pLPdgcBZnbsE=
5,8,/3SicPR5ELWFcYWOcJgesxNWv98=,jDxOSxu+QfyRsjFcupCsryihI0g=
5,10,/3SicPR5ELWFcYWOcJgesxNWv98=,ccizplClQeV52OHCp+7QotZmB7E=
6,10,/3SicPR5ELWFcYWOcJgesxNWv98=,C5zP61/A7cvU/GU4DK5ja5VWayE=
5,9,/3SicPR5ELWFcYWOcJgesxNWv98=,jDxOSxu+QfyRsjFcupCsryihI0g=
5,7,/3SicPR5ELWFcYWOcJgesxNWv98=,lXvNf42xSauvEF4pLPdgcBZnbsE=
6,11,/3SicPR5ELWFcYWOcJgesxNWv98=,C5zP61/A7cvU/GU4DK5ja5VWayE=
6,12,/3SicPR5ELWFcYWOcJgesxNWv98=,Tt5NAi9561Nvg5QymlbnYWZxuUs=
5,11,/3SicPR5ELWFcYWOcJgesxNWv98=,ccizplClQeV52OHCp+7QotZmB7E=
5,12,/3SicPR5ELWFcYWOcJgesxNWv98=,eIKIetUDyfeZJ3g8jD2TZn8DtxM=
6,13,/3SicPR5ELWFcYWOcJgesxNWv98=,Tt5NAi9561Nvg5QymlbnYWZxuUs=
6,14,/3SicPR5ELWFcYWOcJgesxNWv98=,Mma+0fS/jbJwmd3wxVIV7J0dvwE=
5,14,/3SicPR5ELWFcYWOcJgesxNWv98=,SiOPXfsw34c08PQ7aIgWtP7IJRQ=
5,13,/3SicPR5ELWFcYWOcJgesxNWv98=,eIKIetUDyfeZJ3g8jD2TZn8DtxM=
8,14,/3SicPR5ELWFcYWOcJgesxNWv98=,+OyVYgzOwv626g7HmTxtNU+Ak1s=
8,13,/3SicPR5ELWFcYWOcJgesxNWv98=,ZPWzrDhbYp5Vn1ZkRVymOZzRdn0=
7,13,/3SicPR5ELWFcYWOcJgesxNWv98=,Tt5NAi9561Nvg5QymlbnYWZxuUs=
7,14,/3SicPR5ELWFcYWOcJgesxNWv98=,Mma+0fS/jbJwmd3wxVIV7J0dvwE=
8,12,/3SicPR5ELWFcYWOcJgesxNWv98=,ZPWzrDhbYp5Vn1ZkRVymOZzRdn0=
8,11,/3SicPR5ELWFcYWOcJgesxNWv98=,TuFZCzFuiQpudxauxe9kEHpjwSo=
7,11,/3SicPR5ELWFcYWOcJgesxNWv98=,C5zP61/A7cvU/GU4DK5ja5VWayE=
7,12,/3SicPR5ELWFcYWOcJgesxNWv98=,Tt5NAi9561Nvg5QymlbnYWZxuUs=
8,10,/3SicPR5ELWFcYWOcJgesxNWv98=,TuFZCzFuiQpudxauxe9kEHpjwSo=
8,9,/3SicPR5ELWFcYWOcJgesxNWv98=,0FXTqBlb/toLlwR6BOE7Yxh3S+k=
7,9,/3SicPR5ELWFcYWOcJgesxNWv98=,1cxUDrMLd5ZSSXWx57l5Wmwc2zs=
7,10,/3SicPR5ELWFcYWOcJgesxNWv98=,C5zP61/A7cvU/GU4DK5ja5VWayE=
8,8,/3SicPR5ELWFcYWOcJgesxNWv98=,0FXTqBlb/toLlwR6BOE7Yxh3S+k=
8,7,/3SicPR5ELWFcYWOcJgesxNWv98=,ZqlNoOSYHBaj9CQnrCJdE2LH6Ew=
7,8,/3SicPR5ELWFcYWOcJgesxNWv98=,1cxUDrMLd5ZSSXWx57l5Wmwc2zs=
7,7,/3SicPR5ELWFcYWOcJgesxNWv98=,Nvcl4Xi8yYrVP1Z7fnkbtvbbpXY=
8,6,/3SicPR5ELWFcYWOcJgesxNWv98=,ZqlNoOSYHBaj9CQnrCJdE2LH6Ew=
8,5,/3SicPR5ELWFcYWOcJgesxNWv98=,Ufm0mo7unPpBGPJcXAXLkWQo784=
7,5,/3SicPR5ELWFcYWOcJgesxNWv98=,WM/vYk5AtXz0YsZZWKlWz4mpdA4=
7,6,/3SicPR5ELWFcYWOcJgesxNWv98=,Nvcl4Xi8yYrVP1Z7fnkbtvbbpXY=
8,4,7o70vfiA4RRD/hqCBnchsVOy9ko=,Ufm0mo7unPpBGPJcXAXLkWQo784=
8,3,7o70vfiA4RRD/hqCBnchsVOy9ko=,5vsFo5Sy3TKY3eie5f1vf/9EWuc=
7,3,7o70vfiA4RRD/hqCBnchsVOy9ko=,GwB/enAPxYx85NjUnk1DG4L17Po=
7,4,7o70vfiA4RRD/hqCBnchsVOy9ko=,WM/vYk5AtXz0YsZZWKlWz4mpdA4=
8,2,7o70vfiA4RRD/hqCBnchsVOy9ko=,5vsFo5Sy3TKY3eie5f1vf/9EWuc=
7,2,7o70vfiA4RRD/hqCBnchsVOy9ko=,GwB/enAPxYx85NjUnk1DG4L17Po=
8,1,7o70vfiA4RRD/hqCBnchsVOy9ko=,QICCtjYF8ZGxHjIMaWt62haK06g=
7,1,7o70vfiA4RRD/hqCBnchsVOy9ko=,wyju2LvbEWQyUv1XToA3XoEFr5o=
10,6,7o70vfiA4RRD/hqCBnchsVOy9ko=,qBTreG+pj+fAFdGB25hlx3yriYE=
9,6,7o70vfiA4RRD/hqCBnchsVOy9ko=,ZqlNoOSYHBaj9CQnrCJdE2LH6Ew=
9,5,7o70vfiA4RRD/hqCBnchsVOy9ko=,Ufm0mo7unPpBGPJcXAXLkWQo784=
10,5,7o70vfiA4RRD/hqCBnchsVOy9ko=,OucggRtsDunKpGDiKFk9Buo/ut8=
10,4,7o70vfiA4RRD/hqCBnchsVOy9ko=,OucggRtsDunKpGDiKFk9Buo/ut8=
9,3,7o70vfiA4RRD/hqCBnchsVOy9ko=,5vsFo5Sy3TKY3eie5f1vf/9EWuc=
10,3,7o70vfiA4RRD/hqCBnchsVOy9ko=,/KOPE05Ox08vTSvLkC/qbQpfJ6Q=
9,4,7o70vfiA4RRD/hqCBnchsVOy9ko=,Ufm0mo7unPpBGPJcXAXLkWQo784=
10,7,7o70vfiA4RRD/hqCBnchsVOy9ko=,qBTreG+pj+fAFdGB25hlx3yriYE=
10,8,7o70vfiA4RRD/hqCBnchsVOy9ko=,POWllowqt8Q+1BB4J1GQMLx8abg=
9,8,7o70vfiA4RRD/hqCBnchsVOy9ko=,0FXTqBlb/toLlwR6BOE7Yxh3S+k=
9,7,7o70vfiA4RRD/hqCBnchsVOy9ko=,ZqlNoOSYHBaj9CQnrCJdE2LH6Ew=
9,1,7o70vfiA4RRD/hqCBnchsVOy9ko=,QICCtjYF8ZGxHjIMaWt62haK06g=
10,2,7o70vfiA4RRD/hqCBnchsVOy9ko=,/KOPE05Ox08vTSvLkC/qbQpfJ6Q=
9,2,7o70vfiA4RRD/hqCBnchsVOy9ko=,5vsFo5Sy3TKY3eie5f1vf/9EWuc=
10,1,7o70vfiA4RRD/hqCBnchsVOy9ko=,5nKgYJxoqPjmTCE4IbWCqPy2f3M=
10,9,7o70vfiA4RRD/hqCBnchsVOy9ko=,POWllowqt8Q+1BB4J1GQMLx8abg=
9,9,7o70vfiA4RRD/hqCBnchsVOy9ko=,0FXTqBlb/toLlwR6BOE7Yxh3S+k=
10,10,7o70vfiA4RRD/hqCBnchsVOy9ko=,c0iiv9PrBBUHy7cuY6budHLYid8=
9,10,7o70vfiA4RRD/hqCBnchsVOy9ko=,TuFZCzFuiQpudxauxe9kEHpjwSo=
10,12,7o70vfiA4RRD/hqCBnchsVOy9ko=,eQD6DiJIABBlWjc02Gw9CmGUGP0=
9,11,7o70vfiA4RRD/hqCBnchsVOy9ko=,TuFZCzFuiQpudxauxe9kEHpjwSo=
9,12,7o70vfiA4RRD/hqCBnchsVOy9ko=,ZPWzrDhbYp5Vn1ZkRVymOZzRdn0=
10,11,7o70vfiA4RRD/hqCBnchsVOy9ko=,c0iiv9PrBBUHy7cuY6budHLYid8=
10,13,7o70vfiA4RRD/hqCBnchsVOy9ko=,eQD6DiJIABBlWjc02Gw9CmGUGP0=
10,14,7o70vfiA4RRD/hqCBnchsVOy9ko=,ykcWVWyVvPMCGeEU0BZtH5Rs2YY=
9,14,7o70vfiA4RRD/hqCBnchsVOy9ko=,+OyVYgzOwv626g7HmTxtNU+Ak1s=
12,11,7o70vfiA4RRD/hqCBnchsVOy9ko=,IO5zxzwl+Ml5iaU0DSJm8nE1nxw=
9,13,7o70vfiA4RRD/hqCBnchsVOy9ko=,ZPWzrDhbYp5Vn1ZkRVymOZzRdn0=
12,12,7o70vfiA4RRD/hqCBnchsVOy9ko=,URdMDTsKkCaffqHRJ5wKeh+lT8Q=
11,12,7o70vfiA4RRD/hqCBnchsVOy9ko=,eQD6DiJIABBlWjc02Gw9CmGUGP0=
11,11,7o70vfiA4RRD/hqCBnchsVOy9ko=,c0iiv9PrBBUHy7cuY6budHLYid8=
12,14,7o70vfiA4RRD/hqCBnchsVOy9ko=,pHYuLXCm3/Khs7CJHTvLtP1vpgI=
12,13,7o70vfiA4RRD/hqCBnchsVOy9ko=,URdMDTsKkCaffqHRJ5wKeh+lT8Q=
11,13,7o70vfiA4RRD/hqCBnchsVOy9ko=,eQD6DiJIABBlWjc02Gw9CmGUGP0=
11,14,7o70vfiA4RRD/hqCBnchsVOy9ko=,ykcWVWyVvPMCGeEU0BZtH5Rs2YY=
12,10,7o70vfiA4RRD/hqCBnchsVOy9ko=,IO5zxzwl+Ml5iaU0DSJm8nE1nxw=
12,9,7o70vfiA4RRD/hqCBnchsVOy9ko=,jkWzN7BsFAJnHUI6pxRDS396EO8=
11,9,7o70vfiA4RRD/hqCBnchsVOy9ko=,POWllowqt8Q+1BB4J1GQMLx8abg=
11,10,7o70vfiA4RRD/hqCBnchsVOy9ko=,c0iiv9PrBBUHy7cuY6budHLYid8=
12,7,7o70vfiA4RRD/hqCBnchsVOy9ko=,f5K+JRdWj2EJBaofIZVcSENF4Io=
12,8,7o70vfiA4RRD/hqCBnchsVOy9ko=,jkWzN7BsFAJnHUI6pxRDS396EO8=
11,7,7o70vfiA4RRD/hqCBnchsVOy9ko=,qBTreG+pj+fAFdGB25hlx3yriYE=
11,8,7o70vfiA4RRD/hqCBnchsVOy9ko=,POWllowqt8Q+1BB4J1GQMLx8abg=
12,6,7o70vfiA4RRD/hqCBnchsVOy9ko=,f5K+JRdWj2EJBaofIZVcSENF4Io=
12,5,7o70vfiA4RRD/hqCBnchsVOy9ko=,e4UWbGfdDiyy/1X4Ydou22eNccw=
11,5,7o70vfiA4RRD/hqCBnchsVOy9ko=,OucggRtsDunKpGDiKFk9Buo/ut8=
11,6,7o70vfiA4RRD/hqCBnchsVOy9ko=,qBTreG+pj+fAFdGB25hlx3yriYE=
12,3,7o70vfiA4RRD/hqCBnchsVOy9ko=,4ESEPDprVmOSSQEMr/yXMiSJRTA=
12,4,7o70vfiA4RRD/hqCBnchsVOy9ko=,e4UWbGfdDiyy/1X4Ydou22eNccw=
11,4,7o70vfiA4RRD/hqCBnchsVOy9ko=,OucggRtsDunKpGDiKFk9Buo/ut8=
11,3,7o70vfiA4RRD/hqCBnchsVOy9ko=,/KOPE05Ox08vTSvLkC/qbQpfJ6Q=
12,2,7o70vfiA4RRD/hqCBnchsVOy9ko=,4ESEPDprVmOSSQEMr/yXMiSJRTA=
12,1,7o70vfiA4RRD/hqCBnchsVOy9ko=,4C/3jJzYX11DhdIM1UYToBotfgM=
11,1,7o70vfiA4RRD/hqCBnchsVOy9ko=,5nKgYJxoqPjmTCE4IbWCqPy2f3M=
11,2,7o70vfiA4RRD/hqCBnchsVOy9ko=,/KOPE05Ox08vTSvLkC/qbQpfJ6Q=
14,5,7o70vfiA4RRD/hqCBnchsVOy9ko=,+hSc1N46JKRFR7pFc1bbGKFcNM0=
12,0,7o70vfiA4RRD/hqCBnchsVOy9ko=,4C/3jJzYX11DhdIM1UYToBotfgM=
11,0,7o70vfiA4RRD/hqCBnchsVOy9ko=,5nKgYJxoqPjmTCE4IbWCqPy2f3M=
13,6,7o70vfiA4RRD/hqCBnchsVOy9ko=,f5K+JRdWj2EJBaofIZVcSENF4Io=
13,5,7o70vfiA4RRD/hqCBnchsVOy9ko=,e4UWbGfdDiyy/1X4Ydou22eNccw=
10,0,7o70vfiA4RRD/hqCBnchsVOy9ko=,5nKgYJxoqPjmTCE4IbWCqPy2f3M=
14,6,7o70vfiA4RRD/hqCBnchsVOy9ko=,9JQPWnwtK/6WV4FQ/+NbCBepVl8=
9,0,7o70vfiA4RRD/hqCBnchsVOy9ko=,QICCtjYF8ZGxHjIMaWt62haK06g=
8,0,7o70vfiA4RRD/hqCBnchsVOy9ko=,QICCtjYF8ZGxHjIMaWt62haK06g=
6,0,7o70vfiA4RRD/hqCBnchsVOy9ko=,wyju2LvbEWQyUv1XToA3XoEFr5o=
1,0,7o70vfiA4RRD/hqCBnchsVOy9ko=,gMsRZa1cWfuRoztmeYUOtvni8b0=
15,3,7o70vfiA4RRD/hqCBnchsVOy9ko=,E3uYXLQ2gzf0oDZnZ2MW4+FsUSQ=
14,3,7o70vfiA4RRD/hqCBnchsVOy9ko=,E3uYXLQ2gzf0oDZnZ2MW4+FsUSQ=
7,0,7o70vfiA4RRD/hqCBnchsVOy9ko=,wyju2LvbEWQyUv1XToA3XoEFr5o=
0,0,7o70vfiA4RRD/hqCBnchsVOy9ko=,gMsRZa1cWfuRoztmeYUOtvni8b0=
15,4,7o70vfiA4RRD/hqCBnchsVOy9ko=,+hSc1N46JKRFR7pFc1bbGKFcNM0=
0,2,7o70vfiA4RRD/hqCBnchsVOy9ko=,FoxC3XQ1m0VZqoZ+dvIYWNLPQ/Y=
0,4,7o70vfiA4RRD/hqCBnchsVOy9ko=,505FmM8ieibHe244tiVSbxDJuXI=
5,0,7o70vfiA4RRD/hqCBnchsVOy9ko=,efXEBrXuSrkvKqdSQc+Ts+B4Ae4=
14,4,7o70vfiA4RRD/hqCBnchsVOy9ko=,+hSc1N46JKRFR7pFc1bbGKFcNM0=
0,1,7o70vfiA4RRD/hqCBnchsVOy9ko=,gMsRZa1cWfuRoztmeYUOtvni8b0=
0,3,7o70vfiA4RRD/hqCBnchsVOy9ko=,FoxC3XQ1m0VZqoZ+dvIYWNLPQ/Y=
2,0,7o70vfiA4RRD/hqCBnchsVOy9ko=,+xQRrxRoW/nOBE3rVeoybu0IuDY=
13,4,7o70vfiA4RRD/hqCBnchsVOy9ko=,e4UWbGfdDiyy/1X4Ydou22eNccw=
13,3,7o70vfiA4RRD/hqCBnchsVOy9ko=,4ESEPDprVmOSSQEMr/yXMiSJRTA=
4,0,7o70vfiA4RRD/hqCBnchsVOy9ko=,efXEBrXuSrkvKqdSQc+Ts+B4Ae4=
3,0,7o70vfiA4RRD/hqCBnchsVOy9ko=,+xQRrxRoW/nOBE3rVeoybu0IuDY=
0,10,7o70vfiA4RRD/hqCBnchsVOy9ko=,Q3DAxZ7/z/BAW5JVPf7E9eHzSNU=
0,8,7o70vfiA4RRD/hqCBnchsVOy9ko=,mMv6EN0MRp/vhG6ojz4mBwQ88IY=
0,7,7o70vfiA4RRD/hqCBnchsVOy9ko=,LrnTArJKi/716IDOY1vtPOYKRbA=
0,5,7o70vfiA4RRD/hqCBnchsVOy9ko=,505FmM8ieibHe244tiVSbxDJuXI=
0,6,7o70vfiA4RRD/hqCBnchsVOy9ko=,LrnTArJKi/716IDOY1vtPOYKRbA=
0,9,7o70vfiA4RRD/hqCBnchsVOy9ko=,mMv6EN0MRp/vhG6ojz4mBwQ88IY=
0,12,7o70vfiA4RRD/hqCBnchsVOy9ko=,iiZxzPX/s1POFway4WPpXuPSGy8=
0,13,7o70vfiA4RRD/hqCBnchsVOy9ko=,iiZxzPX/s1POFway4WPpXuPSGy8=
0,11,7o70vfiA4RRD/hqCBnchsVOy9ko=,Q3DAxZ7/z/BAW5JVPf7E9eHzSNU=
0,14,7o70vfiA4RRD/hqCBnchsVOy9ko=,vN+zjLVSMPycr2+Xn4pxhn3YFmM=
15,0,7o70vfiA4RRD/hqCBnchsVOy9ko=,1wgHLnnYCmQXr/gmqceelIsI8ok=
14,0,7o70vfiA4RRD/hqCBnchsVOy9ko=,1wgHLnnYCmQXr/gmqceelIsI8ok=
0,15,7o70vfiA4RRD/hqCBnchsVOy9ko=,vN+zjLVSMPycr2+Xn4pxhn3YFmM=
4,15,7o70vfiA4RRD/hqCBnchsVOy9ko=,SiOPXfsw34c08PQ7aIgWtP7IJRQ=
15,1,7o70vfiA4RRD/hqCBnchsVOy9ko=,1wgHLnnYCmQXr/gmqceelIsI8ok=
2,15,7o70vfiA4RRD/hqCBnchsVOy9ko=,xvvdOg1d7Ceo2H9PIgvCb2bOc5A=
13,2,7o70vfiA4RRD/hqCBnchsVOy9ko=,4ESEPDprVmOSSQEMr/yXMiSJRTA=
13,0,7o70vfiA4RRD/hqCBnchsVOy9ko=,4C/3jJzYX11DhdIM1UYToBotfgM=
15,2,7o70vfiA4RRD/hqCBnchsVOy9ko=,E3uYXLQ2gzf0oDZnZ2MW4+FsUSQ=
14,2,7o70vfiA4RRD/hqCBnchsVOy9ko=,E3uYXLQ2gzf0oDZnZ2MW4+FsUSQ=
13,1,7o70vfiA4RRD/hqCBnchsVOy9ko=,4C/3jJzYX11DhdIM1UYToBotfgM=
1,15,7o70vfiA4RRD/hqCBnchsVOy9ko=,vN+zjLVSMPycr2+Xn4pxhn3YFmM=
3,15,7o70vfiA4RRD/hqCBnchsVOy9ko=,xvvdOg1d7Ceo2H9PIgvCb2bOc5A=
14,1,7o70vfiA4RRD/hqCBnchsVOy9ko=,1wgHLnnYCmQXr/gmqceelIsI8ok=
8,15,7o70vfiA4RRD/hqCBnchsVOy9ko=,+OyVYgzOwv626g7HmTxtNU+Ak1s=
7,15,7o70vfiA4RRD/hqCBnchsVOy9ko=,Mma+0fS/jbJwmd3wxVIV7J0dvwE=
6,15,7o70vfiA4RRD/hqCBnchsVOy9ko=,Mma+0fS/jbJwmd3wxVIV7J0dvwE=
5,15,7o70vfiA4RRD/hqCBnchsVOy9ko=,SiOPXfsw34c08PQ7aIgWtP7IJRQ=
12,15,7o70vfiA4RRD/hqCBnchsVOy9ko=,pHYuLXCm3/Khs7CJHTvLtP1vpgI=
11,15,7o70vfiA4RRD/hqCBnchsVOy9ko=,ykcWVWyVvPMCGeEU0BZtH5Rs2YY=
10,15,7o70vfiA4RRD/hqCBnchsVOy9ko=,ykcWVWyVvPMCGeEU0BZtH5Rs2YY=
9,15,7o70vfiA4RRD/hqCBnchsVOy9ko=,+OyVYgzOwv626g7HmTxtNU+Ak1s=
14,7,7o70vfiA4RRD/hqCBnchsVOy9ko=,9JQPWnwtK/6WV4FQ/+NbCBepVl8=
15,9,7o70vfiA4RRD/hqCBnchsVOy9ko=,VOLzajfB6uNY5S+ZXAcfDtAv+aw=
15,10,7o70vfiA4RRD/hqCBnchsVOy9ko=,h6/2KMVBkrKYo0bdkv+00dgYH58=
13,8,7o70vfiA4RRD/hqCBnchsVOy9ko=,jkWzN7BsFAJnHUI6pxRDS396EO8=
13,9,7o70vfiA4RRD/hqCBnchsVOy9ko=,jkWzN7BsFAJnHUI6pxRDS396EO8=
13,10,7o70vfiA4RRD/hqCBnchsVOy9ko=,IO5zxzwl+Ml5iaU0DSJm8nE1nxw=
13,7,7o70vfiA4RRD/hqCBnchsVOy9ko=,f5K+JRdWj2EJBaofIZVcSENF4Io=
13,15,7o70vfiA4RRD/hqCBnchsVOy9ko=,pHYuLXCm3/Khs7CJHTvLtP1vpgI=
14,10,7o70vfiA4RRD/hqCBnchsVOy9ko=,h6/2KMVBkrKYo0bdkv+00dgYH58=
15,6,7o70vfiA4RRD/hqCBnchsVOy9ko=,9JQPWnwtK/6WV4FQ/+NbCBepVl8=
15,5,7o70vfiA4RRD/hqCBnchsVOy9ko=,+hSc1N46JKRFR7pFc1bbGKFcNM0=
15,8,7o70vfiA4RRD/hqCBnchsVOy9ko=,VOLzajfB6uNY5S+ZXAcfDtAv+aw=
15,7,7o70vfiA4RRD/hqCBnchsVOy9ko=,9JQPWnwtK/6WV4FQ/+NbCBepVl8=
14,8,7o70vfiA4RRD/hqCBnchsVOy9ko=,VOLzajfB6uNY5S+ZXAcfDtAv+aw=
14,9,7o70vfiA4RRD/hqCBnchsVOy9ko=,VOLzajfB6uNY5S+ZXAcfDtAv+aw=
13,11,7o70vfiA4RRD/hqCBnchsVOy9ko=,IO5zxzwl+Ml5iaU0DSJm8nE1nxw=
13,13,7o70vfiA4RRD/hqCBnchsVOy9ko=,URdMDTsKkCaffqHRJ5wKeh+lT8Q=
15,11,7o70vfiA4RRD/hqCBnchsVOy9ko=,h6/2KMVBkrKYo0bdkv+00dgYH58=
14,14,7o70vfiA4RRD/hqCBnchsVOy9ko=,yi+7jN9jKEguUviXuhqQ6C5ObAk=
15,15,7o70vfiA4RRD/hqCBnchsVOy9ko=,yi+7jN9jKEguUviXuhqQ6C5ObAk=
13,14,7o70vfiA4RRD/hqCBnchsVOy9ko=,pHYuLXCm3/Khs7CJHTvLtP1vpgI=
14,11,7o70vfiA4RRD/hqCBnchsVOy9ko=,h6/2KMVBkrKYo0bdkv+00dgYH58=
13,12,7o70vfiA4RRD/hqCBnchsVOy9ko=,URdMDTsKkCaffqHRJ5wKeh+lT8Q=
15,14,7o70vfiA4RRD/hqCBnchsVOy9ko=,yi+7jN9jKEguUviXuhqQ6C5ObAk=
14,15,7o70vfiA4RRD/hqCBnchsVOy9ko=,yi+7jN9jKEguUviXuhqQ6C5ObAk=
14,13,7o70vfiA4RRD/hqCBnchsVOy9ko=,gOE418y/AX9cD2wDM8mj9A8jvuA=
14,12,7o70vfiA4RRD/hqCBnchsVOy9ko=,gOE418y/AX9cD2wDM8mj9A8jvuA=
15,13,7o70vfiA4RRD/hqCBnchsVOy9ko=,gOE418y/AX9cD2wDM8mj9A8jvuA=
15,12,7o70vfiA4RRD/hqCBnchsVOy9ko=,gOE418y/AX9cD2wDM8mj9A8jvuA=
3,18,7o70vfiA4RRD/hqCBnchsVOy9ko=,4NKa1Z1KhkJ77lhkY2Gjmunc/5Q=
4,17,7o70vfiA4RRD/hqCBnchsVOy9ko=,6e9qIlH8MncOlLORzW+t7ormFU4=
3,17,7o70vfiA4RRD/hqCBnchsVOy9ko=,r9foeRIYLZxcYtHIrBDXtfw29BI=
4,18,7o70vfiA4RRD/hqCBnchsVOy9ko=,/s+H0hJHcoZrRvG7LRMxymzQTNs=
6,18,GBbOpoaGxCQNyVqQOuY0q2y1c7E=,I45CJiGUdB9BB55ZWMePSjEgIEc=
6,17,GBbOpoaGxCQNyVqQOuY0q2y1c7E=,Jiv5+6EQ/kYk8smX5zxbC4VZOo4=
5,18,GBbOpoaGxCQNyVqQOuY0q2y1c7E=,/s+H0hJHcoZrRvG7LRMxymzQTNs=
5,17,GBbOpoaGxCQNyVqQOuY0q2y1c7E=,6e9qIlH8MncOlLORzW+t7ormFU4=
6,20,GBbOpoaGxCQNyVqQOuY0q2y1c7E=,Vcvb6hmsKyBwxnrOaS8XyPioIb0=
6,19,GBbOpoaGxCQNyVqQOuY0q2y1c7E=,I45CJiGUdB9BB55ZWMePSjEgIEc=
5,20,GBbOpoaGxCQNyVqQOuY0q2y1c7E=,gE+RHwlLSTpyFaSx3Gn9elBq+iY=
5,19,GBbOpoaGxCQNyVqQOuY0q2y1c7E=,/s+H0hJHcoZrRvG7LRMxymzQTNs=
6,22,GBbOpoaGxCQNyVqQOuY0q2y1c7E=,xez7zcdIu9RW2v9S05Pmxzf+Vh4=
6,21,GBbOpoaGxCQNyVqQOuY0q2y1c7E=,Vcvb6hmsKyBwxnrOaS8XyPioIb0=
5,21,GBbOpoaGxCQNyVqQOuY0q2y1c7E=,gE+RHwlLSTpyFaSx3Gn9elBq+iY=
5,22,GBbOpoaGxCQNyVqQOuY0q2y1c7E=,RyKfAoaRjrZQnazIkhbJnXPAReQ=
6,23,GBbOpoaGxCQNyVqQOuY0q2y1c7E=,xez7zcdIu9RW2v9S05Pmxzf+Vh4=
5,24,GBbOpoaGxCQNyVqQOuY0q2y1c7E=,F5nOSAeOmn/gU1kuQ9kTzcCxzK4=
6,24,GBbOpoaGxCQNyVqQOuY0q2y1c7E=,EsjMyb2jMPSyaubuQNQwof/qCRs=
5,23,GBbOpoaGxCQNyVqQOuY0q2y1c7E=,RyKfAoaRjrZQnazIkhbJnXPAReQ=
4,24,GBbOpoaGxCQNyVqQOuY0q2y1c7E=,F5nOSAeOmn/gU1kuQ9kTzcCxzK4=
3,24,GBbOpoaGxCQNyVqQOuY0q2y1c7E=,9IZwEJgf+YibVz+cBO4pBdDjcIY=
3,23,GBbOpoaGxCQNyVqQOuY0q2y1c7E=,A4fZ7GWoMI+aCbVZGfA79Hz3ziI=
3,19,GBbOpoaGxCQNyVqQOuY0q2y1c7E=,4NKa1Z1KhkJ77lhkY2Gjmunc/5Q=
4,23,GBbOpoaGxCQNyVqQOuY0q2y1c7E=,RyKfAoaRjrZQnazIkhbJnXPAReQ=
4,21,GBbOpoaGxCQNyVqQOuY0q2y1c7E=,gE+RHwlLSTpyFaSx3Gn9elBq+iY=
4,22,GBbOpoaGxCQNyVqQOuY0q2y1c7E=,RyKfAoaRjrZQnazIkhbJnXPAReQ=
4,20,GBbOpoaGxCQNyVqQOuY0q2y1c7E=,gE+RHwlLSTpyFaSx3Gn9elBq+iY=
3,22,GBbOpoaGxCQNyVqQOuY0q2y1c7E=,A4fZ7GWoMI+aCbVZGfA79Hz3ziI=
3,21,GBbOpoaGxCQNyVqQOuY0q2y1c7E=,+wy8iVAXhJHSxjT37ffSzAH4Mlw=
3,20,GBbOpoaGxCQNyVqQOuY0q2y1c7E=,+wy8iVAXhJHSxjT37ffSzAH4Mlw=
4,19,GBbOpoaGxCQNyVqQOuY0q2y1c7E=,/s+H0hJHcoZrRvG7LRMxymzQTNs=
1,26,GBbOpoaGxCQNyVqQOuY0q2y1c7E=,6c18J9KPbI/rvUK1gb1jQqqwRjE=
1,25,GBbOpoaGxCQNyVqQOuY0q2y1c7E=,zG/ejawo3uSnHrMh2JPZnZY4DoM=
2,26,GBbOpoaGxCQNyVqQOuY0q2y1c7E=,3Z97Tra7j3NwwJhMjLXk06wCv20=
2,25,GBbOpoaGxCQNyVqQOuY0q2y1c7E=,9IZwEJgf+YibVz+cBO4pBdDjcIY=
2,24,GBbOpoaGxCQNyVqQOuY0q2y1c7E=,9IZwEJgf+YibVz+cBO4pBdDjcIY=
1,24,GBbOpoaGxCQNyVqQOuY0q2y1c7E=,zG/ejawo3uSnHrMh2JPZnZY4DoM=
1,23,GBbOpoaGxCQNyVqQOuY0q2y1c7E=,3SuM+4uP8+tQaQ1UT14pThSfGB4=
2,23,GBbOpoaGxCQNyVqQOuY0q2y1c7E=,A4fZ7GWoMI+aCbVZGfA79Hz3ziI=
1,22,GBbOpoaGxCQNyVqQOuY0q2y1c7E=,3SuM+4uP8+tQaQ1UT14pThSfGB4=
3,16,GBbOpoaGxCQNyVqQOuY0q2y1c7E=,r9foeRIYLZxcYtHIrBDXtfw29BI=
4,16,GBbOpoaGxCQNyVqQOuY0q2y1c7E=,6e9qIlH8MncOlLORzW+t7ormFU4=
2,20,GBbOpoaGxCQNyVqQOuY0q2y1c7E=,+wy8iVAXhJHSxjT37ffSzAH4Mlw=
1,20,GBbOpoaGxCQNyVqQOuY0q2y1c7E=,cpg35EOptpNrh0DszIJgsGbqP6E=
2,19,GBbOpoaGxCQNyVqQOuY0q2y1c7E=,4NKa1Z1KhkJ77lhkY2Gjmunc/5Q=
0,20,GBbOpoaGxCQNyVqQOuY0q2y1c7E=,cpg35EOptpNrh0DszIJgsGbqP6E=
0,19,GBbOpoaGxCQNyVqQOuY0q2y1c7E=,liBS7YuoAZJL6A8GkTj2cgqEzLA=
5,16,GBbOpoaGxCQNyVqQOuY0q2y1c7E=,6e9qIlH8MncOlLORzW+t7ormFU4=
1,19,GBbOpoaGxCQNyVqQOuY0q2y1c7E=,liBS7YuoAZJL6A8GkTj2cgqEzLA=
6,16,GBbOpoaGxCQNyVqQOuY0q2y1c7E=,Jiv5+6EQ/kYk8smX5zxbC4VZOo4=
2,21,GBbOpoaGxCQNyVqQOuY0q2y1c7E=,+wy8iVAXhJHSxjT37ffSzAH4Mlw=
2,22,GBbOpoaGxCQNyVqQOuY0q2y1c7E=,A4fZ7GWoMI+aCbVZGfA79Hz3ziI=
1,21,GBbOpoaGxCQNyVqQOuY0q2y1c7E=,cpg35EOptpNrh0DszIJgsGbqP6E=
0,16,GBbOpoaGxCQNyVqQOuY0q2y1c7E=,1AltzvtXZiO53xhm3bmr3lEYcK0=
1,16,GBbOpoaGxCQNyVqQOuY0q2y1c7E=,1AltzvtXZiO53xhm3bmr3lEYcK0=
0,17,GBbOpoaGxCQNyVqQOuY0q2y1c7E=,1AltzvtXZiO53xhm3bmr3lEYcK0=
1,17,GBbOpoaGxCQNyVqQOuY0q2y1c7E=,1AltzvtXZiO53xhm3bmr3lEYcK0=
2,17,GBbOpoaGxCQNyVqQOuY0q2y1c7E=,r9foeRIYLZxcYtHIrBDXtfw29BI=
0,18,GBbOpoaGxCQNyVqQOuY0q2y1c7E=,liBS7YuoAZJL6A8GkTj2cgqEzLA=
1,18,GBbOpoaGxCQNyVqQOuY0q2y1c7E=,liBS7YuoAZJL6A8GkTj2cgqEzLA=
2,16,GBbOpoaGxCQNyVqQOuY0q2y1c7E=,r9foeRIYLZxcYtHIrBDXtfw29BI=
2,18,GBbOpoaGxCQNyVqQOuY0q2y1c7E=,4NKa1Z1KhkJ77lhkY2Gjmunc/5Q=
7,18,GBbOpoaGxCQNyVqQOuY0q2y1c7E=,I45CJiGUdB9BB55ZWMePSjEgIEc=
7,17,GBbOpoaGxCQNyVqQOuY0q2y1c7E=,Jiv5+6EQ/kYk8smX5zxbC4VZOo4=
8,17,GBbOpoaGxCQNyVqQOuY0q2y1c7E=,6OAni8QfKgR/JxTdSdO7pyh1DYQ=
8,18,GBbOpoaGxCQNyVqQOuY0q2y1c7E=,mDVrttjJbpaHFuzkRyFcqHDR2XE=
9,18,GBbOpoaGxCQNyVqQOuY0q2y1c7E=,mDVrttjJbpaHFuzkRyFcqHDR2XE=
10,18,GBbOpoaGxCQNyVqQOuY0q2y1c7E=,kbbA5CnB2Ier0hdMcgnPjgyfajU=
9,17,GBbOpoaGxCQNyVqQOuY0q2y1c7E=,6OAni8QfKgR/JxTdSdO7pyh1DYQ=
10,17,GBbOpoaGxCQNyVqQOuY0q2y1c7E=,WkEyWHoCGWOq+C266I0oX7Khsxc=
11,18,GBbOpoaGxCQNyVqQOuY0q2y1c7E=,kbbA5CnB2Ier0hdMcgnPjgyfajU=
11,17,GBbOpoaGxCQNyVqQOuY0q2y1c7E=,WkEyWHoCGWOq+C266I0oX7Khsxc=
12,17,GBbOpoaGxCQNyVqQOuY0q2y1c7E=,NR4/vkKMvTznUik1YZwcrUZ3BRg=
12,18,GBbOpoaGxCQNyVqQOuY0q2y1c7E=,ofXpYrjFHI30PensDkjmOLKnN2I=
13,18,GBbOpoaGxCQNyVqQOuY0q2y1c7E=,ofXpYrjFHI30PensDkjmOLKnN2I=
14,18,GBbOpoaGxCQNyVqQOuY0q2y1c7E=,Bx+vjozFchffx+DGFCh0DpdJKyI=
13,17,GBbOpoaGxCQNyVqQOuY0q2y1c7E=,NR4/vkKMvTznUik1YZwcrUZ3BRg=
13,20,GBbOpoaGxCQNyVqQOuY0q2y1c7E=,/6ATEvXtpaaZ4WeiSmSeINhTxQI=
14,19,GBbOpoaGxCQNyVqQOuY0q2y1c7E=,Bx+vjozFchffx+DGFCh0DpdJKyI=
14,17,GBbOpoaGxCQNyVqQOuY0q2y1c7E=,a1UiPqaSBS4VXoDV72g2bS0TzI8=
13,19,GBbOpoaGxCQNyVqQOuY0q2y1c7E=,ofXpYrjFHI30PensDkjmOLKnN2I=
14,20,GBbOpoaGxCQNyVqQOuY0q2y1c7E=,0SYnIv8Y5hl8ZytmGRNAc9pXkEI=
13,24,GBbOpoaGxCQNyVqQOuY0q2y1c7E=,HXlFpirYIArfbved58SAn0610DE=
14,24,GBbOpoaGxCQNyVqQOuY0q2y1c7E=,V8WxJJXb8ysVd04GA1DHHyzU7kw=
14,21,GBbOpoaGxCQNyVqQOuY0q2y1c7E=,0SYnIv8Y5hl8ZytmGRNAc9pXkEI=
13,23,GBbOpoaGxCQNyVqQOuY0q2y1c7E=,1c1vnYQ0jcz18/Ixqju9r/vzeQM=
13,21,GBbOpoaGxCQNyVqQOuY0q2y1c7E=,/6ATEvXtpaaZ4WeiSmSeINhTxQI=
14,22,GBbOpoaGxCQNyVqQOuY0q2y1c7E=,/+QHqAcPIDPbST6Eropan+Ls2Bc=
14,23,GBbOpoaGxCQNyVqQOuY0q2y1c7E=,/+QHqAcPIDPbST6Eropan+Ls2Bc=
13,22,GBbOpoaGxCQNyVqQOuY0q2y1c7E=,1c1vnYQ0jcz18/Ixqju9r/vzeQM=
13,26,GBbOpoaGxCQNyVqQOuY0q2y1c7E=,VtLGn7/DV91JMe2NuU8HuwCwVW8=
14,25,GBbOpoaGxCQNyVqQOuY0q2y1c7E=,V8WxJJXb8ysVd04GA1DHHyzU7kw=
13,25,GBbOpoaGxCQNyVqQOuY0q2y1c7E=,HXlFpirYIArfbved58SAn0610DE=
14,26,GBbOpoaGxCQNyVqQOuY0q2y1c7E=,At7DCaIYpfdGOD9H+9Hpfqa6k9w=
11,26,GBbOpoaGxCQNyVqQOuY0q2y1c7E=,frCbwyvdoOmc6yjrepjq2iim+Bs=
12,26,GBbOpoaGxCQNyVqQOuY0q2y1c7E=,VtLGn7/DV91JMe2NuU8HuwCwVW8=
11,25,GBbOpoaGxCQNyVqQOuY0q2y1c7E=,1UKvKdPs7G+wjWRhAg/j2o6EHM0=
12,25,GBbOpoaGxCQNyVqQOuY0q2y1c7E=,HXlFpirYIArfbved58SAn0610DE=
11,24,GBbOpoaGxCQNyVqQOuY0q2y1c7E=,1UKvKdPs7G+wjWRhAg/j2o6EHM0=
12,24,GBbOpoaGxCQNyVqQOuY0q2y1c7E=,HXlFpirYIArfbved58SAn0610DE=
11,23,GBbOpoaGxCQNyVqQOuY0q2y1c7E=,EFNufM6DUpUOylIA4qa+Ovj0/7c=
12,23,GBbOpoaGxCQNyVqQOuY0q2y1c7E=,1c1vnYQ0jcz18/Ixqju9r/vzeQM=
11,20,GBbOpoaGxCQNyVqQOuY0q2y1c7E=,GBbIQyEBajFeKG+jRyhUDMvZXts=
12,21,GBbOpoaGxCQNyVqQOuY0q2y1c7E=,/6ATEvXtpaaZ4WeiSmSeINhTxQI=
7,23,GBbOpoaGxCQNyVqQOuY0q2y1c7E=,xez7zcdIu9RW2v9S05Pmxzf+Vh4=
8,24,GBbOpoaGxCQNyVqQOuY0q2y1c7E=,+jflvBghn83HaqvWVaIR0wYMTW8=
9,24,GBbOpoaGxCQNyVqQOuY0q2y1c7E=,+jflvBghn83HaqvWVaIR0wYMTW8=
7,24,GBbOpoaGxCQNyVqQOuY0q2y1c7E=,EsjMyb2jMPSyaubuQNQwof/qCRs=
10,24,GBbOpoaGxCQNyVqQOuY0q2y1c7E=,1UKvKdPs7G+wjWRhAg/j2o6EHM0=
11,19,GBbOpoaGxCQNyVqQOuY0q2y1c7E=,kbbA5CnB2Ier0hdMcgnPjgyfajU=
12,19,GBbOpoaGxCQNyVqQOuY0q2y1c7E=,ofXpYrjFHI30PensDkjmOLKnN2I=
11,22,GBbOpoaGxCQNyVqQOuY0q2y1c7E=,EFNufM6DUpUOylIA4qa+Ovj0/7c=
8,23,GBbOpoaGxCQNyVqQOuY0q2y1c7E=,abrz0kCIvMr08TQn0JLX66N9t9A=
9,23,GBbOpoaGxCQNyVqQOuY0q2y1c7E=,abrz0kCIvMr08TQn0JLX66N9t9A=
10,23,GBbOpoaGxCQNyVqQOuY0q2y1c7E=,EFNufM6DUpUOylIA4qa+Ovj0/7c=
12,22,GBbOpoaGxCQNyVqQOuY0q2y1c7E=,1c1vnYQ0jcz18/Ixqju9r/vzeQM=
11,21,GBbOpoaGxCQNyVqQOuY0q2y1c7E=,GBbIQyEBajFeKG+jRyhUDMvZXts=
12,20,GBbOpoaGxCQNyVqQOuY0q2y1c7E=,/6ATEvXtpaaZ4WeiSmSeINhTxQI=
7,22,GBbOpoaGxCQNyVqQOuY0q2y1c7E=,xez7zcdIu9RW2v9S05Pmxzf+Vh4=
9,21,GBbOpoaGxCQNyVqQOuY0q2y1c7E=,yAh5MAJJpIqCIucqF8DWhGvQBQY=
8,21,GBbOpoaGxCQNyVqQOuY0q2y1c7E=,yAh5MAJJpIqCIucqF8DWhGvQBQY=
10,19,GBbOpoaGxCQNyVqQOuY0q2y1c7E=,kbbA5CnB2Ier0hdMcgnPjgyfajU=
9,22,GBbOpoaGxCQNyVqQOuY0q2y1c7E=,abrz0kCIvMr08TQn0JLX66N9t9A=
9,19,GBbOpoaGxCQNyVqQOuY0q2y1c7E=,mDVrttjJbpaHFuzkRyFcqHDR2XE=
10,21,GBbOpoaGxCQNyVqQOuY0q2y1c7E=,GBbIQyEBajFeKG+jRyhUDMvZXts=
9,26,GBbOpoaGxCQNyVqQOuY0q2y1c7E=,A0cL2mVLSxZItgOZdPMKBeJ7VLU=
9,25,GBbOpoaGxCQNyVqQOuY0q2y1c7E=,+jflvBghn83HaqvWVaIR0wYMTW8=
10,26,GBbOpoaGxCQNyVqQOuY0q2y1c7E=,frCbwyvdoOmc6yjrepjq2iim+Bs=
10,25,GBbOpoaGxCQNyVqQOuY0q2y1c7E=,1UKvKdPs7G+wjWRhAg/j2o6EHM0=
9,27,GBbOpoaGxCQNyVqQOuY0q2y1c7E=,A0cL2mVLSxZItgOZdPMKBeJ7VLU=
10,27,GBbOpoaGxCQNyVqQOuY0q2y1c7E=,frCbwyvdoOmc6yjrepjq2iim+Bs=
1,27,GBbOpoaGxCQNyVqQOuY0q2y1c7E=,6c18J9KPbI/rvUK1gb1jQqqwRjE=
2,27,GBbOpoaGxCQNyVqQOuY0q2y1c7E=,3Z97Tra7j3NwwJhMjLXk06wCv20=
8,22,GBbOpoaGxCQNyVqQOuY0q2y1c7E=,abrz0kCIvMr08TQn0JLX66N9t9A=
10,22,GBbOpoaGxCQNyVqQOuY0q2y1c7E=,EFNufM6DUpUOylIA4qa+Ovj0/7c=
8,19,GBbOpoaGxCQNyVqQOuY0q2y1c7E=,mDVrttjJbpaHFuzkRyFcqHDR2XE=
0,25,GBbOpoaGxCQNyVqQOuY0q2y1c7E=,zG/ejawo3uSnHrMh2JPZnZY4DoM=
0,26,GBbOpoaGxCQNyVqQOuY0q2y1c7E=,6c18J9KPbI/rvUK1gb1jQqqwRjE=
10,20,GBbOpoaGxCQNyVqQOuY0q2y1c7E=,GBbIQyEBajFeKG+jRyhUDMvZXts=
7,20,GBbOpoaGxCQNyVqQOuY0q2y1c7E=,Vcvb6hmsKyBwxnrOaS8XyPioIb0=
0,24,GBbOpoaGxCQNyVqQOuY0q2y1c7E=,zG/ejawo3uSnHrMh2JPZnZY4DoM=
7,19,GBbOpoaGxCQNyVqQOuY0q2y1c7E=,I45CJiGUdB9BB55ZWMePSjEgIEc=
9,20,GBbOpoaGxCQNyVqQOuY0q2y1c7E=,yAh5MAJJpIqCIucqF8DWhGvQBQY=
8,26,GBbOpoaGxCQNyVqQOuY0q2y1c7E=,A0cL2mVLSxZItgOZdPMKBeJ7VLU=
8,20,GBbOpoaGxCQNyVqQOuY0q2y1c7E=,yAh5MAJJpIqCIucqF8DWhGvQBQY=
8,25,GBbOpoaGxCQNyVqQOuY0q2y1c7E=,+jflvBghn83HaqvWVaIR0wYMTW8=
8,27,GBbOpoaGxCQNyVqQOuY0q2y1c7E=,A0cL2mVLSxZItgOZdPMKBeJ7VLU=
7,25,GBbOpoaGxCQNyVqQOuY0q2y1c7E=,EsjMyb2jMPSyaubuQNQwof/qCRs=
15,26,GBbOpoaGxCQNyVqQOuY0q2y1c7E=,At7DCaIYpfdGOD9H+9Hpfqa6k9w=
15,24,GBbOpoaGxCQNyVqQOuY0q2y1c7E=,V8WxJJXb8ysVd04GA1DHHyzU7kw=
15,25,GBbOpoaGxCQNyVqQOuY0q2y1c7E=,V8WxJJXb8ysVd04GA1DHHyzU7kw=
6,25,GBbOpoaGxCQNyVqQOuY0q2y1c7E=,EsjMyb2jMPSyaubuQNQwof/qCRs=
7,26,GBbOpoaGxCQNyVqQOuY0q2y1c7E=,cqCqlmrhJTudH2rEHJ8cL1e4Mfo=
4,25,GBbOpoaGxCQNyVqQOuY0q2y1c7E=,F5nOSAeOmn/gU1kuQ9kTzcCxzK4=
5,25,GBbOpoaGxCQNyVqQOuY0q2y1c7E=,F5nOSAeOmn/gU1kuQ9kTzcCxzK4=
3,26,GBbOpoaGxCQNyVqQOuY0q2y1c7E=,3Z97Tra7j3NwwJhMjLXk06wCv20=
3,27,GBbOpoaGxCQNyVqQOuY0q2y1c7E=,3Z97Tra7j3NwwJhMjLXk06wCv20=
3,25,GBbOpoaGxCQNyVqQOuY0q2y1c7E=,9IZwEJgf+YibVz+cBO4pBdDjcIY=
6,26,GBbOpoaGxCQNyVqQOuY0q2y1c7E=,cqCqlmrhJTudH2rEHJ8cL1e4Mfo=
7,21,GBbOpoaGxCQNyVqQOuY0q2y1c7E=,Vcvb6hmsKyBwxnrOaS8XyPioIb0=
0,23,GBbOpoaGxCQNyVqQOuY0q2y1c7E=,3SuM+4uP8+tQaQ1UT14pThSfGB4=
15,17,GBbOpoaGxCQNyVqQOuY0q2y1c7E=,a1UiPqaSBS4VXoDV72g2bS0TzI8=
0,22,GBbOpoaGxCQNyVqQOuY0q2y1c7E=,3SuM+4uP8+tQaQ1UT14pThSfGB4=
11,27,GBbOpoaGxCQNyVqQOuY0q2y1c7E=,frCbwyvdoOmc6yjrepjq2iim+Bs=
14,27,GBbOpoaGxCQNyVqQOuY0q2y1c7E=,At7DCaIYpfdGOD9H+9Hpfqa6k9w=
13,27,GBbOpoaGxCQNyVqQOuY0q2y1c7E=,VtLGn7/DV91JMe2NuU8HuwCwVW8=
15,27,GBbOpoaGxCQNyVqQOuY0q2y1c7E=,At7DCaIYpfdGOD9H+9Hpfqa6k9w=
0,27,GBbOpoaGxCQNyVqQOuY0q2y1c7E=,6c18J9KPbI/rvUK1gb1jQqqwRjE=
12,27,GBbOpoaGxCQNyVqQOuY0q2y1c7E=,VtLGn7/DV91JMe2NuU8HuwCwVW8=
0,21,GBbOpoaGxCQNyVqQOuY0q2y1c7E=,cpg35EOptpNrh0DszIJgsGbqP6E=
14,16,GBbOpoaGxCQNyVqQOuY0q2y1c7E=,a1UiPqaSBS4VXoDV72g2bS0TzI8=
6,27,GBbOpoaGxCQNyVqQOuY0q2y1c7E=,cqCqlmrhJTudH2rEHJ8cL1e4Mfo=
13,16,GBbOpoaGxCQNyVqQOuY0q2y1c7E=,NR4/vkKMvTznUik1YZwcrUZ3BRg=
12,16,GBbOpoaGxCQNyVqQOuY0q2y1c7E=,NR4/vkKMvTznUik1YZwcrUZ3BRg=
11,16,GBbOpoaGxCQNyVqQOuY0q2y1c7E=,WkEyWHoCGWOq+C266I0oX7Khsxc=
7,16,GBbOpoaGxCQNyVqQOuY0q2y1c7E=,Jiv5+6EQ/kYk8smX5zxbC4VZOo4=
15,16,GBbOpoaGxCQNyVqQOuY0q2y1c7E=,a1UiPqaSBS4VXoDV72g2bS0TzI8=
9,16,GBbOpoaGxCQNyVqQOuY0q2y1c7E=,6OAni8QfKgR/JxTdSdO7pyh1DYQ=
10,16,GBbOpoaGxCQNyVqQOuY0q2y1c7E=,WkEyWHoCGWOq+C266I0oX7Khsxc=
15,20,GBbOpoaGxCQNyVqQOuY0q2y1c7E=,0SYnIv8Y5hl8ZytmGRNAc9pXkEI=
8,16,GBbOpoaGxCQNyVqQOuY0q2y1c7E=,6OAni8QfKgR/JxTdSdO7pyh1DYQ=
4,27,GBbOpoaGxCQNyVqQOuY0q2y1c7E=,pjmVKe52HoOyhz2y4CJVzftlQn8=
15,19,GBbOpoaGxCQNyVqQOuY0q2y1c7E=,Bx+vjozFchffx+DGFCh0DpdJKyI=
15,18,GBbOpoaGxCQNyVqQOuY0q2y1c7E=,Bx+vjozFchffx+DGFCh0DpdJKyI=
15,22,GBbOpoaGxCQNyVqQOuY0q2y1c7E=,/+QHqAcPIDPbST6Eropan+Ls2Bc=
15,21,GBbOpoaGxCQNyVqQOuY0q2y1c7E=,0SYnIv8Y5hl8ZytmGRNAc9pXkEI=
15,23,GBbOpoaGxCQNyVqQOuY0q2y1c7E=,/+QHqAcPIDPbST6Eropan+Ls2Bc=
4,26,GBbOpoaGxCQNyVqQOuY0q2y1c7E=,pjmVKe52HoOyhz2y4CJVzftlQn8=
5,27,GBbOpoaGxCQNyVqQOuY0q2y1c7E=,pjmVKe52HoOyhz2y4CJVzftlQn8=
5,26,GBbOpoaGxCQNyVqQOuY0q2y1c7E=,pjmVKe52HoOyhz2y4CJVzftlQn8=
7,27,GBbOpoaGxCQNyVqQOuY0q2y1c7E=,cqCqlmrhJTudH2rEHJ8cL1e4Mfo=
29,17,xDgtp/qliSr1OPgVjyxH/Z7zRbc=,ltdzkwklSH+fsF3bnIaXzhXFmx0=
30,17,xDgtp/qliSr1OPgVjyxH/Z7zRbc=,dRFgNZR2f3Um14o7RvmbSFQme7U=
30,18,xDgtp/qliSr1OPgVjyxH/Z7zRbc=,UINOiVCiPHmgac6LGLocYg11rHs=
29,18,xDgtp/qliSr1OPgVjyxH/Z7zRbc=,rVmAt0Zdx1Fpx1LVkAIKbY9JLmY=
29,19,xDgtp/qliSr1OPgVjyxH/Z7zRbc=,rVmAt0Zdx1Fpx1LVkAIKbY9JLmY=
30,20,xDgtp/qliSr1OPgVjyxH/Z7zRbc=,CJ6qOQ9K9P+RfrEoYlV6GH19wy8=
30,19,xDgtp/qliSr1OPgVjyxH/Z7zRbc=,UINOiVCiPHmgac6LGLocYg11rHs=
30,21,xDgtp/qliSr1OPgVjyxH/Z7zRbc=,CJ6qOQ9K9P+RfrEoYlV6GH19wy8=
29,20,xDgtp/qliSr1OPgVjyxH/Z7zRbc=,gQh3pSKM5gclQFDF45I4s/oiTPs=
29,22,xDgtp/qliSr1OPgVjyxH/Z7zRbc=,c/6Z3A7U0FlRNv7HSV1oXMHh4wc=
30,22,xDgtp/qliSr1OPgVjyxH/Z7zRbc=,2d2HtmweA4NNYsBzDUD2y4jDZH4=
29,21,xDgtp/qliSr1OPgVjyxH/Z7zRbc=,gQh3pSKM5gclQFDF45I4s/oiTPs=
29,24,xDgtp/qliSr1OPgVjyxH/Z7zRbc=,oHuR7I32LdtFCmGuUmN8ufM3yj8=
30,24,xDgtp/qliSr1OPgVjyxH/Z7zRbc=,34wcUjqYtoTeWlpxW0Zoswvxlvs=
30,23,xDgtp/qliSr1OPgVjyxH/Z7zRbc=,2d2HtmweA4NNYsBzDUD2y4jDZH4=
29,23,xDgtp/qliSr1OPgVjyxH/Z7zRbc=,c/6Z3A7U0FlRNv7HSV1oXMHh4wc=
28,24,xDgtp/qliSr1OPgVjyxH/Z7zRbc=,oHuR7I32LdtFCmGuUmN8ufM3yj8=
27,24,xDgtp/qliSr1OPgVjyxH/Z7zRbc=,arj4tjTtdjdpPrOWUg+33jGZ+H0=
28,23,xDgtp/qliSr1OPgVjyxH/Z7zRbc=,c/6Z3A7U0FlRNv7HSV1oXMHh4wc=
27,23,xDgtp/qliSr1OPgVjyxH/Z7zRbc=,9StvhuqIOAA3hXcFi2RZCr3CYow=
28,25,xDgtp/qliSr1OPgVjyxH/Z7zRbc=,oHuR7I32LdtFCmGuUmN8ufM3yj8=
27,25,xDgtp/qliSr1OPgVjyxH/Z7zRbc=,arj4tjTtdjdpPrOWUg+33jGZ+H0=
27,26,xDgtp/qliSr1OPgVjyxH/Z7zRbc=,iDjvuzVLVcZHUbYWfh+LsxSKp3w=
28,26,xDgtp/qliSr1OPgVjyxH/Z7zRbc=,old5lZSHWypj2d92r+zJCC4ibHk=
27,22,xDgtp/qliSr1OPgVjyxH/Z7zRbc=,9StvhuqIOAA3hXcFi2RZCr3CYow=
27,21,xDgtp/qliSr1OPgVjyxH/Z7zRbc=,c7FZNNX6JkgU2vOiJ8PPOyDr19A=
28,22,xDgtp/qliSr1OPgVjyxH/Z7zRbc=,c/6Z3A7U0FlRNv7HSV1oXMHh4wc=
28,21,xDgtp/qliSr1OPgVjyxH/Z7zRbc=,gQh3pSKM5gclQFDF45I4s/oiTPs=
26,24,xDgtp/qliSr1OPgVjyxH/Z7zRbc=,arj4tjTtdjdpPrOWUg+33jGZ+H0=
25,24,xDgtp/qliSr1OPgVjyxH/Z7zRbc=,ELYcFZxA1ZK8mQoBi+dp1SurAlk=
26,23,xDgtp/qliSr1OPgVjyxH/Z7zRbc=,9StvhuqIOAA3hXcFi2RZCr3CYow=
26,22,xDgtp/qliSr1OPgVjyxH/Z7zRbc=,9StvhuqIOAA3hXcFi2RZCr3CYow=
26,25,xDgtp/qliSr1OPgVjyxH/Z7zRbc=,arj4tjTtdjdpPrOWUg+33jGZ+H0=
26,26,xDgtp/qliSr1OPgVjyxH/Z7zRbc=,iDjvuzVLVcZHUbYWfh+LsxSKp3w=
25,21,xDgtp/qliSr1OPgVjyxH/Z7zRbc=,nX3aeWPWff+5Gp3wrbjdL0x8u8E=
25,23,xDgtp/qliSr1OPgVjyxH/Z7zRbc=,TFdLIT13OSfwNXRiwARA3BrnSlU=
25,26,xDgtp/qliSr1OPgVjyxH/Z7zRbc=,6ByatPsgAZ0e6XLUmpkVm4ldlyE=
25,25,xDgtp/qliSr1OPgVjyxH/Z7zRbc=,ELYcFZxA1ZK8mQoBi+dp1SurAlk=
26,21,xDgtp/qliSr1OPgVjyxH/Z7zRbc=,c7FZNNX6JkgU2vOiJ8PPOyDr19A=
25,22,xDgtp/qliSr1OPgVjyxH/Z7zRbc=,TFdLIT13OSfwNXRiwARA3BrnSlU=
27,19,CTr3h+W4hwTzf1w1NeK46tdDyN0=,BU22LeTFLS5te1pVU5jrIZRUZ74=
26,20,CTr3h+W4hwTzf1w1NeK46tdDyN0=,c7FZNNX6JkgU2vOiJ8PPOyDr19A=
28,19,CTr3h+W4hwTzf1w1NeK46tdDyN0=,rVmAt0Zdx1Fpx1LVkAIKbY9JLmY=
27,20,CTr3h+W4hwTzf1w1NeK46tdDyN0=,c7FZNNX6JkgU2vOiJ8PPOyDr19A=
26,19,CTr3h+W4hwTzf1w1NeK46tdDyN0=,BU22LeTFLS5te1pVU5jrIZRUZ74=
25,20,CTr3h+W4hwTzf1w1NeK46tdDyN0=,nX3aeWPWff+5Gp3wrbjdL0x8u8E=
28,20,CTr3h+W4hwTzf1w1NeK46tdDyN0=,gQh3pSKM5gclQFDF45I4s/oiTPs=
25,19,CTr3h+W4hwTzf1w1NeK46tdDyN0=,U6SGYHIVNWUlgL7y8cUqWO0tdxU=
28,17,CTr3h+W4hwTzf1w1NeK46tdDyN0=,ltdzkwklSH+fsF3bnIaXzhXFmx0=
27,17,CTr3h+W4hwTzf1w1NeK46tdDyN0=,3Jq3z2nCQMmBTrRp+yOJXqC6SpU=
28,18,CTr3h+W4hwTzf1w1NeK46tdDyN0=,rVmAt0Zdx1Fpx1LVkAIKbY9JLmY=
27,18,CTr3h+W4hwTzf1w1NeK46tdDyN0=,BU22LeTFLS5te1pVU5jrIZRUZ74=
26,18,CTr3h+W4hwTzf1w1NeK46tdDyN0=,BU22LeTFLS5te1pVU5jrIZRUZ74=
26,17,CTr3h+W4hwTzf1w1NeK46tdDyN0=,3Jq3z2nCQMmBTrRp+yOJXqC6SpU=
25,18,CTr3h+W4hwTzf1w1NeK46tdDyN0=,U6SGYHIVNWUlgL7y8cUqWO0tdxU=
25,17,CTr3h+W4hwTzf1w1NeK46tdDyN0=,yt5XE6he/jrLPfi4CEgfzcwPYsQ=
23,17,CTr3h+W4hwTzf1w1NeK46tdDyN0=,of9vxRdVwB4RSuEyVZ3ha1wq8p8=
24,18,CTr3h+W4hwTzf1w1NeK46tdDyN0=,U6SGYHIVNWUlgL7y8cUqWO0tdxU=
24,17,CTr3h+W4hwTzf1w1NeK46tdDyN0=,yt5XE6he/jrLPfi4CEgfzcwPYsQ=
23,18,CTr3h+W4hwTzf1w1NeK46tdDyN0=,S1EzAnmcxrmHYnUD8N0J9jNluFg=
21,17,CTr3h+W4hwTzf1w1NeK46tdDyN0=,HaB652I/vi7m2xSJX6cRcXOmCZY=
22,17,CTr3h+W4hwTzf1w1NeK46tdDyN0=,of9vxRdVwB4RSuEyVZ3ha1wq8p8=
22,18,CTr3h+W4hwTzf1w1NeK46tdDyN0=,S1EzAnmcxrmHYnUD8N0J9jNluFg=
21,18,CTr3h+W4hwTzf1w1NeK46tdDyN0=,eKfeIxOfMujX6zcH2v97G5kPkt0=
20,17,CTr3h+W4hwTzf1w1NeK46tdDyN0=,HaB652I/vi7m2xSJX6cRcXOmCZY=
19,17,CTr3h+W4hwTzf1w1NeK46tdDyN0=,VNq50B2/dPdrsF0goBOqCtlkE3w=
20,18,CTr3h+W4hwTzf1w1NeK46tdDyN0=,eKfeIxOfMujX6zcH2v97G5kPkt0=
19,18,CTr3h+W4hwTzf1w1NeK46tdDyN0=,8IWUTGl+WCa/UkHP9IHFSj89Qoc=
17,20,CTr3h+W4hwTzf1w1NeK46tdDyN0=,eOGNSdrP8Z82rLtXD7R7aX6vqcw=
18,20,CTr3h+W4hwTzf1w1NeK46tdDyN0=,JdPcL92JLEicx8MCCGi8+KzDfHA=
18,19,CTr3h+W4hwTzf1w1NeK46tdDyN0=,8IWUTGl+WCa/UkHP9IHFSj89Qoc=
17,19,CTr3h+W4hwTzf1w1NeK46tdDyN0=,5qQvVDT2r1XKvK1769r5qypM2BY=
18,24,CTr3h+W4hwTzf1w1NeK46tdDyN0=,lwcPlenKrmnIxBF+vBw2SUjn4Qs=
18,21,CTr3h+W4hwTzf1w1NeK46tdDyN0=,JdPcL92JLEicx8MCCGi8+KzDfHA=
17,24,CTr3h+W4hwTzf1w1NeK46tdDyN0=,7OLugliZoXxUaUuZVvtaCIzA1TE=
17,22,CTr3h+W4hwTzf1w1NeK46tdDyN0=,rujuCuEgINo5slNCqLJQSKKQdhU=
18,23,CTr3h+W4hwTzf1w1NeK46tdDyN0=,4mwuCLfwKnC8M+6AglQzr5ZYCOg=
17,23,CTr3h+W4hwTzf1w1NeK46tdDyN0=,rujuCuEgINo5slNCqLJQSKKQdhU=
18,22,CTr3h+W4hwTzf1w1NeK46tdDyN0=,4mwuCLfwKnC8M+6AglQzr5ZYCOg=
17,21,CTr3h+W4hwTzf1w1NeK46tdDyN0=,eOGNSdrP8Z82rLtXD7R7aX6vqcw=
18,25,CTr3h+W4hwTzf1w1NeK46tdDyN0=,lwcPlenKrmnIxBF+vBw2SUjn4Qs=
17,25,CTr3h+W4hwTzf1w1NeK46tdDyN0=,7OLugliZoXxUaUuZVvtaCIzA1TE=
17,26,CTr3h+W4hwTzf1w1NeK46tdDyN0=,pU9InpBSdfBn9t6fg6HnwRvORRo=
18,26,CTr3h+W4hwTzf1w1NeK46tdDyN0=,Q0t9phufV4bQOtKh82JPXsoAVG0=
19,24,CTr3h+W4hwTzf1w1NeK46tdDyN0=,lwcPlenKrmnIxBF+vBw2SUjn4Qs=
20,23,CTr3h+W4hwTzf1w1NeK46tdDyN0=,Q5zrzIAgHnqCHsXWYHNDcsciJms=
20,24,CTr3h+W4hwTzf1w1NeK46tdDyN0=,rIsP52BOO7ZWJvUPTOGsUAVue8o=
19,23,CTr3h+W4hwTzf1w1NeK46tdDyN0=,4mwuCLfwKnC8M+6AglQzr5ZYCOg=
20,26,CTr3h+W4hwTzf1w1NeK46tdDyN0=,/ugSrNznpJm/Efi7dVi+fGvDhZc=
19,25,CTr3h+W4hwTzf1w1NeK46tdDyN0=,lwcPlenKrmnIxBF+vBw2SUjn4Qs=
20,25,CTr3h+W4hwTzf1w1NeK46tdDyN0=,rIsP52BOO7ZWJvUPTOGsUAVue8o=
19,26,CTr3h+W4hwTzf1w1NeK46tdDyN0=,Q0t9phufV4bQOtKh82JPXsoAVG0=
20,22,CTr3h+W4hwTzf1w1NeK46tdDyN0=,Q5zrzIAgHnqCHsXWYHNDcsciJms=
19,19,CTr3h+W4hwTzf1w1NeK46tdDyN0=,8IWUTGl+WCa/UkHP9IHFSj89Qoc=
20,20,CTr3h+W4hwTzf1w1NeK46tdDyN0=,6zPNKaDz8lRznXzmPQMcRmsQZ3A=
19,20,CTr3h+W4hwTzf1w1NeK46tdDyN0=,JdPcL92JLEicx8MCCGi8+KzDfHA=
19,22,CTr3h+W4hwTzf1w1NeK46tdDyN0=,4mwuCLfwKnC8M+6AglQzr5ZYCOg=
22,20,CTr3h+W4hwTzf1w1NeK46tdDyN0=,Whz7ujCIG/Pv9Fi0ieKs21ClQb8=
20,21,CTr3h+W4hwTzf1w1NeK46tdDyN0=,6zPNKaDz8lRznXzmPQMcRmsQZ3A=
23,19,CTr3h+W4hwTzf1w1NeK46tdDyN0=,S1EzAnmcxrmHYnUD8N0J9jNluFg=
21,20,CTr3h+W4hwTzf1w1NeK46tdDyN0=,6zPNKaDz8lRznXzmPQMcRmsQZ3A=
22,19,CTr3h+W4hwTzf1w1NeK46tdDyN0=,S1EzAnmcxrmHYnUD8N0J9jNluFg=
19,21,CTr3h+W4hwTzf1w1NeK46tdDyN0=,JdPcL92JLEicx8MCCGi8+KzDfHA=
24,19,CTr3h+W4hwTzf1w1NeK46tdDyN0=,U6SGYHIVNWUlgL7y8cUqWO0tdxU=
26,27,CTr3h+W4hwTzf1w1NeK46tdDyN0=,iDjvuzVLVcZHUbYWfh+LsxSKp3w=
25,27,CTr3h+W4hwTzf1w1NeK46tdDyN0=,6ByatPsgAZ0e6XLUmpkVm4ldlyE=
23,20,CTr3h+W4hwTzf1w1NeK46tdDyN0=,Whz7ujCIG/Pv9Fi0ieKs21ClQb8=
19,27,CTr3h+W4hwTzf1w1NeK46tdDyN0=,Q0t9phufV4bQOtKh82JPXsoAVG0=
20,27,CTr3h+W4hwTzf1w1NeK46tdDyN0=,/ugSrNznpJm/Efi7dVi+fGvDhZc=
20,19,CTr3h+W4hwTzf1w1NeK46tdDyN0=,eKfeIxOfMujX6zcH2v97G5kPkt0=
21,19,CTr3h+W4hwTzf1w1NeK46tdDyN0=,eKfeIxOfMujX6zcH2v97G5kPkt0=
24,20,CTr3h+W4hwTzf1w1NeK46tdDyN0=,nX3aeWPWff+5Gp3wrbjdL0x8u8E=
31,18,CTr3h+W4hwTzf1w1NeK46tdDyN0=,UINOiVCiPHmgac6LGLocYg11rHs=
31,17,CTr3h+W4hwTzf1w1NeK46tdDyN0=,dRFgNZR2f3Um14o7RvmbSFQme7U=
31,20,CTr3h+W4hwTzf1w1NeK46tdDyN0=,CJ6qOQ9K9P+RfrEoYlV6GH19wy8=
22,22,CTr3h+W4hwTzf1w1NeK46tdDyN0=,j7YBKc0dMs2SJ83nGZ50zq8ogi8=
21,21,CTr3h+W4hwTzf1w1NeK46tdDyN0=,6zPNKaDz8lRznXzmPQMcRmsQZ3A=
23,21,CTr3h+W4hwTzf1w1NeK46tdDyN0=,Whz7ujCIG/Pv9Fi0ieKs21ClQb8=
31,19,CTr3h+W4hwTzf1w1NeK46tdDyN0=,UINOiVCiPHmgac6LGLocYg11rHs=
31,24,CTr3h+W4hwTzf1w1NeK46tdDyN0=,34wcUjqYtoTeWlpxW0Zoswvxlvs=
22,21,CTr3h+W4hwTzf1w1NeK46tdDyN0=,Whz7ujCIG/Pv9Fi0ieKs21ClQb8=
31,22,CTr3h+W4hwTzf1w1NeK46tdDyN0=,2d2HtmweA4NNYsBzDUD2y4jDZH4=
24,21,CTr3h+W4hwTzf1w1NeK46tdDyN0=,nX3aeWPWff+5Gp3wrbjdL0x8u8E=
21,22,CTr3h+W4hwTzf1w1NeK46tdDyN0=,Q5zrzIAgHnqCHsXWYHNDcsciJms=
28,27,CTr3h+W4hwTzf1w1NeK46tdDyN0=,old5lZSHWypj2d92r+zJCC4ibHk=
27,27,CTr3h+W4hwTzf1w1NeK46tdDyN0=,iDjvuzVLVcZHUbYWfh+LsxSKp3w=
31,21,CTr3h+W4hwTzf1w1NeK46tdDyN0=,CJ6qOQ9K9P+RfrEoYlV6GH19wy8=
24,24,CTr3h+W4hwTzf1w1NeK46tdDyN0=,ELYcFZxA1ZK8mQoBi+dp1SurAlk=
21,24,CTr3h+W4hwTzf1w1NeK46tdDyN0=,rIsP52BOO7ZWJvUPTOGsUAVue8o=
22,24,CTr3h+W4hwTzf1w1NeK46tdDyN0=,cmaUkVRxMfJ8pZ+pkn09gRfFNps=
23,24,CTr3h+W4hwTzf1w1NeK46tdDyN0=,cmaUkVRxMfJ8pZ+pkn09gRfFNps=
23,22,CTr3h+W4hwTzf1w1NeK46tdDyN0=,j7YBKc0dMs2SJ83nGZ50zq8ogi8=
24,22,CTr3h+W4hwTzf1w1NeK46tdDyN0=,TFdLIT13OSfwNXRiwARA3BrnSlU=
31,23,CTr3h+W4hwTzf1w1NeK46tdDyN0=,2d2HtmweA4NNYsBzDUD2y4jDZH4=
20,16,CTr3h+W4hwTzf1w1NeK46tdDyN0=,HaB652I/vi7m2xSJX6cRcXOmCZY=
19,16,CTr3h+W4hwTzf1w1NeK46tdDyN0=,VNq50B2/dPdrsF0goBOqCtlkE3w=
21,16,CTr3h+W4hwTzf1w1NeK46tdDyN0=,HaB652I/vi7m2xSJX6cRcXOmCZY=
22,16,CTr3h+W4hwTzf1w1NeK46tdDyN0=,of9vxRdVwB4RSuEyVZ3ha1wq8p8=
24,16,CTr3h+W4hwTzf1w1NeK46tdDyN0=,yt5XE6he/jrLPfi4CEgfzcwPYsQ=
22,23,CTr3h+W4hwTzf1w1NeK46tdDyN0=,j7YBKc0dMs2SJ83nGZ50zq8ogi8=
24,23,CTr3h+W4hwTzf1w1NeK46tdDyN0=,TFdLIT13OSfwNXRiwARA3BrnSlU=
23,16,CTr3h+W4hwTzf1w1NeK46tdDyN0=,of9vxRdVwB4RSuEyVZ3ha1wq8p8=
23,23,CTr3h+W4hwTzf1w1NeK46tdDyN0=,j7YBKc0dMs2SJ83nGZ50zq8ogi8=
21,23,CTr3h+W4hwTzf1w1NeK46tdDyN0=,Q5zrzIAgHnqCHsXWYHNDcsciJms=
26,16,CTr3h+W4hwTzf1w1NeK46tdDyN0=,3Jq3z2nCQMmBTrRp+yOJXqC6SpU=
25,16,CTr3h+W4hwTzf1w1NeK46tdDyN0=,yt5XE6he/jrLPfi4CEgfzcwPYsQ=
27,16,CTr3h+W4hwTzf1w1NeK46tdDyN0=,3Jq3z2nCQMmBTrRp+yOJXqC6SpU=
18,27,CTr3h+W4hwTzf1w1NeK46tdDyN0=,Q0t9phufV4bQOtKh82JPXsoAVG0=
17,27,CTr3h+W4hwTzf1w1NeK46tdDyN0=,pU9InpBSdfBn9t6fg6HnwRvORRo=
28,16,CTr3h+W4hwTzf1w1NeK46tdDyN0=,ltdzkwklSH+fsF3bnIaXzhXFmx0=
30,16,CTr3h+W4hwTzf1w1NeK46tdDyN0=,dRFgNZR2f3Um14o7RvmbSFQme7U=
31,16,CTr3h+W4hwTzf1w1NeK46tdDyN0=,dRFgNZR2f3Um14o7RvmbSFQme7U=
29,16,CTr3h+W4hwTzf1w1NeK46tdDyN0=,ltdzkwklSH+fsF3bnIaXzhXFmx0=
22,26,CTr3h+W4hwTzf1w1NeK46tdDyN0=,i7IeqgUSphDUn1u7zk41dzQpyAg=
24,26,CTr3h+W4hwTzf1w1NeK46tdDyN0=,6ByatPsgAZ0e6XLUmpkVm4ldlyE=
23,26,CTr3h+W4hwTzf1w1NeK46tdDyN0=,i7IeqgUSphDUn1u7zk41dzQpyAg=
22,27,CTr3h+W4hwTzf1w1NeK46tdDyN0=,i7IeqgUSphDUn1u7zk41dzQpyAg=
23,27,CTr3h+W4hwTzf1w1NeK46tdDyN0=,i7IeqgUSphDUn1u7zk41dzQpyAg=
22,25,CTr3h+W4hwTzf1w1NeK46tdDyN0=,cmaUkVRxMfJ8pZ+pkn09gRfFNps=
24,25,CTr3h+W4hwTzf1w1NeK46tdDyN0=,ELYcFZxA1ZK8mQoBi+dp1SurAlk=
21,26,CTr3h+W4hwTzf1w1NeK46tdDyN0=,/ugSrNznpJm/Efi7dVi+fGvDhZc=
21,25,CTr3h+W4hwTzf1w1NeK46tdDyN0=,rIsP52BOO7ZWJvUPTOGsUAVue8o=
21,27,CTr3h+W4hwTzf1w1NeK46tdDyN0=,/ugSrNznpJm/Efi7dVi+fGvDhZc=
23,25,CTr3h+W4hwTzf1w1NeK46tdDyN0=,cmaUkVRxMfJ8pZ+pkn09gRfFNps=
24,27,CTr3h+W4hwTzf1w1NeK46tdDyN0=,6ByatPsgAZ0e6XLUmpkVm4ldlyE=
16,25,CTr3h+W4hwTzf1w1NeK46tdDyN0=,7OLugliZoXxUaUuZVvtaCIzA1TE=
16,27,CTr3h+W4hwTzf1w1NeK46tdDyN0=,pU9InpBSdfBn9t6fg6HnwRvORRo=
16,26,CTr3h+W4hwTzf1w1NeK46tdDyN0=,pU9InpBSdfBn9t6fg6HnwRvORRo=
16,20,CTr3h+W4hwTzf1w1NeK46tdDyN0=,eOGNSdrP8Z82rLtXD7R7aX6vqcw=
16,22,CTr3h+W4hwTzf1w1NeK46tdDyN0=,rujuCuEgINo5slNCqLJQSKKQdhU=
16,21,CTr3h+W4hwTzf1w1NeK46tdDyN0=,eOGNSdrP8Z82rLtXD7R7aX6vqcw=
16,19,CTr3h+W4hwTzf1w1NeK46tdDyN0=,5qQvVDT2r1XKvK1769r5qypM2BY=
16,24,CTr3h+W4hwTzf1w1NeK46tdDyN0=,7OLugliZoXxUaUuZVvtaCIzA1TE=
16,23,CTr3h+W4hwTzf1w1NeK46tdDyN0=,rujuCuEgINo5slNCqLJQSKKQdhU=
30,26,CTr3h+W4hwTzf1w1NeK46tdDyN0=,B2YhAveEO1sECtUdUBhtTKP2Fks=
29,26,CTr3h+W4hwTzf1w1NeK46tdDyN0=,old5lZSHWypj2d92r+zJCC4ibHk=
29,27,CTr3h+W4hwTzf1w1NeK46tdDyN0=,old5lZSHWypj2d92r+zJCC4ibHk=
29,25,CTr3h+W4hwTzf1w1NeK46tdDyN0=,oHuR7I32LdtFCmGuUmN8ufM3yj8=
31,26,CTr3h+W4hwTzf1w1NeK46tdDyN0=,B2YhAveEO1sECtUdUBhtTKP2Fks=
30,27,CTr3h+W4hwTzf1w1NeK46tdDyN0=,B2YhAveEO1sECtUdUBhtTKP2Fks=
31,27,CTr3h+W4hwTzf1w1NeK46tdDyN0=,B2YhAveEO1sECtUdUBhtTKP2Fks=
30,25,CTr3h+W4hwTzf1w1NeK46tdDyN0=,34wcUjqYtoTeWlpxW0Zoswvxlvs=
31,25,CTr3h+W4hwTzf1w1NeK46tdDyN0=,34wcUjqYtoTeWlpxW0Zoswvxlvs=
17,16,CTr3h+W4hwTzf1w1NeK46tdDyN0=,uq78yNILJWAKjHTQGOHjVmjDMeE=
18,16,CTr3h+W4hwTzf1w1NeK46tdDyN0=,VNq50B2/dPdrsF0goBOqCtlkE3w=
16,16,CTr3h+W4hwTzf1w1NeK46tdDyN0=,uq78yNILJWAKjHTQGOHjVmjDMeE=
18,17,CTr3h+W4hwTzf1w1NeK46tdDyN0=,VNq50B2/dPdrsF0goBOqCtlkE3w=
17,17,CTr3h+W4hwTzf1w1NeK46tdDyN0=,uq78yNILJWAKjHTQGOHjVmjDMeE=
16,17,CTr3h+W4hwTzf1w1NeK46tdDyN0=,uq78yNILJWAKjHTQGOHjVmjDMeE=
17,18,CTr3h+W4hwTzf1w1NeK46tdDyN0=,5qQvVDT2r1XKvK1769r5qypM2BY=
16,18,CTr3h+W4hwTzf1w1NeK46tdDyN0=,5qQvVDT2r1XKvK1769r5qypM2BY=
18,18,CTr3h+W4hwTzf1w1NeK46tdDyN0=,8IWUTGl+WCa/UkHP9IHFSj89Qoc=
29,2,CTr3h+W4hwTzf1w1NeK46tdDyN0=,tYFtnJhFuVY3QSU3CU+AMRGPN5Y=
30,2,CTr3h+W4hwTzf1w1NeK46tdDyN0=,Bsb/zwUHxgtRw4iKd6z6bKjKm5E=
30,1,CTr3h+W4hwTzf1w1NeK46tdDyN0=,hRisxxxdyOcntUxdfABl/XPRWE0=
29,1,CTr3h+W4hwTzf1w1NeK46tdDyN0=,pks1fB2Y4l7wHLcCg8EQwUk+AhI=
30,3,CTr3h+W4hwTzf1w1NeK46tdDyN0=,Bsb/zwUHxgtRw4iKd6z6bKjKm5E=
30,4,CTr3h+W4hwTzf1w1NeK46tdDyN0=,gS0PAZmZ1k6MChy/rLHQzkEfdKE=
29,4,CTr3h+W4hwTzf1w1NeK46tdDyN0=,+n+Oq9h91CFAbkdaBIBqJ38TuFU=
30,6,CTr3h+W4hwTzf1w1NeK46tdDyN0=,kZSOp1IhB6SA+I8ZrD80YSZWDT0=
29,3,CTr3h+W4hwTzf1w1NeK46tdDyN0=,tYFtnJhFuVY3QSU3CU+AMRGPN5Y=
29,6,CTr3h+W4hwTzf1w1NeK46tdDyN0=,JevvR2UJCe1Od5xRGVO75SRYFjc=
29,5,CTr3h+W4hwTzf1w1NeK46tdDyN0=,+n+Oq9h91CFAbkdaBIBqJ38TuFU=
30,5,CTr3h+W4hwTzf1w1NeK46tdDyN0=,gS0PAZmZ1k6MChy/rLHQzkEfdKE=
29,7,CTr3h+W4hwTzf1w1NeK46tdDyN0=,JevvR2UJCe1Od5xRGVO75SRYFjc=
30,7,CTr3h+W4hwTzf1w1NeK46tdDyN0=,kZSOp1IhB6SA+I8ZrD80YSZWDT0=
29,8,CTr3h+W4hwTzf1w1NeK46tdDyN0=,YLoZD6NQyOWq8wQe1CgJn8XHm5E=
30,8,CTr3h+W4hwTzf1w1NeK46tdDyN0=,RjhRxb5M/fMJ4LIQx1zUKvX7voo=
29,9,CTr3h+W4hwTzf1w1NeK46tdDyN0=,YLoZD6NQyOWq8wQe1CgJn8XHm5E=
30,9,CTr3h+W4hwTzf1w1NeK46tdDyN0=,RjhRxb5M/fMJ4LIQx1zUKvX7voo=
30,10,CTr3h+W4hwTzf1w1NeK46tdDyN0=,imSnO2GGKPcOP5org4eOLV1Bj/s=
29,10,CTr3h+W4hwTzf1w1NeK46tdDyN0=,MGlmAjw1VX/L3Adj/HIjdBReRYA=
29,11,CTr3h+W4hwTzf1w1NeK46tdDyN0=,MGlmAjw1VX/L3Adj/HIjdBReRYA=
30,12,CTr3h+W4hwTzf1w1NeK46tdDyN0=,k1CfKqPFTftw8lzlOZkO3tmXOOk=
30,11,CTr3h+W4hwTzf1w1NeK46tdDyN0=,imSnO2GGKPcOP5org4eOLV1Bj/s=
29,12,CTr3h+W4hwTzf1w1NeK46tdDyN0=,e1/q7yTX8jx3I8v1O31yJV2GHgY=
29,13,/0GuNEO7AVnnfwmcjK1OQoLPG/c=,e1/q7yTX8jx3I8v1O31yJV2GHgY=
30,13,/0GuNEO7AVnnfwmcjK1OQoLPG/c=,k1CfKqPFTftw8lzlOZkO3tmXOOk=
29,14,/0GuNEO7AVnnfwmcjK1OQoLPG/c=,czVInMjkmOKr2+vEkBtat5WpmOM=
30,14,/0GuNEO7AVnnfwmcjK1OQoLPG/c=,sRo/ToWA2p4sjdK9Di7TN9BZrVs=
28,14,/0GuNEO7AVnnfwmcjK1OQoLPG/c=,czVInMjkmOKr2+vEkBtat5WpmOM=
28,13,/0GuNEO7AVnnfwmcjK1OQoLPG/c=,e1/q7yTX8jx3I8v1O31yJV2GHgY=
27,14,/0GuNEO7AVnnfwmcjK1OQoLPG/c=,Wkds4E4kKkVXtfEwnE5xbDEDcPE=
27,13,/0GuNEO7AVnnfwmcjK1OQoLPG/c=,ZLov7lo0J0TsaoX/5eBQJn+S7Tg=
26,14,/0GuNEO7AVnnfwmcjK1OQoLPG/c=,Wkds4E4kKkVXtfEwnE5xbDEDcPE=
25,14,/0GuNEO7AVnnfwmcjK1OQoLPG/c=,0nWhZ86VNPDOu+SFbnjEm8ciSMc=
26,13,/0GuNEO7AVnnfwmcjK1OQoLPG/c=,ZLov7lo0J0TsaoX/5eBQJn+S7Tg=
25,13,/0GuNEO7AVnnfwmcjK1OQoLPG/c=,Bz4lheJGadv8nZ0+04/VwFSo3EE=
23,13,/0GuNEO7AVnnfwmcjK1OQoLPG/c=,RnyWHPaDrTSq0LCoEg3Qp+8bbnQ=
24,13,/0GuNEO7AVnnfwmcjK1OQoLPG/c=,Bz4lheJGadv8nZ0+04/VwFSo3EE=
24,14,/0GuNEO7AVnnfwmcjK1OQoLPG/c=,0nWhZ86VNPDOu+SFbnjEm8ciSMc=
23,14,/0GuNEO7AVnnfwmcjK1OQoLPG/c=,RRtWmjlStNyFrAgxMQ+S+ZZqf7s=
22,14,/0GuNEO7AVnnfwmcjK1OQoLPG/c=,RRtWmjlStNyFrAgxMQ+S+ZZqf7s=
21,14,/0GuNEO7AVnnfwmcjK1OQoLPG/c=,sRNyOUb3YwkYJXeNKCP3ssFKgnY=
22,13,/0GuNEO7AVnnfwmcjK1OQoLPG/c=,RnyWHPaDrTSq0LCoEg3Qp+8bbnQ=
21,13,/0GuNEO7AVnnfwmcjK1OQoLPG/c=,57h/LX/ODK5l1H7MpJmC/CojU3s=
19,12,/0GuNEO7AVnnfwmcjK1OQoLPG/c=,wUflO4AX/48JfXWs8roswduQjuo=
20,11,/0GuNEO7AVnnfwmcjK1OQoLPG/c=,1HmDOEhDGHqO1TPUBduON52UWPg=
20,12,/0GuNEO7AVnnfwmcjK1OQoLPG/c=,57h/LX/ODK5l1H7MpJmC/CojU3s=
19,11,/0GuNEO7AVnnfwmcjK1OQoLPG/c=,wfOAOXikOHdnTrNuzU4jD65LeUU=
20,14,/0GuNEO7AVnnfwmcjK1OQoLPG/c=,sRNyOUb3YwkYJXeNKCP3ssFKgnY=
19,13,/0GuNEO7AVnnfwmcjK1OQoLPG/c=,wUflO4AX/48JfXWs8roswduQjuo=
20,13,/0GuNEO7AVnnfwmcjK1OQoLPG/c=,57h/LX/ODK5l1H7MpJmC/CojU3s=
19,14,/0GuNEO7AVnnfwmcjK1OQoLPG/c=,V0KvZQR86TBFG57QWa4l+L5trxk=
20,6,/0GuNEO7AVnnfwmcjK1OQoLPG/c=,6AeOWCaMw6wRqcR22aihn2jJLKA=
19,5,/0GuNEO7AVnnfwmcjK1OQoLPG/c=,qLfUQdEONni4EF6sxw5sMfoqhx8=
20,5,/0GuNEO7AVnnfwmcjK1OQoLPG/c=,PKPOppMk2q/ht+1E4IJvYB17nio=
19,6,/0GuNEO7AVnnfwmcjK1OQoLPG/c=,KXvSZfcRaLvsGc2kihCLS+YuaWQ=
19,7,/0GuNEO7AVnnfwmcjK1OQoLPG/c=,KXvSZfcRaLvsGc2kihCLS+YuaWQ=
19,10,/0GuNEO7AVnnfwmcjK1OQoLPG/c=,wfOAOXikOHdnTrNuzU4jD65LeUU=
20,10,/0GuNEO7AVnnfwmcjK1OQoLPG/c=,1HmDOEhDGHqO1TPUBduON52UWPg=
20,7,/0GuNEO7AVnnfwmcjK1OQoLPG/c=,6AeOWCaMw6wRqcR22aihn2jJLKA=
20,9,/0GuNEO7AVnnfwmcjK1OQoLPG/c=,zWTgZf7vpkOJ5pnX2bSlBjO+fzk=
20,8,/0GuNEO7AVnnfwmcjK1OQoLPG/c=,zWTgZf7vpkOJ5pnX2bSlBjO+fzk=
19,9,/0GuNEO7AVnnfwmcjK1OQoLPG/c=,cBR4uWZoyge23lrC3OfciDqD/30=
19,8,/0GuNEO7AVnnfwmcjK1OQoLPG/c=,cBR4uWZoyge23lrC3OfciDqD/30=
19,4,/0GuNEO7AVnnfwmcjK1OQoLPG/c=,qLfUQdEONni4EF6sxw5sMfoqhx8=
20,3,/0GuNEO7AVnnfwmcjK1OQoLPG/c=,nqZ6vk7PIO710j8zRGv9w0we1FU=
20,4,/0GuNEO7AVnnfwmcjK1OQoLPG/c=,PKPOppMk2q/ht+1E4IJvYB17nio=
19,3,/0GuNEO7AVnnfwmcjK1OQoLPG/c=,xD8UNaxnrawwcFe7UshJQ7c70NY=
20,2,/0GuNEO7AVnnfwmcjK1OQoLPG/c=,nqZ6vk7PIO710j8zRGv9w0we1FU=
20,1,/0GuNEO7AVnnfwmcjK1OQoLPG/c=,CN2adid12BnnCPsaKruLtWL7Jro=
19,2,/0GuNEO7AVnnfwmcjK1OQoLPG/c=,xD8UNaxnrawwcFe7UshJQ7c70NY=
19,1,/0GuNEO7AVnnfwmcjK1OQoLPG/c=,Pj6+M7MUTR1q6qWeFIgQhdP9+Ig=
17,2,/0GuNEO7AVnnfwmcjK1OQoLPG/c=,jP3mfXBsO1e+01fpaiYMp3cPMy8=
17,1,/0GuNEO7AVnnfwmcjK1OQoLPG/c=,GqWbhFok6VhjBc0WM6iJx4Qu9LQ=
18,1,/0GuNEO7AVnnfwmcjK1OQoLPG/c=,Pj6+M7MUTR1q6qWeFIgQhdP9+Ig=
18,2,/0GuNEO7AVnnfwmcjK1OQoLPG/c=,xD8UNaxnrawwcFe7UshJQ7c70NY=
22,2,/0GuNEO7AVnnfwmcjK1OQoLPG/c=,dA/obpiNlv0/sC4DexrB7T52LC0=
22,1,/0GuNEO7AVnnfwmcjK1OQoLPG/c=,7qiUGZICZTWjgyZ0fJZxYlXy7Ds=
21,2,/0GuNEO7AVnnfwmcjK1OQoLPG/c=,nqZ6vk7PIO710j8zRGv9w0we1FU=
21,1,/0GuNEO7AVnnfwmcjK1OQoLPG/c=,CN2adid12BnnCPsaKruLtWL7Jro=
23,2,/0GuNEO7AVnnfwmcjK1OQoLPG/c=,dA/obpiNlv0/sC4DexrB7T52LC0=
24,1,/0GuNEO7AVnnfwmcjK1OQoLPG/c=,OyuYrODKyKihwaclxgDOckgZrgU=
24,2,/0GuNEO7AVnnfwmcjK1OQoLPG/c=,GiN31Q6/TONwokzu1oJVcarraOs=
23,1,/0GuNEO7AVnnfwmcjK1OQoLPG/c=,7qiUGZICZTWjgyZ0fJZxYlXy7Ds=
26,2,/0GuNEO7AVnnfwmcjK1OQoLPG/c=,97GenRiTFxwnGSt7vk6HGLf5U5U=
25,2,/0GuNEO7AVnnfwmcjK1OQoLPG/c=,GiN31Q6/TONwokzu1oJVcarraOs=
28,2,/0GuNEO7AVnnfwmcjK1OQoLPG/c=,tYFtnJhFuVY3QSU3CU+AMRGPN5Y=
27,2,/0GuNEO7AVnnfwmcjK1OQoLPG/c=,97GenRiTFxwnGSt7vk6HGLf5U5U=
26,1,/0GuNEO7AVnnfwmcjK1OQoLPG/c=,XNPLlC1/kfGg+1OPCDck9vW5Ok4=
25,1,/0GuNEO7AVnnfwmcjK1OQoLPG/c=,OyuYrODKyKihwaclxgDOckgZrgU=
27,1,/0GuNEO7AVnnfwmcjK1OQoLPG/c=,XNPLlC1/kfGg+1OPCDck9vW5Ok4=
28,1,/0GuNEO7AVnnfwmcjK1OQoLPG/c=,pks1fB2Y4l7wHLcCg8EQwUk+AhI=
28,4,kp/+mDUrxSOhOoqtC+ZSoiDa1IE=,+n+Oq9h91CFAbkdaBIBqJ38TuFU=
27,4,kp/+mDUrxSOhOoqtC+ZSoiDa1IE=,9AxLnVTW3Nzx2fG3lb4eS1WNSDI=
28,3,kp/+mDUrxSOhOoqtC+ZSoiDa1IE=,tYFtnJhFuVY3QSU3CU+AMRGPN5Y=
27,3,kp/+mDUrxSOhOoqtC+ZSoiDa1IE=,97GenRiTFxwnGSt7vk6HGLf5U5U=
27,6,kp/+mDUrxSOhOoqtC+ZSoiDa1IE=,Wba52Icji4Coq8gVGoHpXc3UhI0=
27,5,kp/+mDUrxSOhOoqtC+ZSoiDa1IE=,9AxLnVTW3Nzx2fG3lb4eS1WNSDI=
28,5,kp/+mDUrxSOhOoqtC+ZSoiDa1IE=,+n+Oq9h91CFAbkdaBIBqJ38TuFU=
28,6,kp/+mDUrxSOhOoqtC+ZSoiDa1IE=,JevvR2UJCe1Od5xRGVO75SRYFjc=
27,7,kp/+mDUrxSOhOoqtC+ZSoiDa1IE=,Wba52Icji4Coq8gVGoHpXc3UhI0=
28,8,kp/+mDUrxSOhOoqtC+ZSoiDa1IE=,YLoZD6NQyOWq8wQe1CgJn8XHm5E=
28,7,kp/+mDUrxSOhOoqtC+ZSoiDa1IE=,JevvR2UJCe1Od5xRGVO75SRYFjc=
27,8,kp/+mDUrxSOhOoqtC+ZSoiDa1IE=,uuTQUylRDUbM+GEt4qLn8F09dDA=
25,8,kp/+mDUrxSOhOoqtC+ZSoiDa1IE=,ZNcdlGz8A9O668KFz9qd4vLZoks=
25,7,kp/+mDUrxSOhOoqtC+ZSoiDa1IE=,TJR/r4Vwc08xmfie55noGg8d/2M=
26,7,kp/+mDUrxSOhOoqtC+ZSoiDa1IE=,Wba52Icji4Coq8gVGoHpXc3UhI0=
26,8,kp/+mDUrxSOhOoqtC+ZSoiDa1IE=,uuTQUylRDUbM+GEt4qLn8F09dDA=
21,7,kp/+mDUrxSOhOoqtC+ZSoiDa1IE=,6AeOWCaMw6wRqcR22aihn2jJLKA=
21,8,kp/+mDUrxSOhOoqtC+ZSoiDa1IE=,zWTgZf7vpkOJ5pnX2bSlBjO+fzk=
24,7,kp/+mDUrxSOhOoqtC+ZSoiDa1IE=,TJR/r4Vwc08xmfie55noGg8d/2M=
24,8,kp/+mDUrxSOhOoqtC+ZSoiDa1IE=,ZNcdlGz8A9O668KFz9qd4vLZoks=
22,7,kp/+mDUrxSOhOoqtC+ZSoiDa1IE=,WKrxrHY9OV/iu4dstXhHKnT3aV0=
23,7,kp/+mDUrxSOhOoqtC+ZSoiDa1IE=,WKrxrHY9OV/iu4dstXhHKnT3aV0=
22,8,kp/+mDUrxSOhOoqtC+ZSoiDa1IE=,xCiJsCNcy1+9U12F6Lsa/sH+DSk=
23,8,kp/+mDUrxSOhOoqtC+ZSoiDa1IE=,xCiJsCNcy1+9U12F6Lsa/sH+DSk=
31,2,kp/+mDUrxSOhOoqtC+ZSoiDa1IE=,Bsb/zwUHxgtRw4iKd6z6bKjKm5E=
31,3,kp/+mDUrxSOhOoqtC+ZSoiDa1IE=,Bsb/zwUHxgtRw4iKd6z6bKjKm5E=
31,1,kp/+mDUrxSOhOoqtC+ZSoiDa1IE=,hRisxxxdyOcntUxdfABl/XPRWE0=
31,4,kp/+mDUrxSOhOoqtC+ZSoiDa1IE=,gS0PAZmZ1k6MChy/rLHQzkEfdKE=
27,12,kp/+mDUrxSOhOoqtC+ZSoiDa1IE=,ZLov7lo0J0TsaoX/5eBQJn+S7Tg=
31,5,kp/+mDUrxSOhOoqtC+ZSoiDa1IE=,gS0PAZmZ1k6MChy/rLHQzkEfdKE=
31,6,kp/+mDUrxSOhOoqtC+ZSoiDa1IE=,kZSOp1IhB6SA+I8ZrD80YSZWDT0=
28,11,kp/+mDUrxSOhOoqtC+ZSoiDa1IE=,MGlmAjw1VX/L3Adj/HIjdBReRYA=
28,10,kp/+mDUrxSOhOoqtC+ZSoiDa1IE=,MGlmAjw1VX/L3Adj/HIjdBReRYA=
28,12,kp/+mDUrxSOhOoqtC+ZSoiDa1IE=,e1/q7yTX8jx3I8v1O31yJV2GHgY=
27,11,kp/+mDUrxSOhOoqtC+ZSoiDa1IE=,BTXC5+HVHYCvMaJhmRHFA/Vk3to=
27,9,kp/+mDUrxSOhOoqtC+ZSoiDa1IE=,uuTQUylRDUbM+GEt4qLn8F09dDA=
27,10,kp/+mDUrxSOhOoqtC+ZSoiDa1IE=,BTXC5+HVHYCvMaJhmRHFA/Vk3to=
28,9,kp/+mDUrxSOhOoqtC+ZSoiDa1IE=,YLoZD6NQyOWq8wQe1CgJn8XHm5E=
31,8,kp/+mDUrxSOhOoqtC+ZSoiDa1IE=,RjhRxb5M/fMJ4LIQx1zUKvX7voo=
31,7,kp/+mDUrxSOhOoqtC+ZSoiDa1IE=,kZSOp1IhB6SA+I8ZrD80YSZWDT0=
31,10,kp/+mDUrxSOhOoqtC+ZSoiDa1IE=,imSnO2GGKPcOP5org4eOLV1Bj/s=
31,11,kp/+mDUrxSOhOoqtC+ZSoiDa1IE=,imSnO2GGKPcOP5org4eOLV1Bj/s=
31,9,kp/+mDUrxSOhOoqtC+ZSoiDa1IE=,RjhRxb5M/fMJ4LIQx1zUKvX7voo=
31,14,kp/+mDUrxSOhOoqtC+ZSoiDa1IE=,sRo/ToWA2p4sjdK9Di7TN9BZrVs=
31,13,kp/+mDUrxSOhOoqtC+ZSoiDa1IE=,k1CfKqPFTftw8lzlOZkO3tmXOOk=
31,12,kp/+mDUrxSOhOoqtC+ZSoiDa1IE=,k1CfKqPFTftw8lzlOZkO3tmXOOk=
29,15,kp/+mDUrxSOhOoqtC+ZSoiDa1IE=,czVInMjkmOKr2+vEkBtat5WpmOM=
30,15,kp/+mDUrxSOhOoqtC+ZSoiDa1IE=,sRo/ToWA2p4sjdK9Di7TN9BZrVs=
27,15,kp/+mDUrxSOhOoqtC+ZSoiDa1IE=,Wkds4E4kKkVXtfEwnE5xbDEDcPE=
28,15,kp/+mDUrxSOhOoqtC+ZSoiDa1IE=,czVInMjkmOKr2+vEkBtat5WpmOM=
25,15,kp/+mDUrxSOhOoqtC+ZSoiDa1IE=,0nWhZ86VNPDOu+SFbnjEm8ciSMc=
26,15,kp/+mDUrxSOhOoqtC+ZSoiDa1IE=,Wkds4E4kKkVXtfEwnE5xbDEDcPE=
23,15,kp/+mDUrxSOhOoqtC+ZSoiDa1IE=,RRtWmjlStNyFrAgxMQ+S+ZZqf7s=
24,15,kp/+mDUrxSOhOoqtC+ZSoiDa1IE=,0nWhZ86VNPDOu+SFbnjEm8ciSMc=
21,15,kp/+mDUrxSOhOoqtC+ZSoiDa1IE=,sRNyOUb3YwkYJXeNKCP3ssFKgnY=
22,15,kp/+mDUrxSOhOoqtC+ZSoiDa1IE=,RRtWmjlStNyFrAgxMQ+S+ZZqf7s=
19,15,kp/+mDUrxSOhOoqtC+ZSoiDa1IE=,V0KvZQR86TBFG57QWa4l+L5trxk=
20,15,kp/+mDUrxSOhOoqtC+ZSoiDa1IE=,sRNyOUb3YwkYJXeNKCP3ssFKgnY=
26,10,kp/+mDUrxSOhOoqtC+ZSoiDa1IE=,BTXC5+HVHYCvMaJhmRHFA/Vk3to=
26,12,kp/+mDUrxSOhOoqtC+ZSoiDa1IE=,ZLov7lo0J0TsaoX/5eBQJn+S7Tg=
25,12,kp/+mDUrxSOhOoqtC+ZSoiDa1IE=,Bz4lheJGadv8nZ0+04/VwFSo3EE=
21,10,kp/+mDUrxSOhOoqtC+ZSoiDa1IE=,1HmDOEhDGHqO1TPUBduON52UWPg=
25,10,kp/+mDUrxSOhOoqtC+ZSoiDa1IE=,MNMD09z6KCF4qE3kjpbTbsXNJdE=
25,9,kp/+mDUrxSOhOoqtC+ZSoiDa1IE=,ZNcdlGz8A9O668KFz9qd4vLZoks=
24,10,kp/+mDUrxSOhOoqtC+ZSoiDa1IE=,MNMD09z6KCF4qE3kjpbTbsXNJdE=
26,11,kp/+mDUrxSOhOoqtC+ZSoiDa1IE=,BTXC5+HVHYCvMaJhmRHFA/Vk3to=
26,9,kp/+mDUrxSOhOoqtC+ZSoiDa1IE=,uuTQUylRDUbM+GEt4qLn8F09dDA=
25,11,kp/+mDUrxSOhOoqtC+ZSoiDa1IE=,MNMD09z6KCF4qE3kjpbTbsXNJdE=
22,12,kp/+mDUrxSOhOoqtC+ZSoiDa1IE=,RnyWHPaDrTSq0LCoEg3Qp+8bbnQ=
24,12,kp/+mDUrxSOhOoqtC+ZSoiDa1IE=,Bz4lheJGadv8nZ0+04/VwFSo3EE=
23,12,kp/+mDUrxSOhOoqtC+ZSoiDa1IE=,RnyWHPaDrTSq0LCoEg3Qp+8bbnQ=
21,11,kp/+mDUrxSOhOoqtC+ZSoiDa1IE=,1HmDOEhDGHqO1TPUBduON52UWPg=
22,10,kp/+mDUrxSOhOoqtC+ZSoiDa1IE=,lKXeKTNeegkg1gUZtq3BkWD5WNI=
22,9,kp/+mDUrxSOhOoqtC+ZSoiDa1IE=,xCiJsCNcy1+9U12F6Lsa/sH+DSk=
21,12,kp/+mDUrxSOhOoqtC+ZSoiDa1IE=,57h/LX/ODK5l1H7MpJmC/CojU3s=
24,9,kp/+mDUrxSOhOoqtC+ZSoiDa1IE=,ZNcdlGz8A9O668KFz9qd4vLZoks=
24,11,kp/+mDUrxSOhOoqtC+ZSoiDa1IE=,MNMD09z6KCF4qE3kjpbTbsXNJdE=
23,10,kp/+mDUrxSOhOoqtC+ZSoiDa1IE=,lKXeKTNeegkg1gUZtq3BkWD5WNI=
23,11,kp/+mDUrxSOhOoqtC+ZSoiDa1IE=,lKXeKTNeegkg1gUZtq3BkWD5WNI=
22,11,kp/+mDUrxSOhOoqtC+ZSoiDa1IE=,lKXeKTNeegkg1gUZtq3BkWD5WNI=
23,9,kp/+mDUrxSOhOoqtC+ZSoiDa1IE=,xCiJsCNcy1+9U12F6Lsa/sH+DSk=
21,9,kp/+mDUrxSOhOoqtC+ZSoiDa1IE=,zWTgZf7vpkOJ5pnX2bSlBjO+fzk=
17,14,kp/+mDUrxSOhOoqtC+ZSoiDa1IE=,XvKy0KKrJMwc5gT6Z5E3BzgfEV8=
17,13,kp/+mDUrxSOhOoqtC+ZSoiDa1IE=,qs2thtraP2KNYWe0wjdw0cySCB0=
18,13,kp/+mDUrxSOhOoqtC+ZSoiDa1IE=,wUflO4AX/48JfXWs8roswduQjuo=
18,14,kp/+mDUrxSOhOoqtC+ZSoiDa1IE=,V0KvZQR86TBFG57QWa4l+L5trxk=
18,12,kp/+mDUrxSOhOoqtC+ZSoiDa1IE=,wUflO4AX/48JfXWs8roswduQjuo=
18,11,kp/+mDUrxSOhOoqtC+ZSoiDa1IE=,wfOAOXikOHdnTrNuzU4jD65LeUU=
17,12,kp/+mDUrxSOhOoqtC+ZSoiDa1IE=,qs2thtraP2KNYWe0wjdw0cySCB0=
17,11,kp/+mDUrxSOhOoqtC+ZSoiDa1IE=,F7IRVMSXLVpnb5MK+vv7Jbj6U+I=
16,1,kp/+mDUrxSOhOoqtC+ZSoiDa1IE=,GqWbhFok6VhjBc0WM6iJx4Qu9LQ=
16,2,kp/+mDUrxSOhOoqtC+ZSoiDa1IE=,jP3mfXBsO1e+01fpaiYMp3cPMy8=
17,10,kp/+mDUrxSOhOoqtC+ZSoiDa1IE=,F7IRVMSXLVpnb5MK+vv7Jbj6U+I=
17,0,kp/+mDUrxSOhOoqtC+ZSoiDa1IE=,GqWbhFok6VhjBc0WM6iJx4Qu9LQ=
16,7,kp/+mDUrxSOhOoqtC+ZSoiDa1IE=,u3KCdLHXV1bzeKWOne7wAwG6AHA=
18,0,kp/+mDUrxSOhOoqtC+ZSoiDa1IE=,Pj6+M7MUTR1q6qWeFIgQhdP9+Ig=
19,0,kp/+mDUrxSOhOoqtC+ZSoiDa1IE=,Pj6+M7MUTR1q6qWeFIgQhdP9+Ig=
20,0,kp/+mDUrxSOhOoqtC+ZSoiDa1IE=,CN2adid12BnnCPsaKruLtWL7Jro=
16,9,kp/+mDUrxSOhOoqtC+ZSoiDa1IE=,XYGf2itcf8QFH0U+nlRzJ0FfzsM=
18,9,kp/+mDUrxSOhOoqtC+ZSoiDa1IE=,cBR4uWZoyge23lrC3OfciDqD/30=
22,0,kp/+mDUrxSOhOoqtC+ZSoiDa1IE=,7qiUGZICZTWjgyZ0fJZxYlXy7Ds=
17,9,kp/+mDUrxSOhOoqtC+ZSoiDa1IE=,XYGf2itcf8QFH0U+nlRzJ0FfzsM=
17,8,kp/+mDUrxSOhOoqtC+ZSoiDa1IE=,XYGf2itcf8QFH0U+nlRzJ0FfzsM=
16,10,kp/+mDUrxSOhOoqtC+ZSoiDa1IE=,F7IRVMSXLVpnb5MK+vv7Jbj6U+I=
21,0,kp/+mDUrxSOhOoqtC+ZSoiDa1IE=,CN2adid12BnnCPsaKruLtWL7Jro=
24,0,kp/+mDUrxSOhOoqtC+ZSoiDa1IE=,OyuYrODKyKihwaclxgDOckgZrgU=
23,0,kp/+mDUrxSOhOoqtC+ZSoiDa1IE=,7qiUGZICZTWjgyZ0fJZxYlXy7Ds=
17,7,kp/+mDUrxSOhOoqtC+ZSoiDa1IE=,u3KCdLHXV1bzeKWOne7wAwG6AHA=
18,4,kp/+mDUrxSOhOoqtC+ZSoiDa1IE=,qLfUQdEONni4EF6sxw5sMfoqhx8=
16,5,kp/+mDUrxSOhOoqtC+ZSoiDa1IE=,U9RF5RlpDD0dYqF+jz0Z9v63V9g=
17,6,kp/+mDUrxSOhOoqtC+ZSoiDa1IE=,u3KCdLHXV1bzeKWOne7wAwG6AHA=
18,7,kp/+mDUrxSOhOoqtC+ZSoiDa1IE=,KXvSZfcRaLvsGc2kihCLS+YuaWQ=
17,5,kp/+mDUrxSOhOoqtC+ZSoiDa1IE=,U9RF5RlpDD0dYqF+jz0Z9v63V9g=
17,3,kp/+mDUrxSOhOoqtC+ZSoiDa1IE=,jP3mfXBsO1e+01fpaiYMp3cPMy8=
18,10,kp/+mDUrxSOhOoqtC+ZSoiDa1IE=,wfOAOXikOHdnTrNuzU4jD65LeUU=
16,8,kp/+mDUrxSOhOoqtC+ZSoiDa1IE=,XYGf2itcf8QFH0U+nlRzJ0FfzsM=
18,6,kp/+mDUrxSOhOoqtC+ZSoiDa1IE=,KXvSZfcRaLvsGc2kihCLS+YuaWQ=
18,5,kp/+mDUrxSOhOoqtC+ZSoiDa1IE=,qLfUQdEONni4EF6sxw5sMfoqhx8=
16,4,kp/+mDUrxSOhOoqtC+ZSoiDa1IE=,U9RF5RlpDD0dYqF+jz0Z9v63V9g=
18,8,kp/+mDUrxSOhOoqtC+ZSoiDa1IE=,cBR4uWZoyge23lrC3OfciDqD/30=
18,3,kp/+mDUrxSOhOoqtC+ZSoiDa1IE=,xD8UNaxnrawwcFe7UshJQ7c70NY=
16,6,kp/+mDUrxSOhOoqtC+ZSoiDa1IE=,u3KCdLHXV1bzeKWOne7wAwG6AHA=
16,3,kp/+mDUrxSOhOoqtC+ZSoiDa1IE=,jP3mfXBsO1e+01fpaiYMp3cPMy8=
17,4,kp/+mDUrxSOhOoqtC+ZSoiDa1IE=,U9RF5RlpDD0dYqF+jz0Z9v63V9g=
31,15,kp/+mDUrxSOhOoqtC+ZSoiDa1IE=,sRo/ToWA2p4sjdK9Di7TN9BZrVs=
30,0,kp/+mDUrxSOhOoqtC+ZSoiDa1IE=,hRisxxxdyOcntUxdfABl/XPRWE0=
28,0,kp/+mDUrxSOhOoqtC+ZSoiDa1IE=,pks1fB2Y4l7wHLcCg8EQwUk+AhI=
29,0,kp/+mDUrxSOhOoqtC+ZSoiDa1IE=,pks1fB2Y4l7wHLcCg8EQwUk+AhI=
25,0,kp/+mDUrxSOhOoqtC+ZSoiDa1IE=,OyuYrODKyKihwaclxgDOckgZrgU=
26,0,kp/+mDUrxSOhOoqtC+ZSoiDa1IE=,XNPLlC1/kfGg+1OPCDck9vW5Ok4=
16,12,kp/+mDUrxSOhOoqtC+ZSoiDa1IE=,qs2thtraP2KNYWe0wjdw0cySCB0=
16,13,kp/+mDUrxSOhOoqtC+ZSoiDa1IE=,qs2thtraP2KNYWe0wjdw0cySCB0=
27,0,kp/+mDUrxSOhOoqtC+ZSoiDa1IE=,XNPLlC1/kfGg+1OPCDck9vW5Ok4=
31,0,kp/+mDUrxSOhOoqtC+ZSoiDa1IE=,hRisxxxdyOcntUxdfABl/XPRWE0=
16,14,kp/+mDUrxSOhOoqtC+ZSoiDa1IE=,XvKy0KKrJMwc5gT6Z5E3BzgfEV8=
16,11,kp/+mDUrxSOhOoqtC+ZSoiDa1IE=,F7IRVMSXLVpnb5MK+vv7Jbj6U+I=
17,15,kp/+mDUrxSOhOoqtC+ZSoiDa1IE=,XvKy0KKrJMwc5gT6Z5E3BzgfEV8=
16,0,kp/+mDUrxSOhOoqtC+ZSoiDa1IE=,GqWbhFok6VhjBc0WM6iJx4Qu9LQ=
16,15,kp/+mDUrxSOhOoqtC+ZSoiDa1IE=,XvKy0KKrJMwc5gT6Z5E3BzgfEV8=
18,15,kp/+mDUrxSOhOoqtC+ZSoiDa1IE=,V0KvZQR86TBFG57QWa4l+L5trxk=
21,5,kp/+mDUrxSOhOoqtC+ZSoiDa1IE=,PKPOppMk2q/ht+1E4IJvYB17nio=
22,5,kp/+mDUrxSOhOoqtC+ZSoiDa1IE=,QUFOA9eQEh33E2E/F6iVd7UmHmw=
21,4,kp/+mDUrxSOhOoqtC+ZSoiDa1IE=,PKPOppMk2q/ht+1E4IJvYB17nio=
22,3,kp/+mDUrxSOhOoqtC+ZSoiDa1IE=,dA/obpiNlv0/sC4DexrB7T52LC0=
22,6,kp/+mDUrxSOhOoqtC+ZSoiDa1IE=,WKrxrHY9OV/iu4dstXhHKnT3aV0=
21,3,kp/+mDUrxSOhOoqtC+ZSoiDa1IE=,nqZ6vk7PIO710j8zRGv9w0we1FU=
21,6,kp/+mDUrxSOhOoqtC+ZSoiDa1IE=,6AeOWCaMw6wRqcR22aihn2jJLKA=
22,4,kp/+mDUrxSOhOoqtC+ZSoiDa1IE=,QUFOA9eQEh33E2E/F6iVd7UmHmw=
25,5,kp/+mDUrxSOhOoqtC+ZSoiDa1IE=,zT3wpSmFoYWuRI4sb6y6B9kzuCE=
24,6,kp/+mDUrxSOhOoqtC+ZSoiDa1IE=,TJR/r4Vwc08xmfie55noGg8d/2M=
24,5,kp/+mDUrxSOhOoqtC+ZSoiDa1IE=,zT3wpSmFoYWuRI4sb6y6B9kzuCE=
26,5,kp/+mDUrxSOhOoqtC+ZSoiDa1IE=,9AxLnVTW3Nzx2fG3lb4eS1WNSDI=
25,3,kp/+mDUrxSOhOoqtC+ZSoiDa1IE=,GiN31Q6/TONwokzu1oJVcarraOs=
23,4,kp/+mDUrxSOhOoqtC+ZSoiDa1IE=,QUFOA9eQEh33E2E/F6iVd7UmHmw=
23,6,kp/+mDUrxSOhOoqtC+ZSoiDa1IE=,WKrxrHY9OV/iu4dstXhHKnT3aV0=
24,3,kp/+mDUrxSOhOoqtC+ZSoiDa1IE=,GiN31Q6/TONwokzu1oJVcarraOs=
26,3,kp/+mDUrxSOhOoqtC+ZSoiDa1IE=,97GenRiTFxwnGSt7vk6HGLf5U5U=
23,5,kp/+mDUrxSOhOoqtC+ZSoiDa1IE=,QUFOA9eQEh33E2E/F6iVd7UmHmw=
26,4,kp/+mDUrxSOhOoqtC+ZSoiDa1IE=,9AxLnVTW3Nzx2fG3lb4eS1WNSDI=
25,6,kp/+mDUrxSOhOoqtC+ZSoiDa1IE=,TJR/r4Vwc08xmfie55noGg8d/2M=
25,4,kp/+mDUrxSOhOoqtC+ZSoiDa1IE=,zT3wpSmFoYWuRI4sb6y6B9kzuCE=
24,4,kp/+mDUrxSOhOoqtC+ZSoiDa1IE=,zT3wpSmFoYWuRI4sb6y6B9kzuCE=
26,6,kp/+mDUrxSOhOoqtC+ZSoiDa1IE=,Wba52Icji4Coq8gVGoHpXc3UhI0=
23,3,kp/+mDUrxSOhOoqtC+ZSoiDa1IE=,dA/obpiNlv0/sC4DexrB7T52LC0=
