49,-13,KwERC4u6QDVRlFwkJ/emZRuGhgA=,FBhODD3/UFfvhMlC84Dm68G77xU=
50,-12,KwERC4u6QDVRlFwkJ/emZRuGhgA=,waztPv4QnXl9NSwbiOOSBjT+8RA=
50,-13,KwERC4u6QDVRlFwkJ/emZRuGhgA=,m54EOlb8CShbwiCBU0dXpLyT4So=
49,-12,KwERC4u6QDVRlFwkJ/emZRuGhgA=,pvnAynxKciwuOvMGXsPez6MNwTw=
49,-11,KwERC4u6QDVRlFwkJ/emZRuGhgA=,pvnAynxKciwuOvMGXsPez6MNwTw=
50,-11,KwERC4u6QDVRlFwkJ/emZRuGhgA=,waztPv4QnXl9NSwbiOOSBjT+8RA=
50,-10,KwERC4u6QDVRlFwkJ/emZRuGhgA=,u7eU4Exaa1yAsqq5mwZ4ZwgvRsI=
50,-9,KwERC4u6QDVRlFwkJ/emZRuGhgA=,u7eU4Exaa1yAsqq5mwZ4ZwgvRsI=
50,-8,KwERC4u6QDVRlFwkJ/emZRuGhgA=,uUHWNlnKu2pmWvc7u378D66u+po=
49,-8,KwERC4u6QDVRlFwkJ/emZRuGhgA=,NKuIJNj5NLUpSjJdSWqGg38ljgM=
49,-9,KwERC4u6QDVRlFwkJ/emZRuGhgA=,a1cFWZQqM4X27Z87Tx/L0pfvO2E=
49,-10,KwERC4u6QDVRlFwkJ/emZRuGhgA=,a1cFWZQqM4X27Z87Tx/L0pfvO2E=
50,-7,KwERC4u6QDVRlFwkJ/emZRuGhgA=,uUHWNlnKu2pmWvc7u378D66u+po=
49,-6,KwERC4u6QDVRlFwkJ/emZRuGhgA=,5jVL1ggqRvDNWkuaw46d+HLkEIY=
49,-7,KwERC4u6QDVRlFwkJ/emZRuGhgA=,NKuIJNj5NLUpSjJdSWqGg38ljgM=
50,-6,KwERC4u6QDVRlFwkJ/emZRuGhgA=,WlbNn867WQtgFJPt2N8wg3+E2io=
50,-4,KwERC4u6QDVRlFwkJ/emZRuGhgA=,KdHXT+wDrGZcuRe6jpoti+PYiQs=
49,-4,KwERC4u6QDVRlFwkJ/emZRuGhgA=,/MI7cv+4DQpCLHOsvcuiL4EQj0k=
50,-5,KwERC4u6QDVRlFwkJ/emZRuGhgA=,WlbNn867WQtgFJPt2N8wg3+E2io=
49,-5,KwERC4u6QDVRlFwkJ/emZRuGhgA=,5jVL1ggqRvDNWkuaw46d+HLkEIY=
51,-13,KwERC4u6QDVRlFwkJ/emZRuGhgA=,m54EOlb8CShbwiCBU0dXpLyT4So=
51,-12,KwERC4u6QDVRlFwkJ/emZRuGhgA=,waztPv4QnXl9NSwbiOOSBjT+8RA=
51,-10,KwERC4u6QDVRlFwkJ/emZRuGhgA=,u7eU4Exaa1yAsqq5mwZ4ZwgvRsI=
51,-11,KwERC4u6QDVRlFwkJ/emZRuGhgA=,waztPv4QnXl9NSwbiOOSBjT+8RA=
51,-9,KwERC4u6QDVRlFwkJ/emZRuGhgA=,u7eU4Exaa1yAsqq5mwZ4ZwgvRsI=
51,-8,KwERC4u6QDVRlFwkJ/emZRuGhgA=,uUHWNlnKu2pmWvc7u378D66u+po=
51,-6,KwERC4u6QDVRlFwkJ/emZRuGhgA=,WlbNn867WQtgFJPt2N8wg3+E2io=
51,-4,KwERC4u6QDVRlFwkJ/emZRuGhgA=,KdHXT+wDrGZcuRe6jpoti+PYiQs=
51,-5,KwERC4u6QDVRlFwkJ/emZRuGhgA=,WlbNn867WQtgFJPt2N8wg3+E2io=
51,-7,KwERC4u6QDVRlFwkJ/emZRuGhgA=,uUHWNlnKu2pmWvc7u378D66u+po=
51,-2,KwERC4u6QDVRlFwkJ/emZRuGhgA=,6w+HxbY9pKuz5KodpCHmBsByp0o=
48,-2,KwERC4u6QDVRlFwkJ/emZRuGhgA=,H9W9lsjS11+PPDohwOqhm91LZEo=
50,-1,KwERC4u6QDVRlFwkJ/emZRuGhgA=,6w+HxbY9pKuz5KodpCHmBsByp0o=
49,-2,KwERC4u6QDVRlFwkJ/emZRuGhgA=,H9W9lsjS11+PPDohwOqhm91LZEo=
48,-3,KwERC4u6QDVRlFwkJ/emZRuGhgA=,/MI7cv+4DQpCLHOsvcuiL4EQj0k=
50,-2,KwERC4u6QDVRlFwkJ/emZRuGhgA=,6w+HxbY9pKuz5KodpCHmBsByp0o=
48,-1,KwERC4u6QDVRlFwkJ/emZRuGhgA=,H9W9lsjS11+PPDohwOqhm91LZEo=
50,-3,KwERC4u6QDVRlFwkJ/emZRuGhgA=,KdHXT+wDrGZcuRe6jpoti+PYiQs=
49,-3,KwERC4u6QDVRlFwkJ/emZRuGhgA=,/MI7cv+4DQpCLHOsvcuiL4EQj0k=
51,-3,KwERC4u6QDVRlFwkJ/emZRuGhgA=,KdHXT+wDrGZcuRe6jpoti+PYiQs=
49,-1,KwERC4u6QDVRlFwkJ/emZRuGhgA=,H9W9lsjS11+PPDohwOqhm91LZEo=
48,-12,KwERC4u6QDVRlFwkJ/emZRuGhgA=,pvnAynxKciwuOvMGXsPez6MNwTw=
51,-1,KwERC4u6QDVRlFwkJ/emZRuGhgA=,6w+HxbY9pKuz5KodpCHmBsByp0o=
48,-10,KwERC4u6QDVRlFwkJ/emZRuGhgA=,a1cFWZQqM4X27Z87Tx/L0pfvO2E=
51,-14,KwERC4u6QDVRlFwkJ/emZRuGhgA=,m54EOlb8CShbwiCBU0dXpLyT4So=
48,-11,KwERC4u6QDVRlFwkJ/emZRuGhgA=,pvnAynxKciwuOvMGXsPez6MNwTw=
48,-13,KwERC4u6QDVRlFwkJ/emZRuGhgA=,FBhODD3/UFfvhMlC84Dm68G77xU=
50,-14,KwERC4u6QDVRlFwkJ/emZRuGhgA=,m54EOlb8CShbwiCBU0dXpLyT4So=
48,-14,KwERC4u6QDVRlFwkJ/emZRuGhgA=,FBhODD3/UFfvhMlC84Dm68G77xU=
49,-14,KwERC4u6QDVRlFwkJ/emZRuGhgA=,FBhODD3/UFfvhMlC84Dm68G77xU=
48,-5,KwERC4u6QDVRlFwkJ/emZRuGhgA=,5jVL1ggqRvDNWkuaw46d+HLkEIY=
48,-9,KwERC4u6QDVRlFwkJ/emZRuGhgA=,a1cFWZQqM4X27Z87Tx/L0pfvO2E=
48,-4,KwERC4u6QDVRlFwkJ/emZRuGhgA=,/MI7cv+4DQpCLHOsvcuiL4EQj0k=
48,-8,KwERC4u6QDVRlFwkJ/emZRuGhgA=,NKuIJNj5NLUpSjJdSWqGg38ljgM=
48,-6,KwERC4u6QDVRlFwkJ/emZRuGhgA=,5jVL1ggqRvDNWkuaw46d+HLkEIY=
48,-7,KwERC4u6QDVRlFwkJ/emZRuGhgA=,NKuIJNj5NLUpSjJdSWqGg38ljgM=
51,-15,KwERC4u6QDVRlFwkJ/emZRuGhgA=,Ng6lQjNKyZa69K6vJQXuTFudNGU=
49,-16,KwERC4u6QDVRlFwkJ/emZRuGhgA=,ipCmEx4b1aAVtisOnbjekIM5hOs=
50,-15,KwERC4u6QDVRlFwkJ/emZRuGhgA=,Ng6lQjNKyZa69K6vJQXuTFudNGU=
48,-15,KwERC4u6QDVRlFwkJ/emZRuGhgA=,ipCmEx4b1aAVtisOnbjekIM5hOs=
49,-15,KwERC4u6QDVRlFwkJ/emZRuGhgA=,ipCmEx4b1aAVtisOnbjekIM5hOs=
48,-16,KwERC4u6QDVRlFwkJ/emZRuGhgA=,ipCmEx4b1aAVtisOnbjekIM5hOs=
50,-16,KwERC4u6QDVRlFwkJ/emZRuGhgA=,Ng6lQjNKyZa69K6vJQXuTFudNGU=
51,-16,KwERC4u6QDVRlFwkJ/emZRuGhgA=,Ng6lQjNKyZa69K6vJQXuTFudNGU=
49,-25,KwERC4u6QDVRlFwkJ/emZRuGhgA=,l+X4G79wozT0z92HXSSpsqixntA=
50,-25,KwERC4u6QDVRlFwkJ/emZRuGhgA=,X/8X4329Pynn1ErsHLQiZyR5hvk=
49,-24,KwERC4u6QDVRlFwkJ/emZRuGhgA=,yrm1/WmG2mrBgH71eB/G8jNhkQI=
50,-24,KwERC4u6QDVRlFwkJ/emZRuGhgA=,/NLfGPosmG3XbscNworOYPiqnGo=
49,-20,KwERC4u6QDVRlFwkJ/emZRuGhgA=,Mt+MZiVR/F6S0Pj2kXqHClf3WY4=
50,-20,KwERC4u6QDVRlFwkJ/emZRuGhgA=,Bxzh/Ts6bE48l1ILUQhZV2rWMtc=
50,-23,KwERC4u6QDVRlFwkJ/emZRuGhgA=,/NLfGPosmG3XbscNworOYPiqnGo=
50,-22,KwERC4u6QDVRlFwkJ/emZRuGhgA=,DiLVl5BkN9FgZFn3jz9ucMOExpc=
49,-22,KwERC4u6QDVRlFwkJ/emZRuGhgA=,J+hqDBCLjBkP5MRL/LKygUlrx4E=
51,-21,KwERC4u6QDVRlFwkJ/emZRuGhgA=,DiLVl5BkN9FgZFn3jz9ucMOExpc=
49,-23,KwERC4u6QDVRlFwkJ/emZRuGhgA=,yrm1/WmG2mrBgH71eB/G8jNhkQI=
49,-21,KwERC4u6QDVRlFwkJ/emZRuGhgA=,J+hqDBCLjBkP5MRL/LKygUlrx4E=
51,-20,KwERC4u6QDVRlFwkJ/emZRuGhgA=,Bxzh/Ts6bE48l1ILUQhZV2rWMtc=
50,-21,KwERC4u6QDVRlFwkJ/emZRuGhgA=,DiLVl5BkN9FgZFn3jz9ucMOExpc=
48,-23,KwERC4u6QDVRlFwkJ/emZRuGhgA=,yrm1/WmG2mrBgH71eB/G8jNhkQI=
48,-21,KwERC4u6QDVRlFwkJ/emZRuGhgA=,J+hqDBCLjBkP5MRL/LKygUlrx4E=
48,-20,KwERC4u6QDVRlFwkJ/emZRuGhgA=,Mt+MZiVR/F6S0Pj2kXqHClf3WY4=
48,-22,KwERC4u6QDVRlFwkJ/emZRuGhgA=,J+hqDBCLjBkP5MRL/LKygUlrx4E=
48,-25,KwERC4u6QDVRlFwkJ/emZRuGhgA=,l+X4G79wozT0z92HXSSpsqixntA=
48,-24,KwERC4u6QDVRlFwkJ/emZRuGhgA=,yrm1/WmG2mrBgH71eB/G8jNhkQI=
51,-19,KwERC4u6QDVRlFwkJ/emZRuGhgA=,Bxzh/Ts6bE48l1ILUQhZV2rWMtc=
51,-18,KwERC4u6QDVRlFwkJ/emZRuGhgA=,vBZx1UsMms4mdI1yYCHvq3L49gM=
48,-18,KwERC4u6QDVRlFwkJ/emZRuGhgA=,ngubzBSIFobRxMRfuNwW8t7b6xM=
50,-17,KwERC4u6QDVRlFwkJ/emZRuGhgA=,vBZx1UsMms4mdI1yYCHvq3L49gM=
49,-18,KwERC4u6QDVRlFwkJ/emZRuGhgA=,ngubzBSIFobRxMRfuNwW8t7b6xM=
50,-18,KwERC4u6QDVRlFwkJ/emZRuGhgA=,vBZx1UsMms4mdI1yYCHvq3L49gM=
50,-19,KwERC4u6QDVRlFwkJ/emZRuGhgA=,Bxzh/Ts6bE48l1ILUQhZV2rWMtc=
49,-17,KwERC4u6QDVRlFwkJ/emZRuGhgA=,ngubzBSIFobRxMRfuNwW8t7b6xM=
49,-19,KwERC4u6QDVRlFwkJ/emZRuGhgA=,Mt+MZiVR/F6S0Pj2kXqHClf3WY4=
48,-19,KwERC4u6QDVRlFwkJ/emZRuGhgA=,Mt+MZiVR/F6S0Pj2kXqHClf3WY4=
51,-25,KwERC4u6QDVRlFwkJ/emZRuGhgA=,X/8X4329Pynn1ErsHLQiZyR5hvk=
51,-22,KwERC4u6QDVRlFwkJ/emZRuGhgA=,DiLVl5BkN9FgZFn3jz9ucMOExpc=
51,-24,KwERC4u6QDVRlFwkJ/emZRuGhgA=,/NLfGPosmG3XbscNworOYPiqnGo=
51,-17,KwERC4u6QDVRlFwkJ/emZRuGhgA=,vBZx1UsMms4mdI1yYCHvq3L49gM=
51,-23,KwERC4u6QDVRlFwkJ/emZRuGhgA=,/NLfGPosmG3XbscNworOYPiqnGo=
48,-17,KwERC4u6QDVRlFwkJ/emZRuGhgA=,ngubzBSIFobRxMRfuNwW8t7b6xM=
48,-26,KwERC4u6QDVRlFwkJ/emZRuGhgA=,l+X4G79wozT0z92HXSSpsqixntA=
49,-26,KwERC4u6QDVRlFwkJ/emZRuGhgA=,l+X4G79wozT0z92HXSSpsqixntA=
51,-26,KwERC4u6QDVRlFwkJ/emZRuGhgA=,X/8X4329Pynn1ErsHLQiZyR5hvk=
50,-26,KwERC4u6QDVRlFwkJ/emZRuGhgA=,X/8X4329Pynn1ErsHLQiZyR5hvk=
50,-27,KwERC4u6QDVRlFwkJ/emZRuGhgA=,eCD+pZzS9jL6j4w+scDljA8Vkdo=
51,-28,KwERC4u6QDVRlFwkJ/emZRuGhgA=,eCD+pZzS9jL6j4w+scDljA8Vkdo=
48,-28,KwERC4u6QDVRlFwkJ/emZRuGhgA=,DznExWAo/9mL6QSC1ZORx3JNzhU=
50,-28,KwERC4u6QDVRlFwkJ/emZRuGhgA=,eCD+pZzS9jL6j4w+scDljA8Vkdo=
48,-27,KwERC4u6QDVRlFwkJ/emZRuGhgA=,DznExWAo/9mL6QSC1ZORx3JNzhU=
51,-27,KwERC4u6QDVRlFwkJ/emZRuGhgA=,eCD+pZzS9jL6j4w+scDljA8Vkdo=
49,-28,KwERC4u6QDVRlFwkJ/emZRuGhgA=,DznExWAo/9mL6QSC1ZORx3JNzhU=
49,-27,KwERC4u6QDVRlFwkJ/emZRuGhgA=,DznExWAo/9mL6QSC1ZORx3JNzhU=
46,-18,IpWUrBf35UGNF5gTpKJ2OARoEYI=,dGswWnRhEHxt+XwxahSjqzzz9M0=
46,-19,IpWUrBf35UGNF5gTpKJ2OARoEYI=,PfPTtGoTks2wutqQJQ7w/Jqu2Hs=
45,-18,IpWUrBf35UGNF5gTpKJ2OARoEYI=,9zggQ3F4ZVr8J65s33PvdNhousI=
45,-19,IpWUrBf35UGNF5gTpKJ2OARoEYI=,Nv648JjfsY0/Wgh2ov4CzqrLJKw=
46,-21,IpWUrBf35UGNF5gTpKJ2OARoEYI=,EVctklxoEJBK0Vte4rLxpY62+Ho=
45,-20,IpWUrBf35UGNF5gTpKJ2OARoEYI=,Nv648JjfsY0/Wgh2ov4CzqrLJKw=
46,-20,IpWUrBf35UGNF5gTpKJ2OARoEYI=,PfPTtGoTks2wutqQJQ7w/Jqu2Hs=
45,-21,IpWUrBf35UGNF5gTpKJ2OARoEYI=,+mEK6FKx1EWLeC98VORHL//PawE=
46,-22,IpWUrBf35UGNF5gTpKJ2OARoEYI=,EVctklxoEJBK0Vte4rLxpY62+Ho=
45,-23,IpWUrBf35UGNF5gTpKJ2OARoEYI=,YHgfbXgtmUxu+DtbMCv1dkQC03Y=
45,-22,IpWUrBf35UGNF5gTpKJ2OARoEYI=,+mEK6FKx1EWLeC98VORHL//PawE=
46,-23,IpWUrBf35UGNF5gTpKJ2OARoEYI=,CjNpneTd/1Pj6dwA8rzCO74NRFo=
43,-23,IpWUrBf35UGNF5gTpKJ2OARoEYI=,7pIgORbBAJRxq33X/B3xbYP9y+A=
44,-22,IpWUrBf35UGNF5gTpKJ2OARoEYI=,+mEK6FKx1EWLeC98VORHL//PawE=
44,-23,IpWUrBf35UGNF5gTpKJ2OARoEYI=,YHgfbXgtmUxu+DtbMCv1dkQC03Y=
43,-22,IpWUrBf35UGNF5gTpKJ2OARoEYI=,Tow7+KHGH1+WWXetEoDK+KX/0sE=
44,-20,IpWUrBf35UGNF5gTpKJ2OARoEYI=,Nv648JjfsY0/Wgh2ov4CzqrLJKw=
43,-21,IpWUrBf35UGNF5gTpKJ2OARoEYI=,Tow7+KHGH1+WWXetEoDK+KX/0sE=
44,-21,IpWUrBf35UGNF5gTpKJ2OARoEYI=,+mEK6FKx1EWLeC98VORHL//PawE=
43,-20,IpWUrBf35UGNF5gTpKJ2OARoEYI=,5xL0hLhOIqErX3L0BIt0nhg4LQU=
45,-25,IpWUrBf35UGNF5gTpKJ2OARoEYI=,Y4T8oZfbg1u8XMFJQ4H+VBXwCX4=
46,-25,IpWUrBf35UGNF5gTpKJ2OARoEYI=,90iEvUPYitbOULtkhyl+DDKIPZw=
43,-25,IpWUrBf35UGNF5gTpKJ2OARoEYI=,UBMThUI8JApTUSbvZfvvizijMK4=
44,-25,IpWUrBf35UGNF5gTpKJ2OARoEYI=,Y4T8oZfbg1u8XMFJQ4H+VBXwCX4=
46,-24,IpWUrBf35UGNF5gTpKJ2OARoEYI=,CjNpneTd/1Pj6dwA8rzCO74NRFo=
45,-24,IpWUrBf35UGNF5gTpKJ2OARoEYI=,YHgfbXgtmUxu+DtbMCv1dkQC03Y=
43,-24,IpWUrBf35UGNF5gTpKJ2OARoEYI=,7pIgORbBAJRxq33X/B3xbYP9y+A=
44,-24,IpWUrBf35UGNF5gTpKJ2OARoEYI=,YHgfbXgtmUxu+DtbMCv1dkQC03Y=
44,-27,IpWUrBf35UGNF5gTpKJ2OARoEYI=,vK++Phg+JtVS9oXa9bmXcdJ8UN8=
43,-27,IpWUrBf35UGNF5gTpKJ2OARoEYI=,kf1/SCm5UNtnw8wNwNiaJnuIa48=
44,-26,IpWUrBf35UGNF5gTpKJ2OARoEYI=,Y4T8oZfbg1u8XMFJQ4H+VBXwCX4=
43,-26,IpWUrBf35UGNF5gTpKJ2OARoEYI=,UBMThUI8JApTUSbvZfvvizijMK4=
46,-27,IpWUrBf35UGNF5gTpKJ2OARoEYI=,9Pvi0zGXxvjbeVur2JhvMUI87go=
45,-26,IpWUrBf35UGNF5gTpKJ2OARoEYI=,Y4T8oZfbg1u8XMFJQ4H+VBXwCX4=
45,-27,IpWUrBf35UGNF5gTpKJ2OARoEYI=,vK++Phg+JtVS9oXa9bmXcdJ8UN8=
46,-26,IpWUrBf35UGNF5gTpKJ2OARoEYI=,90iEvUPYitbOULtkhyl+DDKIPZw=
42,-26,IpWUrBf35UGNF5gTpKJ2OARoEYI=,UBMThUI8JApTUSbvZfvvizijMK4=
41,-26,IpWUrBf35UGNF5gTpKJ2OARoEYI=,0KdWJlJZoMLi/u5Y7zajMLJGTfA=
41,-27,IpWUrBf35UGNF5gTpKJ2OARoEYI=,jHWSseqMIpyEN7ZoDzg0MzrZ1eQ=
42,-27,IpWUrBf35UGNF5gTpKJ2OARoEYI=,kf1/SCm5UNtnw8wNwNiaJnuIa48=
40,-26,IpWUrBf35UGNF5gTpKJ2OARoEYI=,0KdWJlJZoMLi/u5Y7zajMLJGTfA=
39,-26,IpWUrBf35UGNF5gTpKJ2OARoEYI=,YXw+bkOS69fYv9AQxsizY2+ANC4=
39,-27,IpWUrBf35UGNF5gTpKJ2OARoEYI=,zyQjxmi71X33FtOSoOLbT+AbHYQ=
40,-27,IpWUrBf35UGNF5gTpKJ2OARoEYI=,jHWSseqMIpyEN7ZoDzg0MzrZ1eQ=
38,-26,IpWUrBf35UGNF5gTpKJ2OARoEYI=,YXw+bkOS69fYv9AQxsizY2+ANC4=
37,-26,IpWUrBf35UGNF5gTpKJ2OARoEYI=,eJjbfA26Vk4SX70AIVkgy/2Mewc=
38,-27,IpWUrBf35UGNF5gTpKJ2OARoEYI=,zyQjxmi71X33FtOSoOLbT+AbHYQ=
37,-27,IpWUrBf35UGNF5gTpKJ2OARoEYI=,i0+8HAMcqX57WvUH/IESwARI0dE=
36,-26,IpWUrBf35UGNF5gTpKJ2OARoEYI=,eJjbfA26Vk4SX70AIVkgy/2Mewc=
35,-26,IpWUrBf35UGNF5gTpKJ2OARoEYI=,wFV2KDk7NotUa9F8YNoFS6luq+Y=
36,-27,IpWUrBf35UGNF5gTpKJ2OARoEYI=,i0+8HAMcqX57WvUH/IESwARI0dE=
35,-27,IpWUrBf35UGNF5gTpKJ2OARoEYI=,AexMnx+BXGnRJYf8BpYWBgxDMCk=
33,-20,IpWUrBf35UGNF5gTpKJ2OARoEYI=,X5bDc3DR+WwOQxk07XzSg1BbJjg=
34,-20,IpWUrBf35UGNF5gTpKJ2OARoEYI=,PYhdGDCdvdRZ083a/nfRhwVioLw=
33,-21,IpWUrBf35UGNF5gTpKJ2OARoEYI=,fhDdJIA2SKBg++NiTZO+03cuyOY=
34,-21,IpWUrBf35UGNF5gTpKJ2OARoEYI=,kwVWrzCwaSSWg6TUwqqMgg9XfqM=
34,-18,IpWUrBf35UGNF5gTpKJ2OARoEYI=,S2fyh2io/ppMJ76iQMp2ut6Cgyk=
33,-19,IpWUrBf35UGNF5gTpKJ2OARoEYI=,X5bDc3DR+WwOQxk07XzSg1BbJjg=
33,-18,IpWUrBf35UGNF5gTpKJ2OARoEYI=,X8SWlbD01ZqLZv2jQRWLMtYYQSE=
34,-19,IpWUrBf35UGNF5gTpKJ2OARoEYI=,PYhdGDCdvdRZ083a/nfRhwVioLw=
32,-21,IpWUrBf35UGNF5gTpKJ2OARoEYI=,fhDdJIA2SKBg++NiTZO+03cuyOY=
32,-20,IpWUrBf35UGNF5gTpKJ2OARoEYI=,X5bDc3DR+WwOQxk07XzSg1BbJjg=
32,-18,IpWUrBf35UGNF5gTpKJ2OARoEYI=,X8SWlbD01ZqLZv2jQRWLMtYYQSE=
33,-25,IpWUrBf35UGNF5gTpKJ2OARoEYI=,duKGx3H+DbU2bEr3v6wNLxxv0/s=
32,-25,IpWUrBf35UGNF5gTpKJ2OARoEYI=,duKGx3H+DbU2bEr3v6wNLxxv0/s=
34,-25,IpWUrBf35UGNF5gTpKJ2OARoEYI=,wFV2KDk7NotUa9F8YNoFS6luq+Y=
34,-26,IpWUrBf35UGNF5gTpKJ2OARoEYI=,wFV2KDk7NotUa9F8YNoFS6luq+Y=
34,-28,IpWUrBf35UGNF5gTpKJ2OARoEYI=,AexMnx+BXGnRJYf8BpYWBgxDMCk=
34,-27,IpWUrBf35UGNF5gTpKJ2OARoEYI=,AexMnx+BXGnRJYf8BpYWBgxDMCk=
32,-28,IpWUrBf35UGNF5gTpKJ2OARoEYI=,aAyfAGDApraFkwbZwjF0nY6Lr8M=
33,-28,IpWUrBf35UGNF5gTpKJ2OARoEYI=,aAyfAGDApraFkwbZwjF0nY6Lr8M=
32,-27,IpWUrBf35UGNF5gTpKJ2OARoEYI=,aAyfAGDApraFkwbZwjF0nY6Lr8M=
33,-27,IpWUrBf35UGNF5gTpKJ2OARoEYI=,aAyfAGDApraFkwbZwjF0nY6Lr8M=
32,-26,IpWUrBf35UGNF5gTpKJ2OARoEYI=,duKGx3H+DbU2bEr3v6wNLxxv0/s=
33,-26,IpWUrBf35UGNF5gTpKJ2OARoEYI=,duKGx3H+DbU2bEr3v6wNLxxv0/s=
32,-22,IpWUrBf35UGNF5gTpKJ2OARoEYI=,fhDdJIA2SKBg++NiTZO+03cuyOY=
33,-22,IpWUrBf35UGNF5gTpKJ2OARoEYI=,fhDdJIA2SKBg++NiTZO+03cuyOY=
34,-22,IpWUrBf35UGNF5gTpKJ2OARoEYI=,kwVWrzCwaSSWg6TUwqqMgg9XfqM=
34,-23,IpWUrBf35UGNF5gTpKJ2OARoEYI=,/UpljprIg0Yx4lc7FB1Yi+aPa0M=
32,-23,IpWUrBf35UGNF5gTpKJ2OARoEYI=,tgqd3Tj+bK5lBDVmO4vtGc7HXYo=
33,-23,IpWUrBf35UGNF5gTpKJ2OARoEYI=,tgqd3Tj+bK5lBDVmO4vtGc7HXYo=
32,-19,IpWUrBf35UGNF5gTpKJ2OARoEYI=,X5bDc3DR+WwOQxk07XzSg1BbJjg=
46,-28,IpWUrBf35UGNF5gTpKJ2OARoEYI=,9Pvi0zGXxvjbeVur2JhvMUI87go=
45,-28,IpWUrBf35UGNF5gTpKJ2OARoEYI=,vK++Phg+JtVS9oXa9bmXcdJ8UN8=
34,-24,IpWUrBf35UGNF5gTpKJ2OARoEYI=,/UpljprIg0Yx4lc7FB1Yi+aPa0M=
33,-24,IpWUrBf35UGNF5gTpKJ2OARoEYI=,tgqd3Tj+bK5lBDVmO4vtGc7HXYo=
32,-24,IpWUrBf35UGNF5gTpKJ2OARoEYI=,tgqd3Tj+bK5lBDVmO4vtGc7HXYo=
47,-28,IpWUrBf35UGNF5gTpKJ2OARoEYI=,9Pvi0zGXxvjbeVur2JhvMUI87go=
46,-17,IpWUrBf35UGNF5gTpKJ2OARoEYI=,dGswWnRhEHxt+XwxahSjqzzz9M0=
47,-22,IpWUrBf35UGNF5gTpKJ2OARoEYI=,EVctklxoEJBK0Vte4rLxpY62+Ho=
47,-23,IpWUrBf35UGNF5gTpKJ2OARoEYI=,CjNpneTd/1Pj6dwA8rzCO74NRFo=
45,-17,IpWUrBf35UGNF5gTpKJ2OARoEYI=,9zggQ3F4ZVr8J65s33PvdNhousI=
47,-24,IpWUrBf35UGNF5gTpKJ2OARoEYI=,CjNpneTd/1Pj6dwA8rzCO74NRFo=
47,-27,IpWUrBf35UGNF5gTpKJ2OARoEYI=,9Pvi0zGXxvjbeVur2JhvMUI87go=
47,-25,IpWUrBf35UGNF5gTpKJ2OARoEYI=,90iEvUPYitbOULtkhyl+DDKIPZw=
47,-26,IpWUrBf35UGNF5gTpKJ2OARoEYI=,90iEvUPYitbOULtkhyl+DDKIPZw=
47,-18,IpWUrBf35UGNF5gTpKJ2OARoEYI=,dGswWnRhEHxt+XwxahSjqzzz9M0=
47,-21,IpWUrBf35UGNF5gTpKJ2OARoEYI=,EVctklxoEJBK0Vte4rLxpY62+Ho=
47,-17,IpWUrBf35UGNF5gTpKJ2OARoEYI=,dGswWnRhEHxt+XwxahSjqzzz9M0=
47,-20,IpWUrBf35UGNF5gTpKJ2OARoEYI=,PfPTtGoTks2wutqQJQ7w/Jqu2Hs=
47,-19,IpWUrBf35UGNF5gTpKJ2OARoEYI=,PfPTtGoTks2wutqQJQ7w/Jqu2Hs=
36,-20,IpWUrBf35UGNF5gTpKJ2OARoEYI=,+bvObvFIRoocPWUepWHF48hSDMo=
35,-20,IpWUrBf35UGNF5gTpKJ2OARoEYI=,PYhdGDCdvdRZ083a/nfRhwVioLw=
37,-20,IpWUrBf35UGNF5gTpKJ2OARoEYI=,+bvObvFIRoocPWUepWHF48hSDMo=
37,-21,IpWUrBf35UGNF5gTpKJ2OARoEYI=,FfsPCR0XSM8vn4tnqin8odW3i+4=
35,-21,IpWUrBf35UGNF5gTpKJ2OARoEYI=,kwVWrzCwaSSWg6TUwqqMgg9XfqM=
36,-21,IpWUrBf35UGNF5gTpKJ2OARoEYI=,FfsPCR0XSM8vn4tnqin8odW3i+4=
38,-21,IpWUrBf35UGNF5gTpKJ2OARoEYI=,EjVHUrsf5luOlkt9fviDBj3MZLY=
38,-20,IpWUrBf35UGNF5gTpKJ2OARoEYI=,Z5P6nlDAZTm0xT+E8rgOKQilRs0=
38,-22,IpWUrBf35UGNF5gTpKJ2OARoEYI=,EjVHUrsf5luOlkt9fviDBj3MZLY=
38,-25,IpWUrBf35UGNF5gTpKJ2OARoEYI=,YXw+bkOS69fYv9AQxsizY2+ANC4=
38,-24,IpWUrBf35UGNF5gTpKJ2OARoEYI=,IZ4L2WD5FZfMTy72CvAbrSGxyMc=
35,-23,IpWUrBf35UGNF5gTpKJ2OARoEYI=,/UpljprIg0Yx4lc7FB1Yi+aPa0M=
35,-22,IpWUrBf35UGNF5gTpKJ2OARoEYI=,kwVWrzCwaSSWg6TUwqqMgg9XfqM=
36,-24,IpWUrBf35UGNF5gTpKJ2OARoEYI=,fw+tiT4k22lk/sObiZoAItaAYus=
37,-25,IpWUrBf35UGNF5gTpKJ2OARoEYI=,eJjbfA26Vk4SX70AIVkgy/2Mewc=
35,-25,IpWUrBf35UGNF5gTpKJ2OARoEYI=,wFV2KDk7NotUa9F8YNoFS6luq+Y=
37,-24,IpWUrBf35UGNF5gTpKJ2OARoEYI=,fw+tiT4k22lk/sObiZoAItaAYus=
40,-20,IpWUrBf35UGNF5gTpKJ2OARoEYI=,mc4v3fdfwcDD5UC2kuDQ2dmPVUA=
36,-25,IpWUrBf35UGNF5gTpKJ2OARoEYI=,eJjbfA26Vk4SX70AIVkgy/2Mewc=
41,-21,IpWUrBf35UGNF5gTpKJ2OARoEYI=,dAcem7VHL1Gzn4p/seujwEGjZog=
35,-24,IpWUrBf35UGNF5gTpKJ2OARoEYI=,/UpljprIg0Yx4lc7FB1Yi+aPa0M=
37,-22,IpWUrBf35UGNF5gTpKJ2OARoEYI=,FfsPCR0XSM8vn4tnqin8odW3i+4=
38,-23,IpWUrBf35UGNF5gTpKJ2OARoEYI=,IZ4L2WD5FZfMTy72CvAbrSGxyMc=
42,-20,IpWUrBf35UGNF5gTpKJ2OARoEYI=,5xL0hLhOIqErX3L0BIt0nhg4LQU=
40,-21,IpWUrBf35UGNF5gTpKJ2OARoEYI=,dAcem7VHL1Gzn4p/seujwEGjZog=
36,-23,IpWUrBf35UGNF5gTpKJ2OARoEYI=,fw+tiT4k22lk/sObiZoAItaAYus=
36,-22,IpWUrBf35UGNF5gTpKJ2OARoEYI=,FfsPCR0XSM8vn4tnqin8odW3i+4=
37,-23,IpWUrBf35UGNF5gTpKJ2OARoEYI=,fw+tiT4k22lk/sObiZoAItaAYus=
42,-21,IpWUrBf35UGNF5gTpKJ2OARoEYI=,Tow7+KHGH1+WWXetEoDK+KX/0sE=
41,-20,IpWUrBf35UGNF5gTpKJ2OARoEYI=,mc4v3fdfwcDD5UC2kuDQ2dmPVUA=
39,-21,IpWUrBf35UGNF5gTpKJ2OARoEYI=,EjVHUrsf5luOlkt9fviDBj3MZLY=
39,-20,IpWUrBf35UGNF5gTpKJ2OARoEYI=,Z5P6nlDAZTm0xT+E8rgOKQilRs0=
42,-23,IpWUrBf35UGNF5gTpKJ2OARoEYI=,7pIgORbBAJRxq33X/B3xbYP9y+A=
39,-22,IpWUrBf35UGNF5gTpKJ2OARoEYI=,EjVHUrsf5luOlkt9fviDBj3MZLY=
40,-24,IpWUrBf35UGNF5gTpKJ2OARoEYI=,H7x0C1Pn3TFRGNQP0rnpXdNfrIg=
40,-22,IpWUrBf35UGNF5gTpKJ2OARoEYI=,dAcem7VHL1Gzn4p/seujwEGjZog=
42,-24,IpWUrBf35UGNF5gTpKJ2OARoEYI=,7pIgORbBAJRxq33X/B3xbYP9y+A=
41,-22,IpWUrBf35UGNF5gTpKJ2OARoEYI=,dAcem7VHL1Gzn4p/seujwEGjZog=
39,-25,IpWUrBf35UGNF5gTpKJ2OARoEYI=,YXw+bkOS69fYv9AQxsizY2+ANC4=
42,-22,r75iIqGUPDuNFUgTCqvpcMPPY0Y=,Tow7+KHGH1+WWXetEoDK+KX/0sE=
41,-24,r75iIqGUPDuNFUgTCqvpcMPPY0Y=,H7x0C1Pn3TFRGNQP0rnpXdNfrIg=
39,-24,r75iIqGUPDuNFUgTCqvpcMPPY0Y=,IZ4L2WD5FZfMTy72CvAbrSGxyMc=
40,-25,r75iIqGUPDuNFUgTCqvpcMPPY0Y=,0KdWJlJZoMLi/u5Y7zajMLJGTfA=
41,-25,r75iIqGUPDuNFUgTCqvpcMPPY0Y=,0KdWJlJZoMLi/u5Y7zajMLJGTfA=
40,-23,r75iIqGUPDuNFUgTCqvpcMPPY0Y=,H7x0C1Pn3TFRGNQP0rnpXdNfrIg=
42,-25,r75iIqGUPDuNFUgTCqvpcMPPY0Y=,UBMThUI8JApTUSbvZfvvizijMK4=
41,-23,r75iIqGUPDuNFUgTCqvpcMPPY0Y=,H7x0C1Pn3TFRGNQP0rnpXdNfrIg=
39,-23,r75iIqGUPDuNFUgTCqvpcMPPY0Y=,IZ4L2WD5FZfMTy72CvAbrSGxyMc=
42,-18,r75iIqGUPDuNFUgTCqvpcMPPY0Y=,qKFe94ljAUqmYPpoubYUJFg4jZU=
43,-19,r75iIqGUPDuNFUgTCqvpcMPPY0Y=,5xL0hLhOIqErX3L0BIt0nhg4LQU=
43,-18,r75iIqGUPDuNFUgTCqvpcMPPY0Y=,qKFe94ljAUqmYPpoubYUJFg4jZU=
41,-18,r75iIqGUPDuNFUgTCqvpcMPPY0Y=,TvmqDsgqDQOhUx+iKBP0L1IMtaE=
40,-18,r75iIqGUPDuNFUgTCqvpcMPPY0Y=,TvmqDsgqDQOhUx+iKBP0L1IMtaE=
41,-19,r75iIqGUPDuNFUgTCqvpcMPPY0Y=,mc4v3fdfwcDD5UC2kuDQ2dmPVUA=
42,-19,r75iIqGUPDuNFUgTCqvpcMPPY0Y=,5xL0hLhOIqErX3L0BIt0nhg4LQU=
42,-28,r75iIqGUPDuNFUgTCqvpcMPPY0Y=,kf1/SCm5UNtnw8wNwNiaJnuIa48=
43,-28,r75iIqGUPDuNFUgTCqvpcMPPY0Y=,kf1/SCm5UNtnw8wNwNiaJnuIa48=
44,-28,r75iIqGUPDuNFUgTCqvpcMPPY0Y=,vK++Phg+JtVS9oXa9bmXcdJ8UN8=
41,-28,r75iIqGUPDuNFUgTCqvpcMPPY0Y=,jHWSseqMIpyEN7ZoDzg0MzrZ1eQ=
40,-28,r75iIqGUPDuNFUgTCqvpcMPPY0Y=,jHWSseqMIpyEN7ZoDzg0MzrZ1eQ=
39,-28,r75iIqGUPDuNFUgTCqvpcMPPY0Y=,zyQjxmi71X33FtOSoOLbT+AbHYQ=
36,-28,r75iIqGUPDuNFUgTCqvpcMPPY0Y=,i0+8HAMcqX57WvUH/IESwARI0dE=
37,-28,r75iIqGUPDuNFUgTCqvpcMPPY0Y=,i0+8HAMcqX57WvUH/IESwARI0dE=
38,-28,r75iIqGUPDuNFUgTCqvpcMPPY0Y=,zyQjxmi71X33FtOSoOLbT+AbHYQ=
35,-28,r75iIqGUPDuNFUgTCqvpcMPPY0Y=,AexMnx+BXGnRJYf8BpYWBgxDMCk=
44,-18,r75iIqGUPDuNFUgTCqvpcMPPY0Y=,9zggQ3F4ZVr8J65s33PvdNhousI=
39,-19,r75iIqGUPDuNFUgTCqvpcMPPY0Y=,Z5P6nlDAZTm0xT+E8rgOKQilRs0=
40,-17,r75iIqGUPDuNFUgTCqvpcMPPY0Y=,TvmqDsgqDQOhUx+iKBP0L1IMtaE=
34,-17,r75iIqGUPDuNFUgTCqvpcMPPY0Y=,S2fyh2io/ppMJ76iQMp2ut6Cgyk=
44,-19,r75iIqGUPDuNFUgTCqvpcMPPY0Y=,Nv648JjfsY0/Wgh2ov4CzqrLJKw=
32,-17,r75iIqGUPDuNFUgTCqvpcMPPY0Y=,X8SWlbD01ZqLZv2jQRWLMtYYQSE=
39,-18,r75iIqGUPDuNFUgTCqvpcMPPY0Y=,f2fgcuE1Aif6kIa/mxfK8nhGViM=
42,-17,r75iIqGUPDuNFUgTCqvpcMPPY0Y=,qKFe94ljAUqmYPpoubYUJFg4jZU=
40,-19,r75iIqGUPDuNFUgTCqvpcMPPY0Y=,mc4v3fdfwcDD5UC2kuDQ2dmPVUA=
39,-17,r75iIqGUPDuNFUgTCqvpcMPPY0Y=,f2fgcuE1Aif6kIa/mxfK8nhGViM=
41,-17,r75iIqGUPDuNFUgTCqvpcMPPY0Y=,TvmqDsgqDQOhUx+iKBP0L1IMtaE=
33,-17,r75iIqGUPDuNFUgTCqvpcMPPY0Y=,X8SWlbD01ZqLZv2jQRWLMtYYQSE=
43,-17,r75iIqGUPDuNFUgTCqvpcMPPY0Y=,qKFe94ljAUqmYPpoubYUJFg4jZU=
44,-17,r75iIqGUPDuNFUgTCqvpcMPPY0Y=,9zggQ3F4ZVr8J65s33PvdNhousI=
38,-19,r75iIqGUPDuNFUgTCqvpcMPPY0Y=,Z5P6nlDAZTm0xT+E8rgOKQilRs0=
35,-18,r75iIqGUPDuNFUgTCqvpcMPPY0Y=,S2fyh2io/ppMJ76iQMp2ut6Cgyk=
35,-17,r75iIqGUPDuNFUgTCqvpcMPPY0Y=,S2fyh2io/ppMJ76iQMp2ut6Cgyk=
37,-19,r75iIqGUPDuNFUgTCqvpcMPPY0Y=,+bvObvFIRoocPWUepWHF48hSDMo=
36,-19,r75iIqGUPDuNFUgTCqvpcMPPY0Y=,+bvObvFIRoocPWUepWHF48hSDMo=
38,-18,r75iIqGUPDuNFUgTCqvpcMPPY0Y=,f2fgcuE1Aif6kIa/mxfK8nhGViM=
35,-19,r75iIqGUPDuNFUgTCqvpcMPPY0Y=,PYhdGDCdvdRZ083a/nfRhwVioLw=
38,-17,r75iIqGUPDuNFUgTCqvpcMPPY0Y=,f2fgcuE1Aif6kIa/mxfK8nhGViM=
37,-17,r75iIqGUPDuNFUgTCqvpcMPPY0Y=,uVS06/i5yYChiZmXXJtj9vRBQ9c=
37,-18,r75iIqGUPDuNFUgTCqvpcMPPY0Y=,uVS06/i5yYChiZmXXJtj9vRBQ9c=
36,-18,r75iIqGUPDuNFUgTCqvpcMPPY0Y=,uVS06/i5yYChiZmXXJtj9vRBQ9c=
36,-17,r75iIqGUPDuNFUgTCqvpcMPPY0Y=,uVS06/i5yYChiZmXXJtj9vRBQ9c=
37,-5,r75iIqGUPDuNFUgTCqvpcMPPY0Y=,rdNxlC+U2TcL0AO2aDum7W9Wfhk=
38,-4,r75iIqGUPDuNFUgTCqvpcMPPY0Y=,l6ixyDF1LxP08wnFw7AVOKO5uRM=
37,-4,r75iIqGUPDuNFUgTCqvpcMPPY0Y=,baS/v3vVQMMm18Wyq6GWL4CO+IA=
38,-5,r75iIqGUPDuNFUgTCqvpcMPPY0Y=,FvZUL1TwGQYjhuflDN16RGKKndY=
39,-2,r75iIqGUPDuNFUgTCqvpcMPPY0Y=,WoCQSC5nBNj5TY+wqKs19XtgRqM=
40,-2,r75iIqGUPDuNFUgTCqvpcMPPY0Y=,t3hq5v1a6BoogC979RGegmL8Flc=
39,-4,r75iIqGUPDuNFUgTCqvpcMPPY0Y=,l6ixyDF1LxP08wnFw7AVOKO5uRM=
40,-5,r75iIqGUPDuNFUgTCqvpcMPPY0Y=,5Wbs/dpCI516CHD444tAo5lH9Ho=
40,-4,r75iIqGUPDuNFUgTCqvpcMPPY0Y=,v1AZz4ssMt7iVrBLMGiESqWLu8k=
39,-5,r75iIqGUPDuNFUgTCqvpcMPPY0Y=,FvZUL1TwGQYjhuflDN16RGKKndY=
39,-3,r75iIqGUPDuNFUgTCqvpcMPPY0Y=,l6ixyDF1LxP08wnFw7AVOKO5uRM=
40,-3,r75iIqGUPDuNFUgTCqvpcMPPY0Y=,v1AZz4ssMt7iVrBLMGiESqWLu8k=
39,-6,r75iIqGUPDuNFUgTCqvpcMPPY0Y=,FvZUL1TwGQYjhuflDN16RGKKndY=
40,-7,r75iIqGUPDuNFUgTCqvpcMPPY0Y=,RvPJn4ClzCmMoLkWDRDudzEGFeg=
38,-6,r75iIqGUPDuNFUgTCqvpcMPPY0Y=,FvZUL1TwGQYjhuflDN16RGKKndY=
37,-6,r75iIqGUPDuNFUgTCqvpcMPPY0Y=,rdNxlC+U2TcL0AO2aDum7W9Wfhk=
40,-6,r75iIqGUPDuNFUgTCqvpcMPPY0Y=,5Wbs/dpCI516CHD444tAo5lH9Ho=
38,-7,r75iIqGUPDuNFUgTCqvpcMPPY0Y=,xysOG/bFoy6ODRVTt2YhSQ8ZtBM=
37,-7,r75iIqGUPDuNFUgTCqvpcMPPY0Y=,FeK+vbA2Py7r+C0B7xaDQxUsF2U=
39,-7,r75iIqGUPDuNFUgTCqvpcMPPY0Y=,xysOG/bFoy6ODRVTt2YhSQ8ZtBM=
36,-6,r75iIqGUPDuNFUgTCqvpcMPPY0Y=,rdNxlC+U2TcL0AO2aDum7W9Wfhk=
36,-7,r75iIqGUPDuNFUgTCqvpcMPPY0Y=,FeK+vbA2Py7r+C0B7xaDQxUsF2U=
35,-6,r75iIqGUPDuNFUgTCqvpcMPPY0Y=,EznY8pt7TATyfDJsMQFu5ZIk00k=
35,-7,r75iIqGUPDuNFUgTCqvpcMPPY0Y=,g9LTcpwJi1XMSu6puqs4dJLQcIA=
34,-6,r75iIqGUPDuNFUgTCqvpcMPPY0Y=,EznY8pt7TATyfDJsMQFu5ZIk00k=
34,-7,r75iIqGUPDuNFUgTCqvpcMPPY0Y=,g9LTcpwJi1XMSu6puqs4dJLQcIA=
35,-4,r75iIqGUPDuNFUgTCqvpcMPPY0Y=,fRQHwfwZRCqReP9ApABx7WvdIkw=
33,-6,r75iIqGUPDuNFUgTCqvpcMPPY0Y=,h5dtilp9+s3J3EXlMEZsjb6Q2As=
36,-4,r75iIqGUPDuNFUgTCqvpcMPPY0Y=,baS/v3vVQMMm18Wyq6GWL4CO+IA=
33,-7,r75iIqGUPDuNFUgTCqvpcMPPY0Y=,MScG7Qz5iYp2IHBcCTvKQ+4zD70=
35,-5,r75iIqGUPDuNFUgTCqvpcMPPY0Y=,EznY8pt7TATyfDJsMQFu5ZIk00k=
36,-5,r75iIqGUPDuNFUgTCqvpcMPPY0Y=,rdNxlC+U2TcL0AO2aDum7W9Wfhk=
34,-4,r75iIqGUPDuNFUgTCqvpcMPPY0Y=,fRQHwfwZRCqReP9ApABx7WvdIkw=
34,-5,r75iIqGUPDuNFUgTCqvpcMPPY0Y=,EznY8pt7TATyfDJsMQFu5ZIk00k=
33,-5,r75iIqGUPDuNFUgTCqvpcMPPY0Y=,h5dtilp9+s3J3EXlMEZsjb6Q2As=
33,-4,r75iIqGUPDuNFUgTCqvpcMPPY0Y=,tO8YZziGkrq+jjxIEGfO2DjAbVs=
34,-2,r75iIqGUPDuNFUgTCqvpcMPPY0Y=,ogyjCUsoe8Wjv1z/F5iFoKyFA4c=
34,-3,r75iIqGUPDuNFUgTCqvpcMPPY0Y=,fRQHwfwZRCqReP9ApABx7WvdIkw=
36,-2,r75iIqGUPDuNFUgTCqvpcMPPY0Y=,B5l0rTyK7ckT2a2/eeV+mT4s+lI=
35,-1,r75iIqGUPDuNFUgTCqvpcMPPY0Y=,ogyjCUsoe8Wjv1z/F5iFoKyFA4c=
36,-1,r75iIqGUPDuNFUgTCqvpcMPPY0Y=,B5l0rTyK7ckT2a2/eeV+mT4s+lI=
37,-3,r75iIqGUPDuNFUgTCqvpcMPPY0Y=,baS/v3vVQMMm18Wyq6GWL4CO+IA=
35,-3,r75iIqGUPDuNFUgTCqvpcMPPY0Y=,fRQHwfwZRCqReP9ApABx7WvdIkw=
34,-1,r75iIqGUPDuNFUgTCqvpcMPPY0Y=,ogyjCUsoe8Wjv1z/F5iFoKyFA4c=
38,-2,r75iIqGUPDuNFUgTCqvpcMPPY0Y=,WoCQSC5nBNj5TY+wqKs19XtgRqM=
38,-3,r75iIqGUPDuNFUgTCqvpcMPPY0Y=,l6ixyDF1LxP08wnFw7AVOKO5uRM=
33,-2,r75iIqGUPDuNFUgTCqvpcMPPY0Y=,tSCBuRErBo0zZ6GVrwIpbIGlqoo=
33,-1,r75iIqGUPDuNFUgTCqvpcMPPY0Y=,tSCBuRErBo0zZ6GVrwIpbIGlqoo=
32,-2,r75iIqGUPDuNFUgTCqvpcMPPY0Y=,tSCBuRErBo0zZ6GVrwIpbIGlqoo=
37,-2,r75iIqGUPDuNFUgTCqvpcMPPY0Y=,B5l0rTyK7ckT2a2/eeV+mT4s+lI=
36,-3,r75iIqGUPDuNFUgTCqvpcMPPY0Y=,baS/v3vVQMMm18Wyq6GWL4CO+IA=
35,-2,r75iIqGUPDuNFUgTCqvpcMPPY0Y=,ogyjCUsoe8Wjv1z/F5iFoKyFA4c=
33,-3,r75iIqGUPDuNFUgTCqvpcMPPY0Y=,tO8YZziGkrq+jjxIEGfO2DjAbVs=
40,-1,r75iIqGUPDuNFUgTCqvpcMPPY0Y=,t3hq5v1a6BoogC979RGegmL8Flc=
38,-1,r75iIqGUPDuNFUgTCqvpcMPPY0Y=,WoCQSC5nBNj5TY+wqKs19XtgRqM=
32,-3,r75iIqGUPDuNFUgTCqvpcMPPY0Y=,tO8YZziGkrq+jjxIEGfO2DjAbVs=
39,-1,r75iIqGUPDuNFUgTCqvpcMPPY0Y=,WoCQSC5nBNj5TY+wqKs19XtgRqM=
37,-1,r75iIqGUPDuNFUgTCqvpcMPPY0Y=,B5l0rTyK7ckT2a2/eeV+mT4s+lI=
41,-3,r75iIqGUPDuNFUgTCqvpcMPPY0Y=,v1AZz4ssMt7iVrBLMGiESqWLu8k=
41,-2,r75iIqGUPDuNFUgTCqvpcMPPY0Y=,t3hq5v1a6BoogC979RGegmL8Flc=
42,-3,r75iIqGUPDuNFUgTCqvpcMPPY0Y=,g4utuLgbFBQoK6+k0wEkNe2+FEE=
42,-2,r75iIqGUPDuNFUgTCqvpcMPPY0Y=,exv813RHaR+3N7tURnJMJop9njk=
41,-7,r75iIqGUPDuNFUgTCqvpcMPPY0Y=,RvPJn4ClzCmMoLkWDRDudzEGFeg=
41,-6,r75iIqGUPDuNFUgTCqvpcMPPY0Y=,5Wbs/dpCI516CHD444tAo5lH9Ho=
41,-5,r75iIqGUPDuNFUgTCqvpcMPPY0Y=,5Wbs/dpCI516CHD444tAo5lH9Ho=
41,-4,r75iIqGUPDuNFUgTCqvpcMPPY0Y=,v1AZz4ssMt7iVrBLMGiESqWLu8k=
42,-6,r75iIqGUPDuNFUgTCqvpcMPPY0Y=,26oCciLe4ftUxPoAEgjOFDzzyDc=
42,-4,r75iIqGUPDuNFUgTCqvpcMPPY0Y=,g4utuLgbFBQoK6+k0wEkNe2+FEE=
42,-7,r75iIqGUPDuNFUgTCqvpcMPPY0Y=,6GQRbEcmOexjlkTAg+BI0In4PJA=
42,-5,r75iIqGUPDuNFUgTCqvpcMPPY0Y=,26oCciLe4ftUxPoAEgjOFDzzyDc=
41,-8,r75iIqGUPDuNFUgTCqvpcMPPY0Y=,RvPJn4ClzCmMoLkWDRDudzEGFeg=
42,-8,r75iIqGUPDuNFUgTCqvpcMPPY0Y=,6GQRbEcmOexjlkTAg+BI0In4PJA=
42,-9,r75iIqGUPDuNFUgTCqvpcMPPY0Y=,s/w094OToUxRP+BnP5iz02wLLNM=
41,-9,r75iIqGUPDuNFUgTCqvpcMPPY0Y=,A/zhBBEM1ZXQM5ifDNya/6Js0HA=
42,-10,r75iIqGUPDuNFUgTCqvpcMPPY0Y=,s/w094OToUxRP+BnP5iz02wLLNM=
41,-10,r75iIqGUPDuNFUgTCqvpcMPPY0Y=,A/zhBBEM1ZXQM5ifDNya/6Js0HA=
42,-11,r75iIqGUPDuNFUgTCqvpcMPPY0Y=,/UKyYCLOfcS5a7G7F0dEeif950s=
41,-11,r75iIqGUPDuNFUgTCqvpcMPPY0Y=,HPD7Q+0AfKEAUqYSMSAWJ8MZBF0=
39,-8,pMNMJk4ez6k6fuEPO4JRWwEpYEc=,xysOG/bFoy6ODRVTt2YhSQ8ZtBM=
40,-10,pMNMJk4ez6k6fuEPO4JRWwEpYEc=,A/zhBBEM1ZXQM5ifDNya/6Js0HA=
39,-10,pMNMJk4ez6k6fuEPO4JRWwEpYEc=,5KVbStotq+m+d4rs/AeAsnwF3iA=
40,-8,pMNMJk4ez6k6fuEPO4JRWwEpYEc=,RvPJn4ClzCmMoLkWDRDudzEGFeg=
40,-9,pMNMJk4ez6k6fuEPO4JRWwEpYEc=,A/zhBBEM1ZXQM5ifDNya/6Js0HA=
40,-11,pMNMJk4ez6k6fuEPO4JRWwEpYEc=,HPD7Q+0AfKEAUqYSMSAWJ8MZBF0=
39,-9,pMNMJk4ez6k6fuEPO4JRWwEpYEc=,5KVbStotq+m+d4rs/AeAsnwF3iA=
39,-11,pMNMJk4ez6k6fuEPO4JRWwEpYEc=,rrczD9kOLRtGpGi1NTWQK/+skWw=
40,-12,pMNMJk4ez6k6fuEPO4JRWwEpYEc=,HPD7Q+0AfKEAUqYSMSAWJ8MZBF0=
40,-13,pMNMJk4ez6k6fuEPO4JRWwEpYEc=,pgGwcfH3++EhkJ8hz/H4Yjssbe4=
39,-12,pMNMJk4ez6k6fuEPO4JRWwEpYEc=,rrczD9kOLRtGpGi1NTWQK/+skWw=
39,-13,pMNMJk4ez6k6fuEPO4JRWwEpYEc=,AgIfrYx4rlX5hz2OTDIdCJjvjbg=
38,-12,pMNMJk4ez6k6fuEPO4JRWwEpYEc=,rrczD9kOLRtGpGi1NTWQK/+skWw=
37,-12,pMNMJk4ez6k6fuEPO4JRWwEpYEc=,U2tZuNVfa9r5dTSa36HgtHUFmjI=
38,-13,pMNMJk4ez6k6fuEPO4JRWwEpYEc=,AgIfrYx4rlX5hz2OTDIdCJjvjbg=
37,-13,pMNMJk4ez6k6fuEPO4JRWwEpYEc=,pSOrFFC6CfezI1EmrOOhpyLkrvo=
38,-14,pMNMJk4ez6k6fuEPO4JRWwEpYEc=,AgIfrYx4rlX5hz2OTDIdCJjvjbg=
37,-14,pMNMJk4ez6k6fuEPO4JRWwEpYEc=,pSOrFFC6CfezI1EmrOOhpyLkrvo=
38,-15,pMNMJk4ez6k6fuEPO4JRWwEpYEc=,7mZ3/F/azdJhfN2tBh20ei+vle4=
37,-15,pMNMJk4ez6k6fuEPO4JRWwEpYEc=,iq2uv3u69g17MFr4TE20tGrQE1c=
36,-12,pMNMJk4ez6k6fuEPO4JRWwEpYEc=,U2tZuNVfa9r5dTSa36HgtHUFmjI=
36,-13,pMNMJk4ez6k6fuEPO4JRWwEpYEc=,pSOrFFC6CfezI1EmrOOhpyLkrvo=
35,-12,pMNMJk4ez6k6fuEPO4JRWwEpYEc=,I/0+opw25Iqd6pcEvNiPXCaYbb4=
35,-13,pMNMJk4ez6k6fuEPO4JRWwEpYEc=,zkHTKpRNJaKtiOFfFhaomXVSwcU=
34,-8,pMNMJk4ez6k6fuEPO4JRWwEpYEc=,g9LTcpwJi1XMSu6puqs4dJLQcIA=
33,-8,pMNMJk4ez6k6fuEPO4JRWwEpYEc=,MScG7Qz5iYp2IHBcCTvKQ+4zD70=
34,-9,pMNMJk4ez6k6fuEPO4JRWwEpYEc=,CEMLXMWB5Attj60gp3y8otLDtYU=
33,-9,pMNMJk4ez6k6fuEPO4JRWwEpYEc=,kMbApsxE0DpqVzHPu/fHk6RCK30=
34,-11,pMNMJk4ez6k6fuEPO4JRWwEpYEc=,I/0+opw25Iqd6pcEvNiPXCaYbb4=
34,-10,pMNMJk4ez6k6fuEPO4JRWwEpYEc=,CEMLXMWB5Attj60gp3y8otLDtYU=
33,-10,pMNMJk4ez6k6fuEPO4JRWwEpYEc=,kMbApsxE0DpqVzHPu/fHk6RCK30=
33,-11,pMNMJk4ez6k6fuEPO4JRWwEpYEc=,8BrSVn8ysP/3CoXnbNOlVpa9dOA=
34,-12,pMNMJk4ez6k6fuEPO4JRWwEpYEc=,I/0+opw25Iqd6pcEvNiPXCaYbb4=
36,-10,pMNMJk4ez6k6fuEPO4JRWwEpYEc=,3CJQFlY2EYu5xBJDqJaprGah1XQ=
38,-8,pMNMJk4ez6k6fuEPO4JRWwEpYEc=,xysOG/bFoy6ODRVTt2YhSQ8ZtBM=
36,-8,pMNMJk4ez6k6fuEPO4JRWwEpYEc=,FeK+vbA2Py7r+C0B7xaDQxUsF2U=
33,-13,pMNMJk4ez6k6fuEPO4JRWwEpYEc=,NQophrlfyL+q9hPkOxClVYQtaZA=
34,-13,pMNMJk4ez6k6fuEPO4JRWwEpYEc=,zkHTKpRNJaKtiOFfFhaomXVSwcU=
33,-12,pMNMJk4ez6k6fuEPO4JRWwEpYEc=,8BrSVn8ysP/3CoXnbNOlVpa9dOA=
37,-10,pMNMJk4ez6k6fuEPO4JRWwEpYEc=,3CJQFlY2EYu5xBJDqJaprGah1XQ=
37,-8,pMNMJk4ez6k6fuEPO4JRWwEpYEc=,FeK+vbA2Py7r+C0B7xaDQxUsF2U=
38,-10,pMNMJk4ez6k6fuEPO4JRWwEpYEc=,5KVbStotq+m+d4rs/AeAsnwF3iA=
35,-8,pMNMJk4ez6k6fuEPO4JRWwEpYEc=,g9LTcpwJi1XMSu6puqs4dJLQcIA=
35,-10,pMNMJk4ez6k6fuEPO4JRWwEpYEc=,CEMLXMWB5Attj60gp3y8otLDtYU=
38,-11,pMNMJk4ez6k6fuEPO4JRWwEpYEc=,rrczD9kOLRtGpGi1NTWQK/+skWw=
38,-9,pMNMJk4ez6k6fuEPO4JRWwEpYEc=,5KVbStotq+m+d4rs/AeAsnwF3iA=
35,-11,pMNMJk4ez6k6fuEPO4JRWwEpYEc=,I/0+opw25Iqd6pcEvNiPXCaYbb4=
37,-9,pMNMJk4ez6k6fuEPO4JRWwEpYEc=,3CJQFlY2EYu5xBJDqJaprGah1XQ=
36,-9,pMNMJk4ez6k6fuEPO4JRWwEpYEc=,3CJQFlY2EYu5xBJDqJaprGah1XQ=
36,-11,pMNMJk4ez6k6fuEPO4JRWwEpYEc=,U2tZuNVfa9r5dTSa36HgtHUFmjI=
37,-11,pMNMJk4ez6k6fuEPO4JRWwEpYEc=,U2tZuNVfa9r5dTSa36HgtHUFmjI=
32,-14,pMNMJk4ez6k6fuEPO4JRWwEpYEc=,NQophrlfyL+q9hPkOxClVYQtaZA=
35,-9,pMNMJk4ez6k6fuEPO4JRWwEpYEc=,CEMLXMWB5Attj60gp3y8otLDtYU=
38,-16,pMNMJk4ez6k6fuEPO4JRWwEpYEc=,7mZ3/F/azdJhfN2tBh20ei+vle4=
32,-15,pMNMJk4ez6k6fuEPO4JRWwEpYEc=,sjRqpkC1ShmhzSHK/M4nDP/V/vk=
37,-16,pMNMJk4ez6k6fuEPO4JRWwEpYEc=,iq2uv3u69g17MFr4TE20tGrQE1c=
34,-14,pMNMJk4ez6k6fuEPO4JRWwEpYEc=,zkHTKpRNJaKtiOFfFhaomXVSwcU=
36,-14,pMNMJk4ez6k6fuEPO4JRWwEpYEc=,pSOrFFC6CfezI1EmrOOhpyLkrvo=
35,-15,pMNMJk4ez6k6fuEPO4JRWwEpYEc=,63fgq7PZ3lPE6Iz/iZNYLnZD3Qc=
34,-16,pMNMJk4ez6k6fuEPO4JRWwEpYEc=,63fgq7PZ3lPE6Iz/iZNYLnZD3Qc=
35,-16,pMNMJk4ez6k6fuEPO4JRWwEpYEc=,63fgq7PZ3lPE6Iz/iZNYLnZD3Qc=
33,-15,pMNMJk4ez6k6fuEPO4JRWwEpYEc=,sjRqpkC1ShmhzSHK/M4nDP/V/vk=
33,-16,pMNMJk4ez6k6fuEPO4JRWwEpYEc=,sjRqpkC1ShmhzSHK/M4nDP/V/vk=
33,-14,pMNMJk4ez6k6fuEPO4JRWwEpYEc=,NQophrlfyL+q9hPkOxClVYQtaZA=
36,-15,pMNMJk4ez6k6fuEPO4JRWwEpYEc=,iq2uv3u69g17MFr4TE20tGrQE1c=
40,-15,pMNMJk4ez6k6fuEPO4JRWwEpYEc=,137a9R2HzGkCqmrCY4X+V6/81lw=
36,-16,pMNMJk4ez6k6fuEPO4JRWwEpYEc=,iq2uv3u69g17MFr4TE20tGrQE1c=
40,-14,pMNMJk4ez6k6fuEPO4JRWwEpYEc=,pgGwcfH3++EhkJ8hz/H4Yjssbe4=
39,-15,pMNMJk4ez6k6fuEPO4JRWwEpYEc=,7mZ3/F/azdJhfN2tBh20ei+vle4=
39,-14,pMNMJk4ez6k6fuEPO4JRWwEpYEc=,AgIfrYx4rlX5hz2OTDIdCJjvjbg=
35,-14,pMNMJk4ez6k6fuEPO4JRWwEpYEc=,zkHTKpRNJaKtiOFfFhaomXVSwcU=
34,-15,pMNMJk4ez6k6fuEPO4JRWwEpYEc=,63fgq7PZ3lPE6Iz/iZNYLnZD3Qc=
42,-13,pMNMJk4ez6k6fuEPO4JRWwEpYEc=,eXRjmyiTjqr3ufk0+n0BnznPlwg=
41,-13,pMNMJk4ez6k6fuEPO4JRWwEpYEc=,pgGwcfH3++EhkJ8hz/H4Yjssbe4=
41,-12,pMNMJk4ez6k6fuEPO4JRWwEpYEc=,HPD7Q+0AfKEAUqYSMSAWJ8MZBF0=
42,-12,pMNMJk4ez6k6fuEPO4JRWwEpYEc=,/UKyYCLOfcS5a7G7F0dEeif950s=
42,-14,pMNMJk4ez6k6fuEPO4JRWwEpYEc=,eXRjmyiTjqr3ufk0+n0BnznPlwg=
41,-14,pMNMJk4ez6k6fuEPO4JRWwEpYEc=,pgGwcfH3++EhkJ8hz/H4Yjssbe4=
41,-15,pMNMJk4ez6k6fuEPO4JRWwEpYEc=,137a9R2HzGkCqmrCY4X+V6/81lw=
42,-15,pMNMJk4ez6k6fuEPO4JRWwEpYEc=,VwbgdntUiFhnB1/TmnAVHKZkha0=
43,-15,pMNMJk4ez6k6fuEPO4JRWwEpYEc=,VwbgdntUiFhnB1/TmnAVHKZkha0=
43,-13,pMNMJk4ez6k6fuEPO4JRWwEpYEc=,eXRjmyiTjqr3ufk0+n0BnznPlwg=
43,-14,pMNMJk4ez6k6fuEPO4JRWwEpYEc=,eXRjmyiTjqr3ufk0+n0BnznPlwg=
44,-15,pMNMJk4ez6k6fuEPO4JRWwEpYEc=,m/0KZK/C0jUO9WPGrxotZJTv9W8=
44,-12,pMNMJk4ez6k6fuEPO4JRWwEpYEc=,11o/oU8OnOlqm40WlIh8RLBfJXE=
43,-12,pMNMJk4ez6k6fuEPO4JRWwEpYEc=,/UKyYCLOfcS5a7G7F0dEeif950s=
44,-14,pMNMJk4ez6k6fuEPO4JRWwEpYEc=,ud0hou89Jo9wQgMWee00Cw6oo50=
44,-13,pMNMJk4ez6k6fuEPO4JRWwEpYEc=,ud0hou89Jo9wQgMWee00Cw6oo50=
43,-10,pMNMJk4ez6k6fuEPO4JRWwEpYEc=,s/w094OToUxRP+BnP5iz02wLLNM=
43,-11,pMNMJk4ez6k6fuEPO4JRWwEpYEc=,/UKyYCLOfcS5a7G7F0dEeif950s=
44,-11,pMNMJk4ez6k6fuEPO4JRWwEpYEc=,11o/oU8OnOlqm40WlIh8RLBfJXE=
44,-10,pMNMJk4ez6k6fuEPO4JRWwEpYEc=,7amDgeh+8Cqb/OWsZddlYpNoMZo=
43,-9,pMNMJk4ez6k6fuEPO4JRWwEpYEc=,s/w094OToUxRP+BnP5iz02wLLNM=
44,-8,pMNMJk4ez6k6fuEPO4JRWwEpYEc=,VRtNPtrlCHj5/Mqp2OTENP86O6w=
43,-8,pMNMJk4ez6k6fuEPO4JRWwEpYEc=,6GQRbEcmOexjlkTAg+BI0In4PJA=
44,-9,pMNMJk4ez6k6fuEPO4JRWwEpYEc=,7amDgeh+8Cqb/OWsZddlYpNoMZo=
44,-6,pMNMJk4ez6k6fuEPO4JRWwEpYEc=,J1ByOLNin1FV0knAD1oT6V23qFE=
44,-7,pMNMJk4ez6k6fuEPO4JRWwEpYEc=,VRtNPtrlCHj5/Mqp2OTENP86O6w=
43,-7,pMNMJk4ez6k6fuEPO4JRWwEpYEc=,6GQRbEcmOexjlkTAg+BI0In4PJA=
43,-6,pMNMJk4ez6k6fuEPO4JRWwEpYEc=,26oCciLe4ftUxPoAEgjOFDzzyDc=
45,-8,pMNMJk4ez6k6fuEPO4JRWwEpYEc=,VRtNPtrlCHj5/Mqp2OTENP86O6w=
46,-8,pMNMJk4ez6k6fuEPO4JRWwEpYEc=,aB0AHqn/bQGM54HrjI9dwsxNpPE=
45,-9,pMNMJk4ez6k6fuEPO4JRWwEpYEc=,7amDgeh+8Cqb/OWsZddlYpNoMZo=
46,-9,pMNMJk4ez6k6fuEPO4JRWwEpYEc=,SsyVibGaRkN3wpJp+BAmOrCkczw=
46,-7,pMNMJk4ez6k6fuEPO4JRWwEpYEc=,aB0AHqn/bQGM54HrjI9dwsxNpPE=
45,-7,pMNMJk4ez6k6fuEPO4JRWwEpYEc=,VRtNPtrlCHj5/Mqp2OTENP86O6w=
45,-6,pMNMJk4ez6k6fuEPO4JRWwEpYEc=,J1ByOLNin1FV0knAD1oT6V23qFE=
46,-6,pMNMJk4ez6k6fuEPO4JRWwEpYEc=,gOwRhjLhkzewqG+TYyE7ltVqB+4=
43,-5,pMNMJk4ez6k6fuEPO4JRWwEpYEc=,26oCciLe4ftUxPoAEgjOFDzzyDc=
43,-4,pMNMJk4ez6k6fuEPO4JRWwEpYEc=,g4utuLgbFBQoK6+k0wEkNe2+FEE=
46,-4,pMNMJk4ez6k6fuEPO4JRWwEpYEc=,f1uLUxWIUQWymbnoNlGFkfnaZUs=
45,-5,pMNMJk4ez6k6fuEPO4JRWwEpYEc=,J1ByOLNin1FV0knAD1oT6V23qFE=
43,-2,pMNMJk4ez6k6fuEPO4JRWwEpYEc=,exv813RHaR+3N7tURnJMJop9njk=
43,-3,pMNMJk4ez6k6fuEPO4JRWwEpYEc=,g4utuLgbFBQoK6+k0wEkNe2+FEE=
46,-5,pMNMJk4ez6k6fuEPO4JRWwEpYEc=,gOwRhjLhkzewqG+TYyE7ltVqB+4=
44,-3,pMNMJk4ez6k6fuEPO4JRWwEpYEc=,UhZE1NKtU/jLgOX9SOoMtCc1otQ=
44,-5,pMNMJk4ez6k6fuEPO4JRWwEpYEc=,J1ByOLNin1FV0knAD1oT6V23qFE=
45,-4,pMNMJk4ez6k6fuEPO4JRWwEpYEc=,UhZE1NKtU/jLgOX9SOoMtCc1otQ=
44,-2,pMNMJk4ez6k6fuEPO4JRWwEpYEc=,4t1/UBBCGQdakSCEGKlzpzeZZB4=
44,-4,pMNMJk4ez6k6fuEPO4JRWwEpYEc=,UhZE1NKtU/jLgOX9SOoMtCc1otQ=
47,-4,pMNMJk4ez6k6fuEPO4JRWwEpYEc=,f1uLUxWIUQWymbnoNlGFkfnaZUs=
47,-7,pMNMJk4ez6k6fuEPO4JRWwEpYEc=,aB0AHqn/bQGM54HrjI9dwsxNpPE=
47,-5,pMNMJk4ez6k6fuEPO4JRWwEpYEc=,gOwRhjLhkzewqG+TYyE7ltVqB+4=
47,-6,pMNMJk4ez6k6fuEPO4JRWwEpYEc=,gOwRhjLhkzewqG+TYyE7ltVqB+4=
47,-9,pMNMJk4ez6k6fuEPO4JRWwEpYEc=,SsyVibGaRkN3wpJp+BAmOrCkczw=
47,-8,pMNMJk4ez6k6fuEPO4JRWwEpYEc=,aB0AHqn/bQGM54HrjI9dwsxNpPE=
45,-1,IWZuRa6aX+Wl8k0TSWBy8WIQRT4=,4t1/UBBCGQdakSCEGKlzpzeZZB4=
46,-3,IWZuRa6aX+Wl8k0TSWBy8WIQRT4=,f1uLUxWIUQWymbnoNlGFkfnaZUs=
46,-2,IWZuRa6aX+Wl8k0TSWBy8WIQRT4=,9NLp5Z2KF+e7QDME5RvhdtviYj8=
47,-3,IWZuRa6aX+Wl8k0TSWBy8WIQRT4=,f1uLUxWIUQWymbnoNlGFkfnaZUs=
45,-3,IWZuRa6aX+Wl8k0TSWBy8WIQRT4=,UhZE1NKtU/jLgOX9SOoMtCc1otQ=
47,-2,IWZuRa6aX+Wl8k0TSWBy8WIQRT4=,9NLp5Z2KF+e7QDME5RvhdtviYj8=
46,-1,IWZuRa6aX+Wl8k0TSWBy8WIQRT4=,9NLp5Z2KF+e7QDME5RvhdtviYj8=
45,-2,IWZuRa6aX+Wl8k0TSWBy8WIQRT4=,4t1/UBBCGQdakSCEGKlzpzeZZB4=
47,-11,IWZuRa6aX+Wl8k0TSWBy8WIQRT4=,8NmgB2h4KGVh/KKiUKJvp5rZcY8=
46,-10,IWZuRa6aX+Wl8k0TSWBy8WIQRT4=,SsyVibGaRkN3wpJp+BAmOrCkczw=
45,-10,IWZuRa6aX+Wl8k0TSWBy8WIQRT4=,7amDgeh+8Cqb/OWsZddlYpNoMZo=
46,-12,IWZuRa6aX+Wl8k0TSWBy8WIQRT4=,8NmgB2h4KGVh/KKiUKJvp5rZcY8=
47,-12,IWZuRa6aX+Wl8k0TSWBy8WIQRT4=,8NmgB2h4KGVh/KKiUKJvp5rZcY8=
46,-11,IWZuRa6aX+Wl8k0TSWBy8WIQRT4=,8NmgB2h4KGVh/KKiUKJvp5rZcY8=
47,-10,IWZuRa6aX+Wl8k0TSWBy8WIQRT4=,SsyVibGaRkN3wpJp+BAmOrCkczw=
46,-13,IWZuRa6aX+Wl8k0TSWBy8WIQRT4=,y2nKtrUu+BeALgOMYxKmaikgrSk=
47,-13,IWZuRa6aX+Wl8k0TSWBy8WIQRT4=,y2nKtrUu+BeALgOMYxKmaikgrSk=
45,-13,IWZuRa6aX+Wl8k0TSWBy8WIQRT4=,ud0hou89Jo9wQgMWee00Cw6oo50=
45,-11,IWZuRa6aX+Wl8k0TSWBy8WIQRT4=,11o/oU8OnOlqm40WlIh8RLBfJXE=
45,-12,IWZuRa6aX+Wl8k0TSWBy8WIQRT4=,11o/oU8OnOlqm40WlIh8RLBfJXE=
47,-16,IWZuRa6aX+Wl8k0TSWBy8WIQRT4=,002KZE2fgnCJ3lAbuJztsYG/uSA=
47,-15,IWZuRa6aX+Wl8k0TSWBy8WIQRT4=,002KZE2fgnCJ3lAbuJztsYG/uSA=
46,-16,IWZuRa6aX+Wl8k0TSWBy8WIQRT4=,002KZE2fgnCJ3lAbuJztsYG/uSA=
46,-15,IWZuRa6aX+Wl8k0TSWBy8WIQRT4=,002KZE2fgnCJ3lAbuJztsYG/uSA=
45,-14,IWZuRa6aX+Wl8k0TSWBy8WIQRT4=,ud0hou89Jo9wQgMWee00Cw6oo50=
42,-1,IWZuRa6aX+Wl8k0TSWBy8WIQRT4=,exv813RHaR+3N7tURnJMJop9njk=
46,-14,IWZuRa6aX+Wl8k0TSWBy8WIQRT4=,y2nKtrUu+BeALgOMYxKmaikgrSk=
47,-14,IWZuRa6aX+Wl8k0TSWBy8WIQRT4=,y2nKtrUu+BeALgOMYxKmaikgrSk=
45,-15,IWZuRa6aX+Wl8k0TSWBy8WIQRT4=,m/0KZK/C0jUO9WPGrxotZJTv9W8=
41,-1,IWZuRa6aX+Wl8k0TSWBy8WIQRT4=,t3hq5v1a6BoogC979RGegmL8Flc=
43,-1,IWZuRa6aX+Wl8k0TSWBy8WIQRT4=,exv813RHaR+3N7tURnJMJop9njk=
44,-1,IWZuRa6aX+Wl8k0TSWBy8WIQRT4=,4t1/UBBCGQdakSCEGKlzpzeZZB4=
47,-1,IWZuRa6aX+Wl8k0TSWBy8WIQRT4=,9NLp5Z2KF+e7QDME5RvhdtviYj8=
44,-16,IWZuRa6aX+Wl8k0TSWBy8WIQRT4=,m/0KZK/C0jUO9WPGrxotZJTv9W8=
40,-16,IWZuRa6aX+Wl8k0TSWBy8WIQRT4=,137a9R2HzGkCqmrCY4X+V6/81lw=
45,-16,IWZuRa6aX+Wl8k0TSWBy8WIQRT4=,m/0KZK/C0jUO9WPGrxotZJTv9W8=
32,-12,IWZuRa6aX+Wl8k0TSWBy8WIQRT4=,8BrSVn8ysP/3CoXnbNOlVpa9dOA=
32,-13,IWZuRa6aX+Wl8k0TSWBy8WIQRT4=,NQophrlfyL+q9hPkOxClVYQtaZA=
39,-16,IWZuRa6aX+Wl8k0TSWBy8WIQRT4=,7mZ3/F/azdJhfN2tBh20ei+vle4=
32,-1,IWZuRa6aX+Wl8k0TSWBy8WIQRT4=,tSCBuRErBo0zZ6GVrwIpbIGlqoo=
43,-16,IWZuRa6aX+Wl8k0TSWBy8WIQRT4=,VwbgdntUiFhnB1/TmnAVHKZkha0=
42,-16,IWZuRa6aX+Wl8k0TSWBy8WIQRT4=,VwbgdntUiFhnB1/TmnAVHKZkha0=
32,-11,IWZuRa6aX+Wl8k0TSWBy8WIQRT4=,8BrSVn8ysP/3CoXnbNOlVpa9dOA=
32,-6,IWZuRa6aX+Wl8k0TSWBy8WIQRT4=,h5dtilp9+s3J3EXlMEZsjb6Q2As=
32,-5,IWZuRa6aX+Wl8k0TSWBy8WIQRT4=,h5dtilp9+s3J3EXlMEZsjb6Q2As=
41,-16,IWZuRa6aX+Wl8k0TSWBy8WIQRT4=,137a9R2HzGkCqmrCY4X+V6/81lw=
32,-4,IWZuRa6aX+Wl8k0TSWBy8WIQRT4=,tO8YZziGkrq+jjxIEGfO2DjAbVs=
32,-16,IWZuRa6aX+Wl8k0TSWBy8WIQRT4=,sjRqpkC1ShmhzSHK/M4nDP/V/vk=
32,-10,IWZuRa6aX+Wl8k0TSWBy8WIQRT4=,kMbApsxE0DpqVzHPu/fHk6RCK30=
32,-8,IWZuRa6aX+Wl8k0TSWBy8WIQRT4=,MScG7Qz5iYp2IHBcCTvKQ+4zD70=
32,-7,IWZuRa6aX+Wl8k0TSWBy8WIQRT4=,MScG7Qz5iYp2IHBcCTvKQ+4zD70=
32,-9,IWZuRa6aX+Wl8k0TSWBy8WIQRT4=,kMbApsxE0DpqVzHPu/fHk6RCK30=
